[WebServer] (node:86270) Warning: The 'NO_COLOR' env is ignored due to the 'FORCE_COLOR' env being set.
[WebServer] (Use `node --trace-warnings ...` to show where the warning was created)

Running 825 tests using 4 workers

(node:86272) Warning: The 'NO_COLOR' env is ignored due to the 'FORCE_COLOR' env being set.
(Use `node --trace-warnings ...` to show where the warning was created)
(node:86275) Warning: The 'NO_COLOR' env is ignored due to the 'FORCE_COLOR' env being set.
(Use `node --trace-warnings ...` to show where the warning was created)
(node:86274) Warning: The 'NO_COLOR' env is ignored due to the 'FORCE_COLOR' env being set.
(Use `node --trace-warnings ...` to show where the warning was created)
(node:86273) Warning: The 'NO_COLOR' env is ignored due to the 'FORCE_COLOR' env being set.
(Use `node --trace-warnings ...` to show where the warning was created)
  ✓    4 [chromium] › tests/e2e/audio-import.spec.ts:46:1 › one sound added after selecting SD2 loads into SD2 rather than the first matching snare pad (1.5s)
  ✓    3 [chromium] › tests/e2e/audio-import.spec.ts:56:1 › Replace on a loaded pad proposes that pad and applies the replacement (1.5s)
  ✓    2 [chromium] › tests/e2e/audio-import.spec.ts:35:1 › desktop row multi-chooser is one reviewed batch with collision-free explicit pads (1.5s)
  ✓    1 [chromium] › tests/e2e/audio-import.spec.ts:11:1 › actual codec files stay truthful through chooser review, one Apply, and Undo (1.6s)
  ✓    5 [chromium] › tests/e2e/audio-import.spec.ts:70:1 › actual chooser sends unknown-extension, empty, and unsupported files to shared review classification (864ms)
  ✓    7 [chromium] › tests/e2e/audio-import.spec.ts:88:1 › a captured nested drop keeps a valid sibling and reports the blocked child (929ms)
  -   10 [chromium] › tests/e2e/auto-sampling.spec.ts:8:1 › production Chromium captures an exact synthetic MIDI range through only explicit fake audio and MIDI devices
  ✓    8 [chromium] › tests/e2e/audio-settings-audit.spec.ts:3:56 › drum audio output controls and normalization retain Undo behavior (1.6s)
  ✓   11 [chromium] › tests/e2e/demo-control-audit.spec.ts:4:1 › demo add replace cancel and Undo preserve the existing instrument (1.1s)
  ✓   12 [chromium] › tests/e2e/demo-control-audit.spec.ts:19:1 › first preset guide exports through preflight and remembers dismissal (810ms)
  ✓    9 [chromium] › tests/e2e/audio-settings-audit.spec.ts:3:56 › multisample audio output controls and normalization retain Undo behavior (1.6s)
  ✓   14 [chromium] › tests/e2e/drum-pad-access.spec.ts:5:3 › desktop drum workbench keeps both banks beside the editor at 1440px (653ms)
  ✓   15 [chromium] › tests/e2e/drum-pad-access.spec.ts:5:3 › desktop drum workbench keeps both banks beside the editor at 1024px (648ms)
  ✓   13 [chromium] › tests/e2e/devices-workspace.spec.ts:16:1 › Devices keeps setup actions silent, honors route locks, and rejects a stale selected output (1.3s)
  ✓   17 [chromium] › tests/e2e/drum-pad-access.spec.ts:35:3 › all desktop drum pads remain reachable at 900px (738ms)
  ✓   16 [chromium] › tests/e2e/drum-pad-access.spec.ts:35:3 › all desktop drum pads remain reachable at 1280px (754ms)
  ✓   18 [chromium] › tests/e2e/drum-pad-access.spec.ts:35:3 › all desktop drum pads remain reachable at 770px (768ms)
  ✓   20 [chromium] › tests/e2e/drum-pad-access.spec.ts:107:1 › loaded labels remain legible on the narrow drum keys (678ms)
  ✓   19 [chromium] › tests/e2e/drum-pad-access.spec.ts:78:1 › phone bank controls still expose all 24 drum slots (857ms)
  ✓   21 [chromium] › tests/e2e/drum-row-actions-audit.spec.ts:3:31 › drum 1440px row Play Record Slice and settings preview retain the instrument (1.1s)
  ✓   23 [chromium] › tests/e2e/envelope-control-audit.spec.ts:3:1 › envelope knobs keyboard edit Undo and preset randomization remain coherent (1.1s)
  ✓    6 [chromium] › tests/e2e/audio-import.spec.ts:81:1 › malformed patch settings are rejected in both modes without changing settings (6.3s)
  ✓   24 [chromium] › tests/e2e/envelope-control-audit.spec.ts:13:1 › multisample disclosures and loop controls support keyboard edits and Undo (910ms)
  ✓   25 [chromium] › tests/e2e/export-workflow.spec.ts:54:1 › a kit with empty pads exports the same pad assignments (1.0s)
  ✓   26 [chromium] › tests/e2e/export-workflow.spec.ts:63:1 › same-name samples remain distinct audio files in the downloaded kit (969ms)
  ✓   28 [chromium] › tests/e2e/export-workflow.spec.ts:99:1 › an older saved session can be restored after reload with its pad assignments (1.2s)
  ✓   27 [chromium] › tests/e2e/export-workflow.spec.ts:75:1 › imported multisample settings survive the real upload and export flow (1.9s)
  ✓   29 [chromium] › tests/e2e/export-workflow.spec.ts:120:1 › a failed autosave offers a retry that saves the current work (1.0s)
  ✓   32 [chromium] › tests/e2e/export-workflow.spec.ts:219:1 › settings-only work is offered for recovery after reload (1.3s)
  ✓   31 [chromium] › tests/e2e/export-workflow.spec.ts:190:1 › portable project restores sparse audio and its import can be undone (2.0s)
  ✓   33 [chromium] › tests/e2e/export-workflow.spec.ts:232:1 › keyboard undo and redo restore whole audio loads without changing pad banks (1.1s)
  ✓   22 [chromium] › tests/e2e/drum-row-actions-audit.spec.ts:3:31 › drum 390px row Play Record Slice and settings preview retain the instrument (6.1s)
  ✓   34 [chromium] › tests/e2e/export-workflow.spec.ts:252:1 › preset import undoes atomically and confirmation keeps project shortcuts blocked (899ms)
  ✓   30 [chromium] › tests/e2e/export-workflow.spec.ts:147:1 › library reload restores saved multisample settings and keeps the drum kit (3.4s)
  ✓   36 [chromium] › tests/e2e/file-entry-audit.spec.ts:9:56 › drum Browse folder reviews files and Cancel keeps the empty instrument (776ms)
  ✓   35 [chromium] › tests/e2e/export-workflow.spec.ts:287:1 › malformed project backup leaves the current sparse project untouched (1.1s)
  ✓   37 [chromium] › tests/e2e/file-entry-audit.spec.ts:9:56 › multisample Browse folder reviews files and Cancel keeps the empty instrument (929ms)
  ✓   38 [chromium] › tests/e2e/file-entry-audit.spec.ts:16:1 › multisample patch settings chooser imports atomically and supports Undo (928ms)
  ✓   39 [chromium] › tests/e2e/file-entry-audit.spec.ts:19:1 › drum import rejects malformed OP-1 files, auditions unassigned audio, and opens setup help (966ms)
  ✓   40 [chromium] › tests/e2e/file-entry-audit.spec.ts:25:1 › mobile empty drum table browse loads the chosen pad (807ms)
  ✓   41 [chromium] › tests/e2e/file-entry-audit.spec.ts:29:1 › multisample import inclusion and root edits commit together and Undo (1.0s)
  ✓   43 [chromium] › tests/e2e/file-entry-audit.spec.ts:47:1 › multisample zone selection and note naming do not change roots (926ms)
  ✓   42 [chromium] › tests/e2e/file-entry-audit.spec.ts:35:1 › export preflight edits name and includes unassigned sound only when requested (1.2s)
  ✓   44 [chromium] › tests/e2e/file-entry-audit.spec.ts:52:31 › multisample empty table 1440px browse and waveform draft cancellation (1.4s)
  ✓   47 [chromium] › tests/e2e/file-entry-audit.spec.ts:61:1 › wide drum MIDI audition channel persists with an isolated MIDI stub (690ms)
  ✓   46 [chromium] › tests/e2e/file-entry-audit.spec.ts:56:1 › organize row drops choose the intended empty pads (966ms)
  ✓   45 [chromium] › tests/e2e/file-entry-audit.spec.ts:52:31 › multisample empty table 390px browse and waveform draft cancellation (1.4s)
  ✓   48 [chromium] › tests/e2e/file-entry-audit.spec.ts:66:1 › an empty multisample key selects the root for the nearby Add sounds chooser (1.3s)
  ✓   49 [chromium] › tests/e2e/file-entry-audit.spec.ts:70:1 › sample settings waveform drag is saved once and Undo restores markers (1.1s)
  ✓   51 [chromium] › tests/e2e/focus-control-audit.spec.ts:28:1 › focused drum moves a sound to an empty pad then Undo restores its position (830ms)
  ✓   50 [chromium] › tests/e2e/focus-control-audit.spec.ts:4:1 › focused drum controls persist modes trim and slider gestures with Undo (1.1s)
  ✓   55 [chromium] › tests/e2e/guide-control-audit.spec.ts:3:79 › guided Multisample a synth navigation help and import entry (559ms)
  ✓   52 [chromium] › tests/e2e/focus-control-audit.spec.ts:43:1 › focused drum clear cancellation preserves sound and confirmation is undoable (1.0s)
  ✓   53 [chromium] › tests/e2e/focus-entry-audit.spec.ts:5:56 › drum focus import record and clear entry points preserve reviewed audio (1.2s)
  ✓   56 [chromium] › tests/e2e/guide-control-audit.spec.ts:3:79 › guided Sample a sound navigation help and import entry (572ms)
  ✓   54 [chromium] › tests/e2e/focus-entry-audit.spec.ts:5:56 › multisample focus import record and clear entry points preserve reviewed audio (1.3s)
  -   60 [chromium] › tests/e2e/guided-multisample-flow.spec.ts:5:88 › guided hardware flow checks captures and finishes with Continue editing
  ✓   57 [chromium] › tests/e2e/guide-control-audit.spec.ts:3:79 › guided Build a drum kit navigation help and import entry (415ms)
  -   61 [chromium] › tests/e2e/guided-multisample-flow.spec.ts:5:88 › guided hardware flow checks captures and finishes with Save to library
  -   62 [chromium] › tests/e2e/guided-multisample-flow.spec.ts:5:88 › guided hardware flow checks captures and finishes with Review OP-XY export
  ✓   58 [chromium] › tests/e2e/guide-control-audit.spec.ts:22:1 › transfer actions open the expected workspace (397ms)
  ✓   59 [chromium] › tests/e2e/guide-control-audit.spec.ts:30:1 › guided Back controls retain task choice without opening a recorder (468ms)
  ✓   66 [chromium] › tests/e2e/keyboard-platform.spec.ts:4:1 › native full-control keyboard navigation reaches buttons after heading focus (182ms)
  ✓   65 [chromium] › tests/e2e/instrument-utility-audit.spec.ts:31:1 › drum organize control reveals both row drop zones and returns to playing (744ms)
  ✓   63 [chromium] › tests/e2e/instrument-utility-audit.spec.ts:7:56 › drum clear reset defaults and pin controls preserve Undo and persistence (2.1s)
  ✓   64 [chromium] › tests/e2e/instrument-utility-audit.spec.ts:7:56 › multisample clear reset defaults and pin controls preserve Undo and persistence (2.4s)
  ✓   68 [chromium] › tests/e2e/library-control-audit.spec.ts:6:31 › library 1440px cancel details collections download and confirmed deletion (2.7s)
  ✓   69 [chromium] › tests/e2e/library-control-audit.spec.ts:6:31 › library 390px cancel details collections download and confirmed deletion (2.4s)
  ✓   70 [chromium] › tests/e2e/library-order-audit.spec.ts:3:31 › library 1440px favorites and collection down/remove retain saved presets (2.4s)
  ✓   67 [chromium] › tests/e2e/library-collections.spec.ts:48:1 › collections retain mixed presets and export every member despite a search filter (4.4s)
  ✓   74 [chromium] › tests/e2e/loop-editor.spec.ts:154:1 › portrait touch opens the responsive editor without a rotation gate (884ms)
  ✓   71 [chromium] › tests/e2e/library-order-audit.spec.ts:3:31 › library 390px favorites and collection down/remove retain saved presets (2.6s)
  ✓   75 [chromium] › tests/e2e/loop-editor.spec.ts:165:1 › drum table opens the same frame editor and Cancel preserves its markers (905ms)
  ✓   76 [chromium] › tests/e2e/loop-editor.spec.ts:178:1 › waveform surface opens zoom and Escape preserves existing markers (742ms)
  ✓   73 [chromium] › tests/e2e/loop-editor.spec.ts:68:1 › zoom editor saves one atomic half-open edit and exports real converted loop bytes (2.2s)
  ✓   77 [chromium] › tests/e2e/marker-actions-audit.spec.ts:5:56 › drum zero-crossing action changes markers atomically and Undo restores them (1.1s)
  ✓   78 [chromium] › tests/e2e/marker-actions-audit.spec.ts:5:56 › multisample zero-crossing action changes markers atomically and Undo restores them (982ms)
  ✓   79 [chromium] › tests/e2e/mobile-row-drop-audit.spec.ts:5:1 › dropping onto an occupied mobile multisample row requires review and Cancel preserves it (870ms)
  ✓   81 [chromium] › tests/e2e/modal-cancellation-audit.spec.ts:11:1 › recording connection checklist and official track links are reachable without hardware (1.6s)
  ✓   80 [chromium] › tests/e2e/modal-cancellation-audit.spec.ts:4:1 › Escape discards demo and library dialog drafts without changing saved content (1.9s)
  ✓   83 [chromium] › tests/e2e/multisample-table-audit.spec.ts:7:31 › multisample table 1440px root editing replace clear and Undo (1.3s)
  ✓   82 [chromium] › tests/e2e/modal-cancellation-audit.spec.ts:16:1 › instrument and library help tooltips reveal explanations and dismiss on pointer exit (2.9s)
  ✓   84 [chromium] › tests/e2e/multisample-table-audit.spec.ts:7:31 › multisample table 390px root editing replace clear and Undo (1.6s)
  ✓   85 [chromium] › tests/e2e/multisample-table-audit.spec.ts:32:131 › multisample table 1440px supports keyboard audition (846ms)
  ✓   86 [chromium] › tests/e2e/multisample-table-audit.spec.ts:32:131 › multisample table 390px supports keyboard audition (854ms)
  ✓   87 [chromium] › tests/e2e/multisample-table-audit.spec.ts:32:131 › multisample table 1440px supports keyboard audition while the audio clock advances (919ms)
  ✓   72 [chromium] › tests/e2e/library-workflow.spec.ts:14:1 › library details persist and sample previews leave the working instrument unchanged (8.0s)
  ✓   89 [chromium] › tests/e2e/recording.spec.ts:92:1 › manual Start and Stop can repeat, and Cancel releases every input without changing the project (1.1s)
  ✓   90 [chromium] › tests/e2e/recording.spec.ts:106:34 › recorder keeps actions visible and owns discard focus at 390px (1.4s)
  ✓   92 [chromium] › tests/e2e/settings-control-audit.spec.ts:7:3 › drum: every persisted preset select option is editable and undoable (864ms)
  ✓   91 [chromium] › tests/e2e/recording.spec.ts:106:34 › recorder keeps actions visible and owns discard focus at 1280px (1.3s)
  ✓   93 [chromium] › tests/e2e/settings-control-audit.spec.ts:32:3 › drum: every visible preset slider supports keyboard change and undo (939ms)
  ✓   88 [chromium] › tests/e2e/recording.spec.ts:59:1 › records two sound-triggered PCM takes, applies one, preserves one, and archives exact recording metadata (2.9s)
  ✓   97 [chromium] › tests/e2e/settings-control-audit.spec.ts:64:1 › repeated Back while recording does not grow browser history (711ms)
  ✓   95 [chromium] › tests/e2e/settings-control-audit.spec.ts:32:3 › multisample: every visible preset slider supports keyboard change and undo (1.6s)
  ✓   98 [chromium] › tests/e2e/shell-utility-audit.spec.ts:4:1 › theme picker persists explicit choices and follows system changes (327ms)
  ✓   96 [chromium] › tests/e2e/settings-control-audit.spec.ts:55:1 › Project menu Open library synchronizes the route and survives reload (1.5s)
  ✓   94 [chromium] › tests/e2e/settings-control-audit.spec.ts:7:3 › multisample: every persisted preset select option is editable and undoable (2.7s)
  ✓  102 [chromium] › tests/e2e/slicing.spec.ts:245:1 › edited slicing session survives browser Back until explicitly discarded (766ms)
  ✓   99 [chromium] › tests/e2e/shell-utility-audit.spec.ts:13:1 › start new discards the offered session while retaining library presets (1.9s)
  ✓  100 [chromium] › tests/e2e/slicing.spec.ts:76:1 › direct slice replacement and existing-pad unassignment preserve originals, cancel, and atomic Undo/Redo (2.5s)
  ✓  103 [chromium] › tests/e2e/slicing.spec.ts:262:3 › slicer groups, disclosure keyboard access and fixed footer at 1280x720 (907ms)
  -  105 [chromium] › tests/e2e/stem-recording-device.spec.ts:5:1 › generated audio through the real worklet produces reviewed WAVs and a ZIP
  ✓  104 [chromium] › tests/e2e/slicing.spec.ts:262:3 › slicer groups, disclosure keyboard access and fixed footer at 390x640 (932ms)
  ✓  108 [chromium] › tests/e2e/studio-appearance.spec.ts:48:3 › studio appearance › defaults to Field, persists OP-XY across reload, and falls back for an invalid value (361ms)
  ✓  106 [chromium] › tests/e2e/stem-recording.spec.ts:3:1 › track recording entry opens the production beginner workflow (551ms)
  ✓  107 [chromium] › tests/e2e/stem-recording.spec.ts:5:1 › unsupported browser path stays readable and does not offer product simulation (542ms)
  ✓  109 [chromium] › tests/e2e/studio-appearance.spec.ts:74:3 › studio appearance › blocked presentation storage still renders and switches in memory (240ms)
  ✓  110 [chromium] › tests/e2e/studio-appearance.spec.ts:88:3 › studio appearance › Theme and Appearance are independent in both directions (333ms)
  ✓  113 [chromium] › tests/e2e/studio-appearance.spec.ts:206:3 › studio appearance › keyboard: one tab stop, arrows select, focus ring visible, 44px targets (385ms)
  ✓  112 [chromium] › tests/e2e/studio-appearance.spec.ts:178:3 › studio appearance › waveform canvases repaint with the new appearance tokens (832ms)
  ✓  111 [chromium] › tests/e2e/studio-appearance.spec.ts:117:3 › studio appearance › switching with an edited demo kit keeps route, samples, edits, undo and focus (1.1s)
  ✓  115 [chromium] › tests/e2e/studio-appearance.spec.ts:289:5 › studio appearance › OP-XY launch artwork labels and useful outlines stay legible on black (light) (221ms)
  ✓  116 [chromium] › tests/e2e/studio-appearance.spec.ts:289:5 › studio appearance › OP-XY launch artwork labels and useful outlines stay legible on black (dark) (223ms)
  ✓  101 [chromium] › tests/e2e/slicing.spec.ts:124:1 › slice source, live clock mark, apply, export, undo, and portable provenance round trip (4.2s)
  ✓  117 [chromium] › tests/e2e/studio-appearance.spec.ts:304:5 › studio appearance › header brand and settings stay readable at 390px in both appearances (440ms)
  ✓  118 [chromium] › tests/e2e/studio-appearance.spec.ts:304:5 › studio appearance › header brand and settings stay readable at 834px in both appearances (454ms)
  ✓  114 [chromium] › tests/e2e/studio-appearance.spec.ts:253:3 › studio appearance › multisample: switching keeps the imported zone, a root-note edit and its undo (1.2s)
  ✓  119 [chromium] › tests/e2e/studio-appearance.spec.ts:304:5 › studio appearance › header brand and settings stay readable at 1024px in both appearances (498ms)
  ✓  120 [chromium] › tests/e2e/studio-appearance.spec.ts:304:5 › studio appearance › header brand and settings stay readable at 1280px in both appearances (499ms)
  ✓  121 [chromium] › tests/e2e/studio-appearance.spec.ts:304:5 › studio appearance › header brand and settings stay readable at 1440px in both appearances (480ms)
  ✓  124 [chromium] › tests/e2e/studio-design-contract.spec.ts:54:3 › unified launch surface › desktop: one horizontal header, one launch row, gear strip, then secondary shortcuts (386ms)
  ✓  125 [chromium] › tests/e2e/studio-design-contract.spec.ts:131:3 › unified launch surface › keyboard order follows the launch hierarchy and every target is operable (681ms)
  ✓  127 [chromium] › tests/e2e/studio-design-contract.spec.ts:205:3 › unified launch surface › semantic colour: neutral actions, cyan loaded, orange selected, red destructive (697ms)
  ✓  128 [chromium] › tests/e2e/studio-design-contract.spec.ts:237:3 › unified launch surface › build identity is exposed and matches the server that delivered it (165ms)
  ✓  123 [chromium] › tests/e2e/studio-appearance.spec.ts:328:5 › studio appearance › OP-XY screens render without horizontal overflow at 390px (2.0s)
  ✓  122 [chromium] › tests/e2e/studio-appearance.spec.ts:328:5 › studio appearance › OP-XY screens render without horizontal overflow at 1440px (2.0s)
  ✓  129 [chromium] › tests/e2e/studio-design-contract.spec.ts:255:3 › narrow launch and drum workbench › medium launch uses two equal rows with aligned actions (238ms)
  ✓  130 [chromium] › tests/e2e/studio-design-contract.spec.ts:270:3 › narrow launch and drum workbench › narrow launch stacks modules without overflow and keeps 44px targets (408ms)
  ✓  131 [chromium] › tests/e2e/studio-design-contract.spec.ts:291:5 › narrow launch and drum workbench › desktop drum workbench at 1440px: compact header zone, stacked banks left, editor right, quiet EMPTY labels (394ms)
  ✓  132 [chromium] › tests/e2e/studio-design-contract.spec.ts:291:5 › narrow launch and drum workbench › desktop drum workbench at 1024px: compact header zone, stacked banks left, editor right, quiet EMPTY labels (378ms)
  ✓  126 [chromium] › tests/e2e/studio-design-contract.spec.ts:161:3 › unified launch surface › task calls to action open their tools directly; setup guidance stays optional (2.1s)
  ✓  134 [chromium] › tests/e2e/studio-design-contract.spec.ts:338:5 › narrow launch and drum workbench › drum workbench collapses to one column without overflow at 390px (265ms)
  ✓  133 [chromium] › tests/e2e/studio-design-contract.spec.ts:338:5 › narrow launch and drum workbench › drum workbench collapses to one column without overflow at 900px (288ms)
  ✓  138 [chromium] › tests/e2e/studio-light-appearance.spec.ts:437:3 › OP-XY light appearance › field and dark presentations keep their own page tokens (329ms)
  ✓  139 [chromium] › tests/e2e/studio-shell.spec.ts:3:1 › desktop studio uses the available width and has one brand header (211ms)
  ✓  140 [chromium] › tests/e2e/studio-shell.spec.ts:14:1 › overview does not load the drum editor until it is opened (1.0s)
  ✓  135 [chromium] › tests/e2e/studio-light-appearance.spec.ts:206:7 › OP-XY light appearance › 390px › overview, create, transfer, devices and help (2.4s)
  ✓  136 [chromium] › tests/e2e/studio-light-appearance.spec.ts:206:7 › OP-XY light appearance › 1440px › overview, create, transfer, devices and help (2.4s)
  ✓  141 [chromium] › tests/e2e/studio-shell.spec.ts:24:1 › overview defers device and recording workspaces until requested (996ms)
  ✓  144 [chromium] › tests/e2e/studio-shell.spec.ts:34:1 › top-level workspace navigation survives reload and browser Back (688ms)
  ✓  145 [chromium] › tests/e2e/studio-shell.spec.ts:49:1 › single-sample path reaches manual recording; Help search and navigation preserve the recorder (1.3s)
  ✓  143 [chromium] › tests/e2e/studio-light-appearance.spec.ts:245:7 › OP-XY light appearance › 1440px › drum editor: empty, demo loaded, selection, settings, dialogs (2.4s)
  ✓  146 [chromium] › tests/e2e/studio-shell.spec.ts:85:1 › automatic multisampling and drum setup reach their actual recorders (1.5s)
  ✓  148 [chromium] › tests/e2e/studio-shell.spec.ts:105:1 › management distinguishes an editable project from library and device export (300ms)
  ✓  149 [chromium] › tests/e2e/studio-shell.spec.ts:118:1 › narrow Overview and Help retain usable navigation without page overflow (179ms)
  ✓  150 [chromium] › tests/e2e/studio-shell.spec.ts:131:1 › route focus keeps narrow navigation visible and uses the shell as the only workspace map (361ms)
  ✓  137 [chromium] › tests/e2e/studio-light-appearance.spec.ts:348:3 › OP-XY light appearance › 1056px: loaded focus editors fit their column; bulk edit keeps heading and actions in view (7.0s)
  ✓  152 [chromium] › tests/e2e/studio-light-appearance.spec.ts:404:5 › OP-XY light appearance › 390px library filters: full-width search, unclipped type and sort, visible favorites (402ms)
  ✓  153 [chromium] › tests/e2e/studio-light-appearance.spec.ts:404:5 › OP-XY light appearance › 320px library filters: full-width search, unclipped type and sort, visible favorites (324ms)
  ✓  151 [chromium] › tests/e2e/studio-workspace.spec.ts:35:1 › Studio Seed plays, edits atomically, restores, and exports its sparse ten-voice map (1.2s)
  ✓  154 [chromium] › tests/e2e/studio-light-appearance.spec.ts:427:3 › OP-XY light appearance › stem recorder dialog (1440px) (654ms)
  ✓  156 [chromium] › tests/e2e/support-links-audit.spec.ts:12:1 › remote post links use validated destinations with a synthetic feed (354ms)
  ✓  147 [chromium] › tests/e2e/studio-light-appearance.spec.ts:289:7 › OP-XY light appearance › 1440px › multisample editor: empty, loaded zone, MIDI panel, settings, recorder (4.9s)
  ✓  157 [chromium] › tests/e2e/table-control-audit.spec.ts:5:3 › drum table 1440px settings Save Cancel and Undo preserve edits (1.2s)
  ✓  142 [chromium] › tests/e2e/studio-light-appearance.spec.ts:245:7 › OP-XY light appearance › 390px › drum editor: empty, demo loaded, selection, settings, dialogs (8.1s)
  ✓  155 [chromium] › tests/e2e/support-links-audit.spec.ts:4:1 › support and footer links open their declared destinations without external requests (2.6s)
  ✓  159 [chromium] › tests/e2e/table-control-audit.spec.ts:36:3 › drum table 1440px clear and undo restore a loaded pad (841ms)
  ✓  162 [chromium] › tests/e2e/table-control-audit.spec.ts:36:3 › drum table 390px clear and undo restore a loaded pad (860ms)
  ✓  161 [chromium] › tests/e2e/table-control-audit.spec.ts:5:3 › drum table 390px settings Save Cancel and Undo preserve edits (1.1s)
  ✓  158 [chromium] › tests/e2e/studio-light-appearance.spec.ts:325:7 › OP-XY light appearance › 1440px › library: empty and saved entry with selection (2.3s)
(node:86585) Warning: The 'NO_COLOR' env is ignored due to the 'FORCE_COLOR' env being set.
(Use `node --trace-warnings ...` to show where the warning was created)
  ✓  163 [chromium] › tests/e2e/table-control-audit.spec.ts:50:1 › bulk editing all ten demo sounds is one undoable operation (829ms)
  ✓  164 [chromium] › tests/e2e/virtual-keyboard-access.spec.ts:4:1 › virtual notes support roving focus, visible focus and empty-note selection (727ms)
(node:86587) Warning: The 'NO_COLOR' env is ignored due to the 'FORCE_COLOR' env being set.
(Use `node --trace-warnings ...` to show where the warning was created)
(node:86591) Warning: The 'NO_COLOR' env is ignored due to the 'FORCE_COLOR' env being set.
(Use `node --trace-warnings ...` to show where the warning was created)
  ✓  160 [chromium] › tests/e2e/studio-light-appearance.spec.ts:289:7 › OP-XY light appearance › 390px › multisample editor: empty, loaded zone, MIDI panel, settings, recorder (4.4s)
  ✓  166 [firefox] › tests/e2e/audio-import.spec.ts:35:1 › desktop row multi-chooser is one reviewed batch with collision-free explicit pads (2.7s)
  ✓  165 [firefox] › tests/e2e/audio-import.spec.ts:11:1 › actual codec files stay truthful through chooser review, one Apply, and Undo (3.6s)
  ✓  167 [firefox] › tests/e2e/audio-import.spec.ts:46:1 › one sound added after selecting SD2 loads into SD2 rather than the first matching snare pad (2.5s)
  ✓  168 [chromium] › tests/e2e/studio-light-appearance.spec.ts:325:7 › OP-XY light appearance › 390px › library: empty and saved entry with selection (2.2s)
(node:86624) Warning: The 'NO_COLOR' env is ignored due to the 'FORCE_COLOR' env being set.
(Use `node --trace-warnings ...` to show where the warning was created)
  ✓  170 [firefox] › tests/e2e/audio-import.spec.ts:70:1 › actual chooser sends unknown-extension, empty, and unsupported files to shared review classification (1.3s)
  ✓  169 [firefox] › tests/e2e/audio-import.spec.ts:56:1 › Replace on a loaded pad proposes that pad and applies the replacement (2.7s)
  ✓  173 [firefox] › tests/e2e/audio-settings-audit.spec.ts:3:56 › drum audio output controls and normalization retain Undo behavior (2.7s)
  -  175 [firefox] › tests/e2e/auto-sampling.spec.ts:8:1 › production Chromium captures an exact synthetic MIDI range through only explicit fake audio and MIDI devices
  ✓  172 [firefox] › tests/e2e/audio-import.spec.ts:88:1 › a captured nested drop keeps a valid sibling and reports the blocked child (2.3s)
  ✓  174 [firefox] › tests/e2e/audio-settings-audit.spec.ts:3:56 › multisample audio output controls and normalization retain Undo behavior (3.2s)
  ✓  176 [firefox] › tests/e2e/demo-control-audit.spec.ts:4:1 › demo add replace cancel and Undo preserve the existing instrument (1.7s)
  ✓  177 [firefox] › tests/e2e/demo-control-audit.spec.ts:19:1 › first preset guide exports through preflight and remembers dismissal (1.2s)
  ✓  179 [firefox] › tests/e2e/drum-pad-access.spec.ts:5:3 › desktop drum workbench keeps both banks beside the editor at 1440px (931ms)
  ✓  171 [firefox] › tests/e2e/audio-import.spec.ts:81:1 › malformed patch settings are rejected in both modes without changing settings (6.8s)
  ✓  180 [firefox] › tests/e2e/drum-pad-access.spec.ts:5:3 › desktop drum workbench keeps both banks beside the editor at 1024px (873ms)
  ✓  178 [firefox] › tests/e2e/devices-workspace.spec.ts:16:1 › Devices keeps setup actions silent, honors route locks, and rejects a stale selected output (1.8s)
  ✓  181 [firefox] › tests/e2e/drum-pad-access.spec.ts:35:3 › all desktop drum pads remain reachable at 1280px (1.2s)
  ✓  182 [firefox] › tests/e2e/drum-pad-access.spec.ts:35:3 › all desktop drum pads remain reachable at 900px (1.4s)
  ✓  183 [firefox] › tests/e2e/drum-pad-access.spec.ts:35:3 › all desktop drum pads remain reachable at 770px (1.3s)
  ✓  185 [firefox] › tests/e2e/drum-pad-access.spec.ts:107:1 › loaded labels remain legible on the narrow drum keys (979ms)
  ✓  184 [firefox] › tests/e2e/drum-pad-access.spec.ts:78:1 › phone bank controls still expose all 24 drum slots (1.5s)
  ✓  186 [firefox] › tests/e2e/drum-row-actions-audit.spec.ts:3:31 › drum 1440px row Play Record Slice and settings preview retain the instrument (2.1s)
  ✓  189 [firefox] › tests/e2e/envelope-control-audit.spec.ts:13:1 › multisample disclosures and loop controls support keyboard edits and Undo (1.7s)
  ✓  188 [firefox] › tests/e2e/envelope-control-audit.spec.ts:3:1 › envelope knobs keyboard edit Undo and preset randomization remain coherent (2.0s)
  ✓  190 [firefox] › tests/e2e/export-workflow.spec.ts:54:1 › a kit with empty pads exports the same pad assignments (1.6s)
  ✓  191 [firefox] › tests/e2e/export-workflow.spec.ts:63:1 › same-name samples remain distinct audio files in the downloaded kit (1.5s)
  ✓  194 [firefox] › tests/e2e/export-workflow.spec.ts:120:1 › a failed autosave offers a retry that saves the current work (1.2s)
  ✓  193 [firefox] › tests/e2e/export-workflow.spec.ts:99:1 › an older saved session can be restored after reload with its pad assignments (1.7s)
  ✓  192 [firefox] › tests/e2e/export-workflow.spec.ts:75:1 › imported multisample settings survive the real upload and export flow (2.8s)
  ✓  197 [firefox] › tests/e2e/export-workflow.spec.ts:219:1 › settings-only work is offered for recovery after reload (1.3s)
  ✓  187 [firefox] › tests/e2e/drum-row-actions-audit.spec.ts:3:31 › drum 390px row Play Record Slice and settings preview retain the instrument (7.3s)
  ✓  196 [firefox] › tests/e2e/export-workflow.spec.ts:190:1 › portable project restores sparse audio and its import can be undone (2.7s)
  ✓  198 [firefox] › tests/e2e/export-workflow.spec.ts:232:1 › keyboard undo and redo restore whole audio loads without changing pad banks (1.8s)
  ✓  195 [firefox] › tests/e2e/export-workflow.spec.ts:147:1 › library reload restores saved multisample settings and keeps the drum kit (3.8s)
  ✓  199 [firefox] › tests/e2e/export-workflow.spec.ts:252:1 › preset import undoes atomically and confirmation keeps project shortcuts blocked (1.5s)
  ✓  201 [firefox] › tests/e2e/file-entry-audit.spec.ts:9:56 › drum Browse folder reviews files and Cancel keeps the empty instrument (1.0s)
  ✓  200 [firefox] › tests/e2e/export-workflow.spec.ts:287:1 › malformed project backup leaves the current sparse project untouched (1.6s)
  ✓  203 [firefox] › tests/e2e/file-entry-audit.spec.ts:16:1 › multisample patch settings chooser imports atomically and supports Undo (1.5s)
  ✓  204 [firefox] › tests/e2e/file-entry-audit.spec.ts:19:1 › drum import rejects malformed OP-1 files, auditions unassigned audio, and opens setup help (1.4s)
  ✓  205 [firefox] › tests/e2e/file-entry-audit.spec.ts:25:1 › mobile empty drum table browse loads the chosen pad (1.4s)
  ✓  202 [firefox] › tests/e2e/file-entry-audit.spec.ts:9:56 › multisample Browse folder reviews files and Cancel keeps the empty instrument (2.6s)
  ✓  206 [firefox] › tests/e2e/file-entry-audit.spec.ts:29:1 › multisample import inclusion and root edits commit together and Undo (1.7s)
  ✓  207 [firefox] › tests/e2e/file-entry-audit.spec.ts:35:1 › export preflight edits name and includes unassigned sound only when requested (1.9s)
  ✓  208 [firefox] › tests/e2e/file-entry-audit.spec.ts:47:1 › multisample zone selection and note naming do not change roots (2.5s)
  ✓  209 [firefox] › tests/e2e/file-entry-audit.spec.ts:52:31 › multisample empty table 1440px browse and waveform draft cancellation (2.6s)
  ✓  210 [firefox] › tests/e2e/file-entry-audit.spec.ts:52:31 › multisample empty table 390px browse and waveform draft cancellation (2.1s)
  ✓  212 [firefox] › tests/e2e/file-entry-audit.spec.ts:61:1 › wide drum MIDI audition channel persists with an isolated MIDI stub (1.2s)
  ✓  211 [firefox] › tests/e2e/file-entry-audit.spec.ts:56:1 › organize row drops choose the intended empty pads (1.9s)
  ✓  213 [firefox] › tests/e2e/file-entry-audit.spec.ts:66:1 › an empty multisample key selects the root for the nearby Add sounds chooser (1.8s)
  ✓  216 [firefox] › tests/e2e/focus-control-audit.spec.ts:28:1 › focused drum moves a sound to an empty pad then Undo restores its position (1.3s)
  ✓  215 [firefox] › tests/e2e/focus-control-audit.spec.ts:4:1 › focused drum controls persist modes trim and slider gestures with Undo (2.1s)
  ✓  217 [firefox] › tests/e2e/focus-control-audit.spec.ts:43:1 › focused drum clear cancellation preserves sound and confirmation is undoable (1.4s)
  ✓  214 [firefox] › tests/e2e/file-entry-audit.spec.ts:70:1 › sample settings waveform drag is saved once and Undo restores markers (2.9s)
  ✓  218 [firefox] › tests/e2e/focus-entry-audit.spec.ts:5:56 › drum focus import record and clear entry points preserve reviewed audio (1.8s)
  ✓  220 [firefox] › tests/e2e/guide-control-audit.spec.ts:3:79 › guided Multisample a synth navigation help and import entry (927ms)
  ✓  221 [firefox] › tests/e2e/guide-control-audit.spec.ts:3:79 › guided Sample a sound navigation help and import entry (944ms)
  ✓  222 [firefox] › tests/e2e/guide-control-audit.spec.ts:3:79 › guided Build a drum kit navigation help and import entry (671ms)
  ✓  223 [firefox] › tests/e2e/guide-control-audit.spec.ts:22:1 › transfer actions open the expected workspace (792ms)
  ✓  224 [firefox] › tests/e2e/guide-control-audit.spec.ts:30:1 › guided Back controls retain task choice without opening a recorder (857ms)
  -  226 [firefox] › tests/e2e/guided-multisample-flow.spec.ts:5:88 › guided hardware flow checks captures and finishes with Save to library
  -  227 [firefox] › tests/e2e/guided-multisample-flow.spec.ts:5:88 › guided hardware flow checks captures and finishes with Review OP-XY export
  ✓  219 [firefox] › tests/e2e/focus-entry-audit.spec.ts:5:56 › multisample focus import record and clear entry points preserve reviewed audio (2.9s)
  -  225 [firefox] › tests/e2e/guided-multisample-flow.spec.ts:5:88 › guided hardware flow checks captures and finishes with Continue editing
  ✓  230 [firefox] › tests/e2e/instrument-utility-audit.spec.ts:31:1 › drum organize control reveals both row drop zones and returns to playing (1.4s)
  ✓  231 [firefox] › tests/e2e/keyboard-platform.spec.ts:4:1 › native full-control keyboard navigation reaches buttons after heading focus (1.2s)
  ✓  228 [firefox] › tests/e2e/instrument-utility-audit.spec.ts:7:56 › drum clear reset defaults and pin controls preserve Undo and persistence (3.9s)
  ✓  229 [firefox] › tests/e2e/instrument-utility-audit.spec.ts:7:56 › multisample clear reset defaults and pin controls preserve Undo and persistence (4.7s)
  ✓  233 [firefox] › tests/e2e/library-control-audit.spec.ts:6:31 › library 1440px cancel details collections download and confirmed deletion (2.8s)
  ✓  234 [firefox] › tests/e2e/library-control-audit.spec.ts:6:31 › library 390px cancel details collections download and confirmed deletion (2.6s)
  ✓  232 [firefox] › tests/e2e/library-collections.spec.ts:48:1 › collections retain mixed presets and export every member despite a search filter (5.5s)
  ✓  235 [firefox] › tests/e2e/library-order-audit.spec.ts:3:31 › library 1440px favorites and collection down/remove retain saved presets (2.9s)
  ✓  239 [firefox] › tests/e2e/loop-editor.spec.ts:154:1 › portrait touch opens the responsive editor without a rotation gate (1.4s)
  ✓  236 [firefox] › tests/e2e/library-order-audit.spec.ts:3:31 › library 390px favorites and collection down/remove retain saved presets (3.3s)
  ✓  241 [firefox] › tests/e2e/loop-editor.spec.ts:178:1 › waveform surface opens zoom and Escape preserves existing markers (1.3s)
  ✓  240 [firefox] › tests/e2e/loop-editor.spec.ts:165:1 › drum table opens the same frame editor and Cancel preserves its markers (1.5s)
  ✓  238 [firefox] › tests/e2e/loop-editor.spec.ts:68:1 › zoom editor saves one atomic half-open edit and exports real converted loop bytes (3.2s)
  ✓  243 [firefox] › tests/e2e/marker-actions-audit.spec.ts:5:56 › multisample zero-crossing action changes markers atomically and Undo restores them (1.9s)
  ✓  244 [firefox] › tests/e2e/mobile-row-drop-audit.spec.ts:5:1 › dropping onto an occupied mobile multisample row requires review and Cancel preserves it (2.0s)
  ✓  242 [firefox] › tests/e2e/marker-actions-audit.spec.ts:5:56 › drum zero-crossing action changes markers atomically and Undo restores them (2.2s)
  ✓  246 [firefox] › tests/e2e/modal-cancellation-audit.spec.ts:11:1 › recording connection checklist and official track links are reachable without hardware (2.0s)
  ✓  247 [firefox] › tests/e2e/modal-cancellation-audit.spec.ts:16:1 › instrument and library help tooltips reveal explanations and dismiss on pointer exit (2.6s)
  ✓  245 [firefox] › tests/e2e/modal-cancellation-audit.spec.ts:4:1 › Escape discards demo and library dialog drafts without changing saved content (4.3s)
  ✓  248 [firefox] › tests/e2e/multisample-table-audit.spec.ts:7:31 › multisample table 1440px root editing replace clear and Undo (2.6s)
  ✓  237 [firefox] › tests/e2e/library-workflow.spec.ts:14:1 › library details persist and sample previews leave the working instrument unchanged (11.0s)
  -  252 [firefox] › tests/e2e/multisample-table-audit.spec.ts:32:131 › multisample table 1440px supports keyboard audition while the audio clock advances
  ✓  249 [firefox] › tests/e2e/multisample-table-audit.spec.ts:7:31 › multisample table 390px root editing replace clear and Undo (3.0s)
  ✓  250 [firefox] › tests/e2e/multisample-table-audit.spec.ts:32:131 › multisample table 1440px supports keyboard audition (1.8s)
  ✓  254 [firefox] › tests/e2e/recording.spec.ts:92:1 › manual Start and Stop can repeat, and Cancel releases every input without changing the project (2.0s)
  ✓  255 [firefox] › tests/e2e/recording.spec.ts:106:34 › recorder keeps actions visible and owns discard focus at 390px (1.8s)
  ✓  251 [firefox] › tests/e2e/multisample-table-audit.spec.ts:32:131 › multisample table 390px supports keyboard audition (3.5s)
  ✓  257 [firefox] › tests/e2e/settings-control-audit.spec.ts:7:3 › drum: every persisted preset select option is editable and undoable (1.9s)
  ✓  253 [firefox] › tests/e2e/recording.spec.ts:59:1 › records two sound-triggered PCM takes, applies one, preserves one, and archives exact recording metadata (4.3s)
  ✓  256 [firefox] › tests/e2e/recording.spec.ts:106:34 › recorder keeps actions visible and owns discard focus at 1280px (2.4s)
  ✓  258 [firefox] › tests/e2e/settings-control-audit.spec.ts:32:3 › drum: every visible preset slider supports keyboard change and undo (2.2s)
  ✓  262 [firefox] › tests/e2e/settings-control-audit.spec.ts:64:1 › repeated Back while recording does not grow browser history (1.2s)
  ✓  263 [firefox] › tests/e2e/shell-utility-audit.spec.ts:4:1 › theme picker persists explicit choices and follows system changes (711ms)
  ✓  260 [firefox] › tests/e2e/settings-control-audit.spec.ts:32:3 › multisample: every visible preset slider supports keyboard change and undo (3.8s)
  ✓  264 [firefox] › tests/e2e/shell-utility-audit.spec.ts:13:1 › start new discards the offered session while retaining library presets (2.0s)
  ✓  261 [firefox] › tests/e2e/settings-control-audit.spec.ts:55:1 › Project menu Open library synchronizes the route and survives reload (4.8s)
  ✓  259 [firefox] › tests/e2e/settings-control-audit.spec.ts:7:3 › multisample: every persisted preset select option is editable and undoable (5.3s)
  ✓  268 [firefox] › tests/e2e/slicing.spec.ts:262:3 › slicer groups, disclosure keyboard access and fixed footer at 1280x720 (1.6s)
  ✓  267 [firefox] › tests/e2e/slicing.spec.ts:245:1 › edited slicing session survives browser Back until explicitly discarded (1.8s)
  -  270 [firefox] › tests/e2e/stem-recording-device.spec.ts:5:1 › generated audio through the real worklet produces reviewed WAVs and a ZIP
  ✓  265 [firefox] › tests/e2e/slicing.spec.ts:76:1 › direct slice replacement and existing-pad unassignment preserve originals, cancel, and atomic Undo/Redo (3.5s)
  ✓  271 [firefox] › tests/e2e/stem-recording.spec.ts:3:1 › track recording entry opens the production beginner workflow (975ms)
  ✓  272 [firefox] › tests/e2e/stem-recording.spec.ts:5:1 › unsupported browser path stays readable and does not offer product simulation (1.0s)
  ✓  269 [firefox] › tests/e2e/slicing.spec.ts:262:3 › slicer groups, disclosure keyboard access and fixed footer at 390x640 (2.0s)
  ✓  273 [firefox] › tests/e2e/studio-appearance.spec.ts:48:3 › studio appearance › defaults to Field, persists OP-XY across reload, and falls back for an invalid value (766ms)
  ✓  274 [firefox] › tests/e2e/studio-appearance.spec.ts:74:3 › studio appearance › blocked presentation storage still renders and switches in memory (747ms)
  ✓  275 [firefox] › tests/e2e/studio-appearance.spec.ts:88:3 › studio appearance › Theme and Appearance are independent in both directions (722ms)
  ✓  266 [firefox] › tests/e2e/slicing.spec.ts:124:1 › slice source, live clock mark, apply, export, undo, and portable provenance round trip (5.7s)
  ✓  277 [firefox] › tests/e2e/studio-appearance.spec.ts:178:3 › studio appearance › waveform canvases repaint with the new appearance tokens (1.3s)
  ✓  278 [firefox] › tests/e2e/studio-appearance.spec.ts:206:3 › studio appearance › keyboard: one tab stop, arrows select, focus ring visible, 44px targets (1.7s)
  ✓  280 [firefox] › tests/e2e/studio-appearance.spec.ts:289:5 › studio appearance › OP-XY launch artwork labels and useful outlines stay legible on black (light) (809ms)
  ✓  281 [firefox] › tests/e2e/studio-appearance.spec.ts:289:5 › studio appearance › OP-XY launch artwork labels and useful outlines stay legible on black (dark) (601ms)
  ✓  276 [firefox] › tests/e2e/studio-appearance.spec.ts:117:3 › studio appearance › switching with an edited demo kit keeps route, samples, edits, undo and focus (2.9s)
  ✓  279 [firefox] › tests/e2e/studio-appearance.spec.ts:253:3 › studio appearance › multisample: switching keeps the imported zone, a root-note edit and its undo (2.3s)
  ✓  282 [firefox] › tests/e2e/studio-appearance.spec.ts:304:5 › studio appearance › header brand and settings stay readable at 390px in both appearances (1.7s)
  ✓  284 [firefox] › tests/e2e/studio-appearance.spec.ts:304:5 › studio appearance › header brand and settings stay readable at 1024px in both appearances (1.6s)
  ✓  285 [firefox] › tests/e2e/studio-appearance.spec.ts:304:5 › studio appearance › header brand and settings stay readable at 1280px in both appearances (1.0s)
  ✓  288 [firefox] › tests/e2e/studio-appearance.spec.ts:328:5 › studio appearance › OP-XY screens render without horizontal overflow at 390px (1.8s)
  ✓  287 [firefox] › tests/e2e/studio-appearance.spec.ts:328:5 › studio appearance › OP-XY screens render without horizontal overflow at 1440px (2.0s)
  ✓  289 [firefox] › tests/e2e/studio-design-contract.spec.ts:54:3 › unified launch surface › desktop: one horizontal header, one launch row, gear strip, then secondary shortcuts (867ms)
  ✓  283 [firefox] › tests/e2e/studio-appearance.spec.ts:304:5 › studio appearance › header brand and settings stay readable at 834px in both appearances (4.9s)
  ✓  290 [firefox] › tests/e2e/studio-design-contract.spec.ts:131:3 › unified launch surface › keyboard order follows the launch hierarchy and every target is operable (1.5s)
  ✓  286 [firefox] › tests/e2e/studio-appearance.spec.ts:304:5 › studio appearance › header brand and settings stay readable at 1440px in both appearances (4.1s)
  ✓  293 [firefox] › tests/e2e/studio-design-contract.spec.ts:237:3 › unified launch surface › build identity is exposed and matches the server that delivered it (627ms)
  ✓  294 [firefox] › tests/e2e/studio-design-contract.spec.ts:255:3 › narrow launch and drum workbench › medium launch uses two equal rows with aligned actions (1.4s)
  ✓  292 [firefox] › tests/e2e/studio-design-contract.spec.ts:205:3 › unified launch surface › semantic colour: neutral actions, cyan loaded, orange selected, red destructive (2.4s)
  ✓  296 [firefox] › tests/e2e/studio-design-contract.spec.ts:291:5 › narrow launch and drum workbench › desktop drum workbench at 1440px: compact header zone, stacked banks left, editor right, quiet EMPTY labels (819ms)
  ✓  297 [firefox] › tests/e2e/studio-design-contract.spec.ts:291:5 › narrow launch and drum workbench › desktop drum workbench at 1024px: compact header zone, stacked banks left, editor right, quiet EMPTY labels (1.1s)
  ✓  298 [firefox] › tests/e2e/studio-design-contract.spec.ts:338:5 › narrow launch and drum workbench › drum workbench collapses to one column without overflow at 900px (840ms)
  ✓  299 [firefox] › tests/e2e/studio-design-contract.spec.ts:338:5 › narrow launch and drum workbench › drum workbench collapses to one column without overflow at 390px (796ms)
  ✓  291 [firefox] › tests/e2e/studio-design-contract.spec.ts:161:3 › unified launch surface › task calls to action open their tools directly; setup guidance stays optional (6.1s)
  ✓  295 [firefox] › tests/e2e/studio-design-contract.spec.ts:270:3 › narrow launch and drum workbench › narrow launch stacks modules without overflow and keeps 44px targets (5.0s)
  ✓  300 [firefox] › tests/e2e/studio-light-appearance.spec.ts:206:7 › OP-XY light appearance › 390px › overview, create, transfer, devices and help (3.1s)
  ✓  301 [firefox] › tests/e2e/studio-light-appearance.spec.ts:206:7 › OP-XY light appearance › 1440px › overview, create, transfer, devices and help (2.8s)
  ✓  303 [firefox] › tests/e2e/studio-light-appearance.spec.ts:437:3 › OP-XY light appearance › field and dark presentations keep their own page tokens (1.3s)
  ✓  306 [firefox] › tests/e2e/studio-shell.spec.ts:3:1 › desktop studio uses the available width and has one brand header (802ms)
  ✓  307 [firefox] › tests/e2e/studio-shell.spec.ts:14:1 › overview does not load the drum editor until it is opened (1.2s)
  ✓  308 [firefox] › tests/e2e/studio-shell.spec.ts:24:1 › overview defers device and recording workspaces until requested (1.3s)
  ✓  305 [firefox] › tests/e2e/studio-light-appearance.spec.ts:245:7 › OP-XY light appearance › 1440px › drum editor: empty, demo loaded, selection, settings, dialogs (4.1s)
  ✓  309 [firefox] › tests/e2e/studio-shell.spec.ts:34:1 › top-level workspace navigation survives reload and browser Back (1.1s)
  ✓  311 [firefox] › tests/e2e/studio-shell.spec.ts:49:1 › single-sample path reaches manual recording; Help search and navigation preserve the recorder (1.2s)
  ✓  312 [firefox] › tests/e2e/studio-shell.spec.ts:85:1 › automatic multisampling and drum setup reach their actual recorders (1.3s)
  ✓  313 [firefox] › tests/e2e/studio-shell.spec.ts:105:1 › management distinguishes an editable project from library and device export (431ms)
  ✓  314 [firefox] › tests/e2e/studio-shell.spec.ts:118:1 › narrow Overview and Help retain usable navigation without page overflow (357ms)
  ✓  302 [firefox] › tests/e2e/studio-light-appearance.spec.ts:348:3 › OP-XY light appearance › 1056px: loaded focus editors fit their column; bulk edit keeps heading and actions in view (10.0s)
  ✓  304 [firefox] › tests/e2e/studio-light-appearance.spec.ts:245:7 › OP-XY light appearance › 390px › drum editor: empty, demo loaded, selection, settings, dialogs (9.2s)
  ✓  316 [firefox] › tests/e2e/studio-light-appearance.spec.ts:404:5 › OP-XY light appearance › 390px library filters: full-width search, unclipped type and sort, visible favorites (720ms)
  ✓  318 [firefox] › tests/e2e/studio-light-appearance.spec.ts:404:5 › OP-XY light appearance › 320px library filters: full-width search, unclipped type and sort, visible favorites (652ms)
  ✓  319 [firefox] › tests/e2e/studio-light-appearance.spec.ts:427:3 › OP-XY light appearance › stem recorder dialog (1440px) (1.1s)
  ✓  310 [firefox] › tests/e2e/studio-light-appearance.spec.ts:289:7 › OP-XY light appearance › 1440px › multisample editor: empty, loaded zone, MIDI panel, settings, recorder (7.2s)
  ✓  315 [firefox] › tests/e2e/studio-shell.spec.ts:131:1 › route focus keeps narrow navigation visible and uses the shell as the only workspace map (4.7s)
  ✓  320 [firefox] › tests/e2e/studio-workspace.spec.ts:35:1 › Studio Seed plays, edits atomically, restores, and exports its sparse ten-voice map (1.7s)
  ✓  323 [firefox] › tests/e2e/support-links-audit.spec.ts:12:1 › remote post links use validated destinations with a synthetic feed (611ms)
  ✓  321 [firefox] › tests/e2e/studio-light-appearance.spec.ts:325:7 › OP-XY light appearance › 1440px › library: empty and saved entry with selection (3.4s)
  ✓  324 [firefox] › tests/e2e/table-control-audit.spec.ts:5:3 › drum table 1440px settings Save Cancel and Undo preserve edits (1.9s)
  ✓  317 [firefox] › tests/e2e/studio-light-appearance.spec.ts:289:7 › OP-XY light appearance › 390px › multisample editor: empty, loaded zone, MIDI panel, settings, recorder (7.3s)
  ✓  325 [firefox] › tests/e2e/table-control-audit.spec.ts:36:3 › drum table 1440px clear and undo restore a loaded pad (1.5s)
  ✓  322 [firefox] › tests/e2e/support-links-audit.spec.ts:4:1 › support and footer links open their declared destinations without external requests (4.0s)
  ✓  326 [firefox] › tests/e2e/table-control-audit.spec.ts:5:3 › drum table 390px settings Save Cancel and Undo preserve edits (2.7s)
  ✓  328 [firefox] › tests/e2e/table-control-audit.spec.ts:36:3 › drum table 390px clear and undo restore a loaded pad (2.4s)
  ✓  327 [firefox] › tests/e2e/studio-light-appearance.spec.ts:325:7 › OP-XY light appearance › 390px › library: empty and saved entry with selection (2.8s)
  ✓  329 [firefox] › tests/e2e/table-control-audit.spec.ts:50:1 › bulk editing all ten demo sounds is one undoable operation (2.7s)
  ✓  330 [firefox] › tests/e2e/virtual-keyboard-access.spec.ts:4:1 › virtual notes support roving focus, visible focus and empty-note selection (1.6s)
(node:87135) Warning: The 'NO_COLOR' env is ignored due to the 'FORCE_COLOR' env being set.
(Use `node --trace-warnings ...` to show where the warning was created)
(node:87141) Warning: The 'NO_COLOR' env is ignored due to the 'FORCE_COLOR' env being set.
(Use `node --trace-warnings ...` to show where the warning was created)
(node:87143) Warning: The 'NO_COLOR' env is ignored due to the 'FORCE_COLOR' env being set.
(Use `node --trace-warnings ...` to show where the warning was created)
(node:87142) Warning: The 'NO_COLOR' env is ignored due to the 'FORCE_COLOR' env being set.
(Use `node --trace-warnings ...` to show where the warning was created)
  ✓  334 [webkit] › tests/e2e/audio-import.spec.ts:46:1 › one sound added after selecting SD2 loads into SD2 rather than the first matching snare pad (1.8s)
  ✓  333 [webkit] › tests/e2e/audio-import.spec.ts:56:1 › Replace on a loaded pad proposes that pad and applies the replacement (1.9s)
  ✓  332 [webkit] › tests/e2e/audio-import.spec.ts:35:1 › desktop row multi-chooser is one reviewed batch with collision-free explicit pads (2.0s)
  ✓  331 [webkit] › tests/e2e/audio-import.spec.ts:11:1 › actual codec files stay truthful through chooser review, one Apply, and Undo (2.9s)
  ✓  335 [webkit] › tests/e2e/audio-import.spec.ts:70:1 › actual chooser sends unknown-extension, empty, and unsupported files to shared review classification (1.2s)
  ✓  337 [webkit] › tests/e2e/audio-import.spec.ts:88:1 › a captured nested drop keeps a valid sibling and reports the blocked child (1.1s)
  -  340 [webkit] › tests/e2e/auto-sampling.spec.ts:8:1 › production Chromium captures an exact synthetic MIDI range through only explicit fake audio and MIDI devices
  ✓  338 [webkit] › tests/e2e/audio-settings-audit.spec.ts:3:56 › drum audio output controls and normalization retain Undo behavior (1.9s)
  ✓  341 [webkit] › tests/e2e/demo-control-audit.spec.ts:4:1 › demo add replace cancel and Undo preserve the existing instrument (1.4s)
  ✓  339 [webkit] › tests/e2e/audio-settings-audit.spec.ts:3:56 › multisample audio output controls and normalization retain Undo behavior (2.1s)
  ✓  342 [webkit] › tests/e2e/demo-control-audit.spec.ts:19:1 › first preset guide exports through preflight and remembers dismissal (1.1s)
  ✓  344 [webkit] › tests/e2e/drum-pad-access.spec.ts:5:3 › desktop drum workbench keeps both banks beside the editor at 1440px (868ms)
  ✓  345 [webkit] › tests/e2e/drum-pad-access.spec.ts:5:3 › desktop drum workbench keeps both banks beside the editor at 1024px (835ms)
  ✓  343 [webkit] › tests/e2e/devices-workspace.spec.ts:16:1 › Devices keeps setup actions silent, honors route locks, and rejects a stale selected output (2.0s)
  ✓  346 [webkit] › tests/e2e/drum-pad-access.spec.ts:35:3 › all desktop drum pads remain reachable at 1280px (959ms)
  ✓  347 [webkit] › tests/e2e/drum-pad-access.spec.ts:35:3 › all desktop drum pads remain reachable at 900px (1.0s)
  ✓  348 [webkit] › tests/e2e/drum-pad-access.spec.ts:35:3 › all desktop drum pads remain reachable at 770px (1.1s)
  ✓  349 [webkit] › tests/e2e/drum-pad-access.spec.ts:78:1 › phone bank controls still expose all 24 drum slots (1.1s)
  ✓  350 [webkit] › tests/e2e/drum-pad-access.spec.ts:107:1 › loaded labels remain legible on the narrow drum keys (942ms)
  ✓  336 [webkit] › tests/e2e/audio-import.spec.ts:81:1 › malformed patch settings are rejected in both modes without changing settings (6.5s)
  ✓  351 [webkit] › tests/e2e/drum-row-actions-audit.spec.ts:3:31 › drum 1440px row Play Record Slice and settings preview retain the instrument (1.6s)
  ✓  352 [webkit] › tests/e2e/drum-row-actions-audit.spec.ts:3:31 › drum 390px row Play Record Slice and settings preview retain the instrument (1.8s)
  ✓  354 [webkit] › tests/e2e/envelope-control-audit.spec.ts:13:1 › multisample disclosures and loop controls support keyboard edits and Undo (1.5s)
  ✓  353 [webkit] › tests/e2e/envelope-control-audit.spec.ts:3:1 › envelope knobs keyboard edit Undo and preset randomization remain coherent (1.7s)
  ✓  355 [webkit] › tests/e2e/export-workflow.spec.ts:54:1 › a kit with empty pads exports the same pad assignments (1.5s)
  ✓  356 [webkit] › tests/e2e/export-workflow.spec.ts:63:1 › same-name samples remain distinct audio files in the downloaded kit (1.4s)
  ✓  358 [webkit] › tests/e2e/export-workflow.spec.ts:99:1 › an older saved session can be restored after reload with its pad assignments (1.7s)
  ✓  357 [webkit] › tests/e2e/export-workflow.spec.ts:75:1 › imported multisample settings survive the real upload and export flow (2.0s)
  ✓  359 [webkit] › tests/e2e/export-workflow.spec.ts:120:1 › a failed autosave offers a retry that saves the current work (1.3s)
  ✓  362 [webkit] › tests/e2e/export-workflow.spec.ts:219:1 › settings-only work is offered for recovery after reload (1.2s)
  ✓  363 [webkit] › tests/e2e/export-workflow.spec.ts:232:1 › keyboard undo and redo restore whole audio loads without changing pad banks (1.4s)
  ✓  361 [webkit] › tests/e2e/export-workflow.spec.ts:190:1 › portable project restores sparse audio and its import can be undone (2.1s)
  ✓  364 [webkit] › tests/e2e/export-workflow.spec.ts:252:1 › preset import undoes atomically and confirmation keeps project shortcuts blocked (1.2s)
  ✓  360 [webkit] › tests/e2e/export-workflow.spec.ts:147:1 › library reload restores saved multisample settings and keeps the drum kit (3.6s)
  ✓  366 [webkit] › tests/e2e/file-entry-audit.spec.ts:9:56 › drum Browse folder reviews files and Cancel keeps the empty instrument (1.1s)
  ✓  365 [webkit] › tests/e2e/export-workflow.spec.ts:287:1 › malformed project backup leaves the current sparse project untouched (1.4s)
  ✓  367 [webkit] › tests/e2e/file-entry-audit.spec.ts:9:56 › multisample Browse folder reviews files and Cancel keeps the empty instrument (1.2s)
  ✓  368 [webkit] › tests/e2e/file-entry-audit.spec.ts:16:1 › multisample patch settings chooser imports atomically and supports Undo (1.3s)
  ✓  370 [webkit] › tests/e2e/file-entry-audit.spec.ts:25:1 › mobile empty drum table browse loads the chosen pad (1.2s)
  ✓  369 [webkit] › tests/e2e/file-entry-audit.spec.ts:19:1 › drum import rejects malformed OP-1 files, auditions unassigned audio, and opens setup help (1.3s)
  ✓  371 [webkit] › tests/e2e/file-entry-audit.spec.ts:29:1 › multisample import inclusion and root edits commit together and Undo (1.7s)
  ✓  373 [webkit] › tests/e2e/file-entry-audit.spec.ts:47:1 › multisample zone selection and note naming do not change roots (1.5s)
  ✓  374 [webkit] › tests/e2e/file-entry-audit.spec.ts:52:31 › multisample empty table 1440px browse and waveform draft cancellation (1.8s)
  ✓  372 [webkit] › tests/e2e/file-entry-audit.spec.ts:35:1 › export preflight edits name and includes unassigned sound only when requested (2.1s)
  ✓  375 [webkit] › tests/e2e/file-entry-audit.spec.ts:52:31 › multisample empty table 390px browse and waveform draft cancellation (1.9s)
  ✓  377 [webkit] › tests/e2e/file-entry-audit.spec.ts:61:1 › wide drum MIDI audition channel persists with an isolated MIDI stub (1.1s)
  ✓  376 [webkit] › tests/e2e/file-entry-audit.spec.ts:56:1 › organize row drops choose the intended empty pads (1.7s)
  ✓  378 [webkit] › tests/e2e/file-entry-audit.spec.ts:66:1 › an empty multisample key selects the root for the nearby Add sounds chooser (1.8s)
  ✓  379 [webkit] › tests/e2e/file-entry-audit.spec.ts:70:1 › sample settings waveform drag is saved once and Undo restores markers (1.6s)
  ✓  381 [webkit] › tests/e2e/focus-control-audit.spec.ts:28:1 › focused drum moves a sound to an empty pad then Undo restores its position (1.4s)
  ✓  382 [webkit] › tests/e2e/focus-control-audit.spec.ts:43:1 › focused drum clear cancellation preserves sound and confirmation is undoable (1.3s)
  ✓  380 [webkit] › tests/e2e/focus-control-audit.spec.ts:4:1 › focused drum controls persist modes trim and slider gestures with Undo (2.0s)
  ✓  385 [webkit] › tests/e2e/guide-control-audit.spec.ts:3:79 › guided Multisample a synth navigation help and import entry (807ms)
  ✓  386 [webkit] › tests/e2e/guide-control-audit.spec.ts:3:79 › guided Sample a sound navigation help and import entry (824ms)
  ✓  383 [webkit] › tests/e2e/focus-entry-audit.spec.ts:5:56 › drum focus import record and clear entry points preserve reviewed audio (1.5s)
  ✓  388 [webkit] › tests/e2e/guide-control-audit.spec.ts:22:1 › transfer actions open the expected workspace (573ms)
  ✓  387 [webkit] › tests/e2e/guide-control-audit.spec.ts:3:79 › guided Build a drum kit navigation help and import entry (612ms)
  ✓  384 [webkit] › tests/e2e/focus-entry-audit.spec.ts:5:56 › multisample focus import record and clear entry points preserve reviewed audio (2.0s)
  -  391 [webkit] › tests/e2e/guided-multisample-flow.spec.ts:5:88 › guided hardware flow checks captures and finishes with Continue editing
  -  390 [webkit] › tests/e2e/guided-multisample-flow.spec.ts:5:88 › guided hardware flow checks captures and finishes with Save to library
  -  392 [webkit] › tests/e2e/guided-multisample-flow.spec.ts:5:88 › guided hardware flow checks captures and finishes with Review OP-XY export
  ✓  389 [webkit] › tests/e2e/guide-control-audit.spec.ts:30:1 › guided Back controls retain task choice without opening a recorder (965ms)
  ✓  396 [webkit] › tests/e2e/keyboard-platform.spec.ts:4:1 › native full-control keyboard navigation reaches buttons after heading focus (333ms)
  ✓  395 [webkit] › tests/e2e/instrument-utility-audit.spec.ts:31:1 › drum organize control reveals both row drop zones and returns to playing (1.0s)
  ✓  393 [webkit] › tests/e2e/instrument-utility-audit.spec.ts:7:56 › drum clear reset defaults and pin controls preserve Undo and persistence (2.9s)
  ✓  394 [webkit] › tests/e2e/instrument-utility-audit.spec.ts:7:56 › multisample clear reset defaults and pin controls preserve Undo and persistence (3.3s)
  ✓  398 [webkit] › tests/e2e/library-control-audit.spec.ts:6:31 › library 1440px cancel details collections download and confirmed deletion (2.3s)
  ✓  399 [webkit] › tests/e2e/library-control-audit.spec.ts:6:31 › library 390px cancel details collections download and confirmed deletion (2.5s)
  ✓  397 [webkit] › tests/e2e/library-collections.spec.ts:48:1 › collections retain mixed presets and export every member despite a search filter (4.9s)
  ✓  400 [webkit] › tests/e2e/library-order-audit.spec.ts:3:31 › library 1440px favorites and collection down/remove retain saved presets (2.5s)
  ✓  401 [webkit] › tests/e2e/library-order-audit.spec.ts:3:31 › library 390px favorites and collection down/remove retain saved presets (2.6s)
  ✓  404 [webkit] › tests/e2e/loop-editor.spec.ts:154:1 › portrait touch opens the responsive editor without a rotation gate (1.3s)
  ✓  405 [webkit] › tests/e2e/loop-editor.spec.ts:165:1 › drum table opens the same frame editor and Cancel preserves its markers (1.3s)
  ✓  403 [webkit] › tests/e2e/loop-editor.spec.ts:68:1 › zoom editor saves one atomic half-open edit and exports real converted loop bytes (2.7s)
  ✓  406 [webkit] › tests/e2e/loop-editor.spec.ts:178:1 › waveform surface opens zoom and Escape preserves existing markers (1.2s)
  ✓  407 [webkit] › tests/e2e/marker-actions-audit.spec.ts:5:56 › drum zero-crossing action changes markers atomically and Undo restores them (1.5s)
  ✓  408 [webkit] › tests/e2e/marker-actions-audit.spec.ts:5:56 › multisample zero-crossing action changes markers atomically and Undo restores them (1.4s)
  ✓  409 [webkit] › tests/e2e/mobile-row-drop-audit.spec.ts:5:1 › dropping onto an occupied mobile multisample row requires review and Cancel preserves it (1.4s)
  ✓  410 [webkit] › tests/e2e/modal-cancellation-audit.spec.ts:4:1 › Escape discards demo and library dialog drafts without changing saved content (1.7s)
  ✓  411 [webkit] › tests/e2e/modal-cancellation-audit.spec.ts:11:1 › recording connection checklist and official track links are reachable without hardware (2.6s)
  ✓  413 [webkit] › tests/e2e/multisample-table-audit.spec.ts:7:31 › multisample table 1440px root editing replace clear and Undo (1.8s)
  ✓  412 [webkit] › tests/e2e/modal-cancellation-audit.spec.ts:16:1 › instrument and library help tooltips reveal explanations and dismiss on pointer exit (2.7s)
  ✓  402 [webkit] › tests/e2e/library-workflow.spec.ts:14:1 › library details persist and sample previews leave the working instrument unchanged (8.4s)
  ✓  415 [webkit] › tests/e2e/multisample-table-audit.spec.ts:32:131 › multisample table 1440px supports keyboard audition (1.4s)
  ✓  416 [webkit] › tests/e2e/multisample-table-audit.spec.ts:32:131 › multisample table 390px supports keyboard audition (1.6s)
  ✓  414 [webkit] › tests/e2e/multisample-table-audit.spec.ts:7:31 › multisample table 390px root editing replace clear and Undo (2.2s)
  ✓  417 [webkit] › tests/e2e/multisample-table-audit.spec.ts:32:131 › multisample table 1440px supports keyboard audition while the audio clock advances (1.3s)
  ✓  419 [webkit] › tests/e2e/recording.spec.ts:92:1 › manual Start and Stop can repeat, and Cancel releases every input without changing the project (1.5s)
  ✓  420 [webkit] › tests/e2e/recording.spec.ts:106:34 › recorder keeps actions visible and owns discard focus at 390px (1.7s)
  ✓  422 [webkit] › tests/e2e/settings-control-audit.spec.ts:7:3 › drum: every persisted preset select option is editable and undoable (1.2s)
  ✓  421 [webkit] › tests/e2e/recording.spec.ts:106:34 › recorder keeps actions visible and owns discard focus at 1280px (1.7s)
  ✓  418 [webkit] › tests/e2e/recording.spec.ts:59:1 › records two sound-triggered PCM takes, applies one, preserves one, and archives exact recording metadata (3.3s)
  ✓  423 [webkit] › tests/e2e/settings-control-audit.spec.ts:32:3 › drum: every visible preset slider supports keyboard change and undo (1.4s)
  ✓  426 [webkit] › tests/e2e/settings-control-audit.spec.ts:55:1 › Project menu Open library synchronizes the route and survives reload (1.4s)
  ✓  427 [webkit] › tests/e2e/settings-control-audit.spec.ts:64:1 › repeated Back while recording does not grow browser history (880ms)
  ✓  428 [webkit] › tests/e2e/shell-utility-audit.spec.ts:4:1 › theme picker persists explicit choices and follows system changes (733ms)
  ✓  425 [webkit] › tests/e2e/settings-control-audit.spec.ts:32:3 › multisample: every visible preset slider supports keyboard change and undo (2.6s)
  ✓  424 [webkit] › tests/e2e/settings-control-audit.spec.ts:7:3 › multisample: every persisted preset select option is editable and undoable (3.6s)
  ✓  429 [webkit] › tests/e2e/shell-utility-audit.spec.ts:13:1 › start new discards the offered session while retaining library presets (1.9s)
  ✓  432 [webkit] › tests/e2e/slicing.spec.ts:245:1 › edited slicing session survives browser Back until explicitly discarded (1.2s)
  ✓  433 [webkit] › tests/e2e/slicing.spec.ts:262:3 › slicer groups, disclosure keyboard access and fixed footer at 1280x720 (1.4s)
  -  435 [webkit] › tests/e2e/stem-recording-device.spec.ts:5:1 › generated audio through the real worklet produces reviewed WAVs and a ZIP
  ✓  430 [webkit] › tests/e2e/slicing.spec.ts:76:1 › direct slice replacement and existing-pad unassignment preserve originals, cancel, and atomic Undo/Redo (3.1s)
  ✓  436 [webkit] › tests/e2e/stem-recording.spec.ts:3:1 › track recording entry opens the production beginner workflow (734ms)
  ✓  434 [webkit] › tests/e2e/slicing.spec.ts:262:3 › slicer groups, disclosure keyboard access and fixed footer at 390x640 (1.4s)
  ✓  437 [webkit] › tests/e2e/stem-recording.spec.ts:5:1 › unsupported browser path stays readable and does not offer product simulation (737ms)
  ✓  439 [webkit] › tests/e2e/studio-appearance.spec.ts:74:3 › studio appearance › blocked presentation storage still renders and switches in memory (417ms)
  ✓  438 [webkit] › tests/e2e/studio-appearance.spec.ts:48:3 › studio appearance › defaults to Field, persists OP-XY across reload, and falls back for an invalid value (605ms)
  ✓  440 [webkit] › tests/e2e/studio-appearance.spec.ts:88:3 › studio appearance › Theme and Appearance are independent in both directions (510ms)
  ✓  431 [webkit] › tests/e2e/slicing.spec.ts:124:1 › slice source, live clock mark, apply, export, undo, and portable provenance round trip (5.0s)
  ✓  443 [webkit] › tests/e2e/studio-appearance.spec.ts:206:3 › studio appearance › keyboard: one tab stop, arrows select, focus ring visible, 44px targets (912ms)
  ✓  442 [webkit] › tests/e2e/studio-appearance.spec.ts:178:3 › studio appearance › waveform canvases repaint with the new appearance tokens (1.2s)
  ✓  441 [webkit] › tests/e2e/studio-appearance.spec.ts:117:3 › studio appearance › switching with an edited demo kit keeps route, samples, edits, undo and focus (1.6s)
  ✓  445 [webkit] › tests/e2e/studio-appearance.spec.ts:289:5 › studio appearance › OP-XY launch artwork labels and useful outlines stay legible on black (light) (509ms)
  ✓  446 [webkit] › tests/e2e/studio-appearance.spec.ts:289:5 › studio appearance › OP-XY launch artwork labels and useful outlines stay legible on black (dark) (466ms)
  ✓  447 [webkit] › tests/e2e/studio-appearance.spec.ts:304:5 › studio appearance › header brand and settings stay readable at 390px in both appearances (927ms)
  ✓  448 [webkit] › tests/e2e/studio-appearance.spec.ts:304:5 › studio appearance › header brand and settings stay readable at 834px in both appearances (925ms)
  ✓  449 [webkit] › tests/e2e/studio-appearance.spec.ts:304:5 › studio appearance › header brand and settings stay readable at 1024px in both appearances (945ms)
  ✓  444 [webkit] › tests/e2e/studio-appearance.spec.ts:253:3 › studio appearance › multisample: switching keeps the imported zone, a root-note edit and its undo (1.8s)
  ✓  450 [webkit] › tests/e2e/studio-appearance.spec.ts:304:5 › studio appearance › header brand and settings stay readable at 1280px in both appearances (926ms)
  ✓  451 [webkit] › tests/e2e/studio-appearance.spec.ts:304:5 › studio appearance › header brand and settings stay readable at 1440px in both appearances (877ms)
  ✓  454 [webkit] › tests/e2e/studio-design-contract.spec.ts:54:3 › unified launch surface › desktop: one horizontal header, one launch row, gear strip, then secondary shortcuts (572ms)
  ✓  455 [webkit] › tests/e2e/studio-design-contract.spec.ts:131:3 › unified launch surface › keyboard order follows the launch hierarchy and every target is operable (1.1s)
  ✓  452 [webkit] › tests/e2e/studio-appearance.spec.ts:328:5 › studio appearance › OP-XY screens render without horizontal overflow at 1440px (1.9s)
  ✓  453 [webkit] › tests/e2e/studio-appearance.spec.ts:328:5 › studio appearance › OP-XY screens render without horizontal overflow at 390px (2.0s)
  ✓  458 [webkit] › tests/e2e/studio-design-contract.spec.ts:237:3 › unified launch surface › build identity is exposed and matches the server that delivered it (350ms)
  ✓  459 [webkit] › tests/e2e/studio-design-contract.spec.ts:255:3 › narrow launch and drum workbench › medium launch uses two equal rows with aligned actions (425ms)
  ✓  460 [webkit] › tests/e2e/studio-design-contract.spec.ts:270:3 › narrow launch and drum workbench › narrow launch stacks modules without overflow and keeps 44px targets (571ms)
  ✓  457 [webkit] › tests/e2e/studio-design-contract.spec.ts:205:3 › unified launch surface › semantic colour: neutral actions, cyan loaded, orange selected, red destructive (1.2s)
  ✓  461 [webkit] › tests/e2e/studio-design-contract.spec.ts:291:5 › narrow launch and drum workbench › desktop drum workbench at 1440px: compact header zone, stacked banks left, editor right, quiet EMPTY labels (673ms)
  ✓  462 [webkit] › tests/e2e/studio-design-contract.spec.ts:291:5 › narrow launch and drum workbench › desktop drum workbench at 1024px: compact header zone, stacked banks left, editor right, quiet EMPTY labels (641ms)
  ✓  463 [webkit] › tests/e2e/studio-design-contract.spec.ts:338:5 › narrow launch and drum workbench › drum workbench collapses to one column without overflow at 900px (611ms)
  ✓  464 [webkit] › tests/e2e/studio-design-contract.spec.ts:338:5 › narrow launch and drum workbench › drum workbench collapses to one column without overflow at 390px (531ms)
  ✓  456 [webkit] › tests/e2e/studio-design-contract.spec.ts:161:3 › unified launch surface › task calls to action open their tools directly; setup guidance stays optional (2.7s)
  ✓  468 [webkit] › tests/e2e/studio-light-appearance.spec.ts:437:3 › OP-XY light appearance › field and dark presentations keep their own page tokens (562ms)
  ✓  469 [webkit] › tests/e2e/studio-shell.spec.ts:3:1 › desktop studio uses the available width and has one brand header (392ms)
  ✓  470 [webkit] › tests/e2e/studio-shell.spec.ts:14:1 › overview does not load the drum editor until it is opened (1.2s)
  ✓  465 [webkit] › tests/e2e/studio-light-appearance.spec.ts:206:7 › OP-XY light appearance › 390px › overview, create, transfer, devices and help (2.8s)
  ✓  466 [webkit] › tests/e2e/studio-light-appearance.spec.ts:206:7 › OP-XY light appearance › 1440px › overview, create, transfer, devices and help (2.9s)
  ✓  471 [webkit] › tests/e2e/studio-shell.spec.ts:24:1 › overview defers device and recording workspaces until requested (1.7s)
  ✓  474 [webkit] › tests/e2e/studio-shell.spec.ts:34:1 › top-level workspace navigation survives reload and browser Back (657ms)
  ✓  475 [webkit] › tests/e2e/studio-shell.spec.ts:49:1 › single-sample path reaches manual recording; Help search and navigation preserve the recorder (1.1s)
  ✓  473 [webkit] › tests/e2e/studio-light-appearance.spec.ts:245:7 › OP-XY light appearance › 1440px › drum editor: empty, demo loaded, selection, settings, dialogs (3.7s)
  ✓  467 [webkit] › tests/e2e/studio-light-appearance.spec.ts:348:3 › OP-XY light appearance › 1056px: loaded focus editors fit their column; bulk edit keeps heading and actions in view (7.3s)
  ✓  472 [webkit] › tests/e2e/studio-light-appearance.spec.ts:245:7 › OP-XY light appearance › 390px › drum editor: empty, demo loaded, selection, settings, dialogs (5.2s)
  ✓  476 [webkit] › tests/e2e/studio-shell.spec.ts:85:1 › automatic multisampling and drum setup reach their actual recorders (1.9s)
  ✓  478 [webkit] › tests/e2e/studio-light-appearance.spec.ts:404:5 › OP-XY light appearance › 390px library filters: full-width search, unclipped type and sort, visible favorites (598ms)
  ✓  480 [webkit] › tests/e2e/studio-shell.spec.ts:105:1 › management distinguishes an editable project from library and device export (541ms)
  ✓  481 [webkit] › tests/e2e/studio-light-appearance.spec.ts:404:5 › OP-XY light appearance › 320px library filters: full-width search, unclipped type and sort, visible favorites (638ms)
  ✓  482 [webkit] › tests/e2e/studio-shell.spec.ts:118:1 › narrow Overview and Help retain usable navigation without page overflow (477ms)
  ✓  484 [webkit] › tests/e2e/studio-shell.spec.ts:131:1 › route focus keeps narrow navigation visible and uses the shell as the only workspace map (768ms)
  ✓  483 [webkit] › tests/e2e/studio-light-appearance.spec.ts:427:3 › OP-XY light appearance › stem recorder dialog (1440px) (916ms)
  ✓  485 [webkit] › tests/e2e/studio-workspace.spec.ts:35:1 › Studio Seed plays, edits atomically, restores, and exports its sparse ten-voice map (1.6s)
  ✓  487 [webkit] › tests/e2e/support-links-audit.spec.ts:12:1 › remote post links use validated destinations with a synthetic feed (965ms)
  ✓  479 [webkit] › tests/e2e/studio-light-appearance.spec.ts:289:7 › OP-XY light appearance › 390px › multisample editor: empty, loaded zone, MIDI panel, settings, recorder (5.0s)
  ✓  477 [webkit] › tests/e2e/studio-light-appearance.spec.ts:289:7 › OP-XY light appearance › 1440px › multisample editor: empty, loaded zone, MIDI panel, settings, recorder (6.2s)
  ✓  488 [webkit] › tests/e2e/table-control-audit.spec.ts:5:3 › drum table 1440px settings Save Cancel and Undo preserve edits (1.5s)
  ✓  486 [webkit] › tests/e2e/support-links-audit.spec.ts:4:1 › support and footer links open their declared destinations without external requests (4.2s)
  ✓  489 [webkit] › tests/e2e/studio-light-appearance.spec.ts:325:7 › OP-XY light appearance › 390px › library: empty and saved entry with selection (1.9s)
  ✓  491 [webkit] › tests/e2e/table-control-audit.spec.ts:36:3 › drum table 1440px clear and undo restore a loaded pad (1.1s)
  ✓  490 [webkit] › tests/e2e/studio-light-appearance.spec.ts:325:7 › OP-XY light appearance › 1440px › library: empty and saved entry with selection (2.1s)
  ✓  492 [webkit] › tests/e2e/table-control-audit.spec.ts:5:3 › drum table 390px settings Save Cancel and Undo preserve edits (1.7s)
  ✓  493 [webkit] › tests/e2e/table-control-audit.spec.ts:36:3 › drum table 390px clear and undo restore a loaded pad (1.4s)
  ✓  494 [webkit] › tests/e2e/table-control-audit.spec.ts:50:1 › bulk editing all ten demo sounds is one undoable operation (1.2s)
  ✓  495 [webkit] › tests/e2e/virtual-keyboard-access.spec.ts:4:1 › virtual notes support roving focus, visible focus and empty-note selection (1.1s)
(node:87596) Warning: The 'NO_COLOR' env is ignored due to the 'FORCE_COLOR' env being set.
(Use `node --trace-warnings ...` to show where the warning was created)
(node:87598) Warning: The 'NO_COLOR' env is ignored due to the 'FORCE_COLOR' env being set.
(Use `node --trace-warnings ...` to show where the warning was created)
(node:87599) Warning: The 'NO_COLOR' env is ignored due to the 'FORCE_COLOR' env being set.
(Use `node --trace-warnings ...` to show where the warning was created)
(node:87600) Warning: The 'NO_COLOR' env is ignored due to the 'FORCE_COLOR' env being set.
(Use `node --trace-warnings ...` to show where the warning was created)
  -  497 [Mobile Chrome] › tests/e2e/audio-import.spec.ts:35:1 › desktop row multi-chooser is one reviewed batch with collision-free explicit pads
  ✓  500 [Mobile Chrome] › tests/e2e/audio-import.spec.ts:70:1 › actual chooser sends unknown-extension, empty, and unsupported files to shared review classification (986ms)
  ✓  499 [Mobile Chrome] › tests/e2e/audio-import.spec.ts:46:1 › one sound added after selecting SD2 loads into SD2 rather than the first matching snare pad (1.2s)
  ✓  498 [Mobile Chrome] › tests/e2e/audio-import.spec.ts:56:1 › Replace on a loaded pad proposes that pad and applies the replacement (1.3s)
  ✓  496 [Mobile Chrome] › tests/e2e/audio-import.spec.ts:11:1 › actual codec files stay truthful through chooser review, one Apply, and Undo (1.7s)
  ✓  502 [Mobile Chrome] › tests/e2e/audio-import.spec.ts:88:1 › a captured nested drop keeps a valid sibling and reports the blocked child (729ms)
  -  505 [Mobile Chrome] › tests/e2e/auto-sampling.spec.ts:8:1 › production Chromium captures an exact synthetic MIDI range through only explicit fake audio and MIDI devices
  ✓  503 [Mobile Chrome] › tests/e2e/audio-settings-audit.spec.ts:3:56 › drum audio output controls and normalization retain Undo behavior (1.5s)
  ✓  504 [Mobile Chrome] › tests/e2e/audio-settings-audit.spec.ts:3:56 › multisample audio output controls and normalization retain Undo behavior (1.6s)
  ✓  506 [Mobile Chrome] › tests/e2e/demo-control-audit.spec.ts:4:1 › demo add replace cancel and Undo preserve the existing instrument (1.1s)
  ✓  509 [Mobile Chrome] › tests/e2e/drum-pad-access.spec.ts:5:3 › desktop drum workbench keeps both banks beside the editor at 1440px (585ms)
  ✓  508 [Mobile Chrome] › tests/e2e/devices-workspace.spec.ts:16:1 › Devices keeps setup actions silent, honors route locks, and rejects a stale selected output (1.3s)
  ✓  510 [Mobile Chrome] › tests/e2e/drum-pad-access.spec.ts:5:3 › desktop drum workbench keeps both banks beside the editor at 1024px (585ms)
  ✓  511 [Mobile Chrome] › tests/e2e/drum-pad-access.spec.ts:35:3 › all desktop drum pads remain reachable at 1280px (674ms)
  ✓  512 [Mobile Chrome] › tests/e2e/drum-pad-access.spec.ts:35:3 › all desktop drum pads remain reachable at 900px (680ms)
  ✓  513 [Mobile Chrome] › tests/e2e/drum-pad-access.spec.ts:35:3 › all desktop drum pads remain reachable at 770px (738ms)
  ✓  514 [Mobile Chrome] › tests/e2e/drum-pad-access.spec.ts:78:1 › phone bank controls still expose all 24 drum slots (795ms)
  ✓  515 [Mobile Chrome] › tests/e2e/drum-pad-access.spec.ts:107:1 › loaded labels remain legible on the narrow drum keys (637ms)
  ✓  516 [Mobile Chrome] › tests/e2e/drum-row-actions-audit.spec.ts:3:31 › drum 1440px row Play Record Slice and settings preview retain the instrument (1.1s)
  ✓  501 [Mobile Chrome] › tests/e2e/audio-import.spec.ts:81:1 › malformed patch settings are rejected in both modes without changing settings (6.1s)
  ✓  519 [Mobile Chrome] › tests/e2e/envelope-control-audit.spec.ts:13:1 › multisample disclosures and loop controls support keyboard edits and Undo (904ms)
  ✓  518 [Mobile Chrome] › tests/e2e/envelope-control-audit.spec.ts:3:1 › envelope knobs keyboard edit Undo and preset randomization remain coherent (1.2s)
  ✓  507 [Mobile Chrome] › tests/e2e/demo-control-audit.spec.ts:19:1 › first preset guide exports through preflight and remembers dismissal (5.9s)
  ✓  520 [Mobile Chrome] › tests/e2e/export-workflow.spec.ts:54:1 › a kit with empty pads exports the same pad assignments (972ms)
  ✓  521 [Mobile Chrome] › tests/e2e/export-workflow.spec.ts:63:1 › same-name samples remain distinct audio files in the downloaded kit (1.1s)
  ✓  523 [Mobile Chrome] › tests/e2e/export-workflow.spec.ts:99:1 › an older saved session can be restored after reload with its pad assignments (1.1s)
  ✓  524 [Mobile Chrome] › tests/e2e/export-workflow.spec.ts:120:1 › a failed autosave offers a retry that saves the current work (951ms)
  ✓  522 [Mobile Chrome] › tests/e2e/export-workflow.spec.ts:75:1 › imported multisample settings survive the real upload and export flow (2.0s)
  ✓  527 [Mobile Chrome] › tests/e2e/export-workflow.spec.ts:219:1 › settings-only work is offered for recovery after reload (834ms)
  ✓  526 [Mobile Chrome] › tests/e2e/export-workflow.spec.ts:190:1 › portable project restores sparse audio and its import can be undone (1.5s)
  ✓  517 [Mobile Chrome] › tests/e2e/drum-row-actions-audit.spec.ts:3:31 › drum 390px row Play Record Slice and settings preview retain the instrument (6.1s)
  ✓  529 [Mobile Chrome] › tests/e2e/export-workflow.spec.ts:252:1 › preset import undoes atomically and confirmation keeps project shortcuts blocked (842ms)
  ✓  528 [Mobile Chrome] › tests/e2e/export-workflow.spec.ts:232:1 › keyboard undo and redo restore whole audio loads without changing pad banks (1.0s)
  ✓  531 [Mobile Chrome] › tests/e2e/file-entry-audit.spec.ts:9:56 › drum Browse folder reviews files and Cancel keeps the empty instrument (699ms)
  ✓  532 [Mobile Chrome] › tests/e2e/file-entry-audit.spec.ts:9:56 › multisample Browse folder reviews files and Cancel keeps the empty instrument (849ms)
  ✓  530 [Mobile Chrome] › tests/e2e/export-workflow.spec.ts:287:1 › malformed project backup leaves the current sparse project untouched (997ms)
  ✓  533 [Mobile Chrome] › tests/e2e/file-entry-audit.spec.ts:16:1 › multisample patch settings chooser imports atomically and supports Undo (877ms)
  ✓  535 [Mobile Chrome] › tests/e2e/file-entry-audit.spec.ts:25:1 › mobile empty drum table browse loads the chosen pad (799ms)
  ✓  534 [Mobile Chrome] › tests/e2e/file-entry-audit.spec.ts:19:1 › drum import rejects malformed OP-1 files, auditions unassigned audio, and opens setup help (1.0s)
  ✓  536 [Mobile Chrome] › tests/e2e/file-entry-audit.spec.ts:29:1 › multisample import inclusion and root edits commit together and Undo (958ms)
  ✓  538 [Mobile Chrome] › tests/e2e/file-entry-audit.spec.ts:47:1 › multisample zone selection and note naming do not change roots (869ms)
  ✓  537 [Mobile Chrome] › tests/e2e/file-entry-audit.spec.ts:35:1 › export preflight edits name and includes unassigned sound only when requested (1.1s)
  ✓  539 [Mobile Chrome] › tests/e2e/file-entry-audit.spec.ts:52:31 › multisample empty table 1440px browse and waveform draft cancellation (1.2s)
  ✓  541 [Mobile Chrome] › tests/e2e/file-entry-audit.spec.ts:56:1 › organize row drops choose the intended empty pads (960ms)
  ✓  540 [Mobile Chrome] › tests/e2e/file-entry-audit.spec.ts:52:31 › multisample empty table 390px browse and waveform draft cancellation (1.4s)
  ✓  542 [Mobile Chrome] › tests/e2e/file-entry-audit.spec.ts:61:1 › wide drum MIDI audition channel persists with an isolated MIDI stub (656ms)
  ✓  544 [Mobile Chrome] › tests/e2e/file-entry-audit.spec.ts:70:1 › sample settings waveform drag is saved once and Undo restores markers (1.0s)
  ✓  545 [Mobile Chrome] › tests/e2e/focus-control-audit.spec.ts:4:1 › focused drum controls persist modes trim and slider gestures with Undo (1.1s)
  ✓  543 [Mobile Chrome] › tests/e2e/file-entry-audit.spec.ts:66:1 › an empty multisample key selects the root for the nearby Add sounds chooser (1.8s)
  ✓  546 [Mobile Chrome] › tests/e2e/focus-control-audit.spec.ts:28:1 › focused drum moves a sound to an empty pad then Undo restores its position (917ms)
  ✓  547 [Mobile Chrome] › tests/e2e/focus-control-audit.spec.ts:43:1 › focused drum clear cancellation preserves sound and confirmation is undoable (859ms)
  ✓  548 [Mobile Chrome] › tests/e2e/focus-entry-audit.spec.ts:5:56 › drum focus import record and clear entry points preserve reviewed audio (1.0s)
  ✓  550 [Mobile Chrome] › tests/e2e/guide-control-audit.spec.ts:3:79 › guided Multisample a synth navigation help and import entry (449ms)
  ✓  552 [Mobile Chrome] › tests/e2e/guide-control-audit.spec.ts:3:79 › guided Build a drum kit navigation help and import entry (317ms)
  ✓  551 [Mobile Chrome] › tests/e2e/guide-control-audit.spec.ts:3:79 › guided Sample a sound navigation help and import entry (444ms)
  ✓  553 [Mobile Chrome] › tests/e2e/guide-control-audit.spec.ts:22:1 › transfer actions open the expected workspace (301ms)
  -  555 [Mobile Chrome] › tests/e2e/guided-multisample-flow.spec.ts:5:88 › guided hardware flow checks captures and finishes with Continue editing
  -  556 [Mobile Chrome] › tests/e2e/guided-multisample-flow.spec.ts:5:88 › guided hardware flow checks captures and finishes with Save to library
  ✓  554 [Mobile Chrome] › tests/e2e/guide-control-audit.spec.ts:30:1 › guided Back controls retain task choice without opening a recorder (375ms)
  -  557 [Mobile Chrome] › tests/e2e/guided-multisample-flow.spec.ts:5:88 › guided hardware flow checks captures and finishes with Review OP-XY export
  ✓  558 [Mobile Chrome] › tests/e2e/instrument-utility-audit.spec.ts:7:56 › drum clear reset defaults and pin controls preserve Undo and persistence (2.2s)
  ✓  559 [Mobile Chrome] › tests/e2e/instrument-utility-audit.spec.ts:7:56 › multisample clear reset defaults and pin controls preserve Undo and persistence (2.2s)
  ✓  561 [Mobile Chrome] › tests/e2e/keyboard-platform.spec.ts:4:1 › native full-control keyboard navigation reaches buttons after heading focus (100ms)
  ✓  560 [Mobile Chrome] › tests/e2e/instrument-utility-audit.spec.ts:31:1 › drum organize control reveals both row drop zones and returns to playing (657ms)
  ✓  525 [Mobile Chrome] › tests/e2e/export-workflow.spec.ts:147:1 › library reload restores saved multisample settings and keeps the drum kit (13.4s)
  ✓  563 [Mobile Chrome] › tests/e2e/library-control-audit.spec.ts:6:31 › library 1440px cancel details collections download and confirmed deletion (2.2s)
  ✓  549 [Mobile Chrome] › tests/e2e/focus-entry-audit.spec.ts:5:56 › multisample focus import record and clear entry points preserve reviewed audio (6.8s)
  ✓  564 [Mobile Chrome] › tests/e2e/library-control-audit.spec.ts:6:31 › library 390px cancel details collections download and confirmed deletion (2.2s)
  ✓  565 [Mobile Chrome] › tests/e2e/library-order-audit.spec.ts:3:31 › library 1440px favorites and collection down/remove retain saved presets (2.3s)
  ✓  566 [Mobile Chrome] › tests/e2e/library-order-audit.spec.ts:3:31 › library 390px favorites and collection down/remove retain saved presets (2.6s)
  ✓  569 [Mobile Chrome] › tests/e2e/loop-editor.spec.ts:154:1 › portrait touch opens the responsive editor without a rotation gate (979ms)
  ✓  568 [Mobile Chrome] › tests/e2e/loop-editor.spec.ts:68:1 › zoom editor saves one atomic half-open edit and exports real converted loop bytes (2.3s)
  ✓  570 [Mobile Chrome] › tests/e2e/loop-editor.spec.ts:165:1 › drum table opens the same frame editor and Cancel preserves its markers (932ms)
  ✓  571 [Mobile Chrome] › tests/e2e/loop-editor.spec.ts:178:1 › waveform surface opens zoom and Escape preserves existing markers (745ms)
  ✓  572 [Mobile Chrome] › tests/e2e/marker-actions-audit.spec.ts:5:56 › drum zero-crossing action changes markers atomically and Undo restores them (1.1s)
  ✓  573 [Mobile Chrome] › tests/e2e/marker-actions-audit.spec.ts:5:56 › multisample zero-crossing action changes markers atomically and Undo restores them (1.0s)
  ✓  574 [Mobile Chrome] › tests/e2e/mobile-row-drop-audit.spec.ts:5:1 › dropping onto an occupied mobile multisample row requires review and Cancel preserves it (871ms)
  ✓  575 [Mobile Chrome] › tests/e2e/modal-cancellation-audit.spec.ts:4:1 › Escape discards demo and library dialog drafts without changing saved content (2.0s)
  ✓  576 [Mobile Chrome] › tests/e2e/modal-cancellation-audit.spec.ts:11:1 › recording connection checklist and official track links are reachable without hardware (1.6s)
  ✓  567 [Mobile Chrome] › tests/e2e/library-workflow.spec.ts:14:1 › library details persist and sample previews leave the working instrument unchanged (8.2s)
  ✓  578 [Mobile Chrome] › tests/e2e/multisample-table-audit.spec.ts:7:31 › multisample table 1440px root editing replace clear and Undo (1.4s)
  ✓  579 [Mobile Chrome] › tests/e2e/multisample-table-audit.spec.ts:7:31 › multisample table 390px root editing replace clear and Undo (1.7s)
  ✓  580 [Mobile Chrome] › tests/e2e/multisample-table-audit.spec.ts:32:131 › multisample table 1440px supports keyboard audition (854ms)
  ✓  577 [Mobile Chrome] › tests/e2e/modal-cancellation-audit.spec.ts:16:1 › instrument and library help tooltips reveal explanations and dismiss on pointer exit (2.9s)
  ✓  581 [Mobile Chrome] › tests/e2e/multisample-table-audit.spec.ts:32:131 › multisample table 390px supports keyboard audition (807ms)
  ✓  562 [Mobile Chrome] › tests/e2e/library-collections.spec.ts:48:1 › collections retain mixed presets and export every member despite a search filter (14.1s)
  ✓  582 [Mobile Chrome] › tests/e2e/multisample-table-audit.spec.ts:32:131 › multisample table 1440px supports keyboard audition while the audio clock advances (887ms)
  ✓  584 [Mobile Chrome] › tests/e2e/recording.spec.ts:92:1 › manual Start and Stop can repeat, and Cancel releases every input without changing the project (1.0s)
  ✓  585 [Mobile Chrome] › tests/e2e/recording.spec.ts:106:34 › recorder keeps actions visible and owns discard focus at 390px (1.3s)
  ✓  586 [Mobile Chrome] › tests/e2e/recording.spec.ts:106:34 › recorder keeps actions visible and owns discard focus at 1280px (1.3s)
  ✓  587 [Mobile Chrome] › tests/e2e/settings-control-audit.spec.ts:7:3 › drum: every persisted preset select option is editable and undoable (864ms)
  ✓  588 [Mobile Chrome] › tests/e2e/settings-control-audit.spec.ts:32:3 › drum: every visible preset slider supports keyboard change and undo (932ms)
  ✓  590 [Mobile Chrome] › tests/e2e/settings-control-audit.spec.ts:32:3 › multisample: every visible preset slider supports keyboard change and undo (1.5s)
  ✓  591 [Mobile Chrome] › tests/e2e/settings-control-audit.spec.ts:55:1 › Project menu Open library synchronizes the route and survives reload (1.7s)
  ✓  592 [Mobile Chrome] › tests/e2e/settings-control-audit.spec.ts:64:1 › repeated Back while recording does not grow browser history (587ms)
  ✓  589 [Mobile Chrome] › tests/e2e/settings-control-audit.spec.ts:7:3 › multisample: every persisted preset select option is editable and undoable (2.4s)
  ✓  593 [Mobile Chrome] › tests/e2e/shell-utility-audit.spec.ts:4:1 › theme picker persists explicit choices and follows system changes (323ms)
  ✓  594 [Mobile Chrome] › tests/e2e/shell-utility-audit.spec.ts:13:1 › start new discards the offered session while retaining library presets (1.9s)
  ✓  595 [Mobile Chrome] › tests/e2e/slicing.spec.ts:76:1 › direct slice replacement and existing-pad unassignment preserve originals, cancel, and atomic Undo/Redo (2.6s)
  ✓  597 [Mobile Chrome] › tests/e2e/slicing.spec.ts:245:1 › edited slicing session survives browser Back until explicitly discarded (740ms)
  ✓  599 [Mobile Chrome] › tests/e2e/slicing.spec.ts:262:3 › slicer groups, disclosure keyboard access and fixed footer at 390x640 (947ms)
  -  600 [Mobile Chrome] › tests/e2e/stem-recording-device.spec.ts:5:1 › generated audio through the real worklet produces reviewed WAVs and a ZIP
  ✓  598 [Mobile Chrome] › tests/e2e/slicing.spec.ts:262:3 › slicer groups, disclosure keyboard access and fixed footer at 1280x720 (1.1s)
  ✓  583 [Mobile Chrome] › tests/e2e/recording.spec.ts:59:1 › records two sound-triggered PCM takes, applies one, preserves one, and archives exact recording metadata (8.3s)
  ✓  601 [Mobile Chrome] › tests/e2e/stem-recording.spec.ts:3:1 › track recording entry opens the production beginner workflow (590ms)
  ✓  602 [Mobile Chrome] › tests/e2e/stem-recording.spec.ts:5:1 › unsupported browser path stays readable and does not offer product simulation (554ms)
  ✓  596 [Mobile Chrome] › tests/e2e/slicing.spec.ts:124:1 › slice source, live clock mark, apply, export, undo, and portable provenance round trip (4.0s)
  ✓  604 [Mobile Chrome] › tests/e2e/studio-appearance.spec.ts:74:3 › studio appearance › blocked presentation storage still renders and switches in memory (293ms)
  ✓  603 [Mobile Chrome] › tests/e2e/studio-appearance.spec.ts:48:3 › studio appearance › defaults to Field, persists OP-XY across reload, and falls back for an invalid value (352ms)
  ✓  605 [Mobile Chrome] › tests/e2e/studio-appearance.spec.ts:88:3 › studio appearance › Theme and Appearance are independent in both directions (347ms)
  ✓  608 [Mobile Chrome] › tests/e2e/studio-appearance.spec.ts:206:3 › studio appearance › keyboard: one tab stop, arrows select, focus ring visible, 44px targets (455ms)
  ✓  610 [Mobile Chrome] › tests/e2e/studio-appearance.spec.ts:289:5 › studio appearance › OP-XY launch artwork labels and useful outlines stay legible on black (light) (204ms)
  ✓  606 [Mobile Chrome] › tests/e2e/studio-appearance.spec.ts:117:3 › studio appearance › switching with an edited demo kit keeps route, samples, edits, undo and focus (996ms)
  ✓  611 [Mobile Chrome] › tests/e2e/studio-appearance.spec.ts:289:5 › studio appearance › OP-XY launch artwork labels and useful outlines stay legible on black (dark) (197ms)
  ✓  612 [Mobile Chrome] › tests/e2e/studio-appearance.spec.ts:304:5 › studio appearance › header brand and settings stay readable at 390px in both appearances (319ms)
  ✓  613 [Mobile Chrome] › tests/e2e/studio-appearance.spec.ts:304:5 › studio appearance › header brand and settings stay readable at 834px in both appearances (324ms)
  ✓  614 [Mobile Chrome] › tests/e2e/studio-appearance.spec.ts:304:5 › studio appearance › header brand and settings stay readable at 1024px in both appearances (323ms)
  ✓  615 [Mobile Chrome] › tests/e2e/studio-appearance.spec.ts:304:5 › studio appearance › header brand and settings stay readable at 1280px in both appearances (312ms)
  ✓  616 [Mobile Chrome] › tests/e2e/studio-appearance.spec.ts:304:5 › studio appearance › header brand and settings stay readable at 1440px in both appearances (323ms)
  ✓  617 [Mobile Chrome] › tests/e2e/studio-appearance.spec.ts:328:5 › studio appearance › OP-XY screens render without horizontal overflow at 1440px (1.9s)
  -  619 [Mobile Chrome] › tests/e2e/studio-design-contract.spec.ts:54:3 › unified launch surface › desktop: one horizontal header, one launch row, gear strip, then secondary shortcuts
  -  620 [Mobile Chrome] › tests/e2e/studio-design-contract.spec.ts:131:3 › unified launch surface › keyboard order follows the launch hierarchy and every target is operable
  -  621 [Mobile Chrome] › tests/e2e/studio-design-contract.spec.ts:161:3 › unified launch surface › task calls to action open their tools directly; setup guidance stays optional
  -  622 [Mobile Chrome] › tests/e2e/studio-design-contract.spec.ts:205:3 › unified launch surface › semantic colour: neutral actions, cyan loaded, orange selected, red destructive
  -  623 [Mobile Chrome] › tests/e2e/studio-design-contract.spec.ts:237:3 › unified launch surface › build identity is exposed and matches the server that delivered it
  ✓  618 [Mobile Chrome] › tests/e2e/studio-appearance.spec.ts:328:5 › studio appearance › OP-XY screens render without horizontal overflow at 390px (1.9s)
  ✓  624 [Mobile Chrome] › tests/e2e/studio-design-contract.spec.ts:255:3 › narrow launch and drum workbench › medium launch uses two equal rows with aligned actions (187ms)
  -  626 [Mobile Chrome] › tests/e2e/studio-design-contract.spec.ts:291:5 › narrow launch and drum workbench › desktop drum workbench at 1440px: compact header zone, stacked banks left, editor right, quiet EMPTY labels
  -  627 [Mobile Chrome] › tests/e2e/studio-design-contract.spec.ts:291:5 › narrow launch and drum workbench › desktop drum workbench at 1024px: compact header zone, stacked banks left, editor right, quiet EMPTY labels
  ✓  625 [Mobile Chrome] › tests/e2e/studio-design-contract.spec.ts:270:3 › narrow launch and drum workbench › narrow launch stacks modules without overflow and keeps 44px targets (253ms)
  ✓  628 [Mobile Chrome] › tests/e2e/studio-design-contract.spec.ts:338:5 › narrow launch and drum workbench › drum workbench collapses to one column without overflow at 900px (234ms)
  ✓  629 [Mobile Chrome] › tests/e2e/studio-design-contract.spec.ts:338:5 › narrow launch and drum workbench › drum workbench collapses to one column without overflow at 390px (223ms)
  ✓  607 [Mobile Chrome] › tests/e2e/studio-appearance.spec.ts:178:3 › studio appearance › waveform canvases repaint with the new appearance tokens (6.3s)
  ✓  609 [Mobile Chrome] › tests/e2e/studio-appearance.spec.ts:253:3 › studio appearance › multisample: switching keeps the imported zone, a root-note edit and its undo (6.6s)
  ✓  633 [Mobile Chrome] › tests/e2e/studio-light-appearance.spec.ts:437:3 › OP-XY light appearance › field and dark presentations keep their own page tokens (194ms)
  ✓  634 [Mobile Chrome] › tests/e2e/studio-shell.spec.ts:3:1 › desktop studio uses the available width and has one brand header (172ms)
  ✓  630 [Mobile Chrome] › tests/e2e/studio-light-appearance.spec.ts:206:7 › OP-XY light appearance › 390px › overview, create, transfer, devices and help (3.0s)
  ✓  631 [Mobile Chrome] › tests/e2e/studio-light-appearance.spec.ts:206:7 › OP-XY light appearance › 1440px › overview, create, transfer, devices and help (3.7s)
  ✓  635 [Mobile Chrome] › tests/e2e/studio-shell.spec.ts:14:1 › overview does not load the drum editor until it is opened (1.0s)
  ✓  638 [Mobile Chrome] › tests/e2e/studio-shell.spec.ts:24:1 › overview defers device and recording workspaces until requested (1.0s)
  ✓  639 [Mobile Chrome] › tests/e2e/studio-shell.spec.ts:34:1 › top-level workspace navigation survives reload and browser Back (389ms)
  ✓  640 [Mobile Chrome] › tests/e2e/studio-shell.spec.ts:49:1 › single-sample path reaches manual recording; Help search and navigation preserve the recorder (1.3s)
  ✓  637 [Mobile Chrome] › tests/e2e/studio-light-appearance.spec.ts:245:7 › OP-XY light appearance › 1440px › drum editor: empty, demo loaded, selection, settings, dialogs (4.5s)
  ✓  641 [Mobile Chrome] › tests/e2e/studio-shell.spec.ts:85:1 › automatic multisampling and drum setup reach their actual recorders (2.0s)
  ✓  643 [Mobile Chrome] › tests/e2e/studio-shell.spec.ts:105:1 › management distinguishes an editable project from library and device export (308ms)
  ✓  644 [Mobile Chrome] › tests/e2e/studio-shell.spec.ts:118:1 › narrow Overview and Help retain usable navigation without page overflow (187ms)
  ✓  645 [Mobile Chrome] › tests/e2e/studio-shell.spec.ts:131:1 › route focus keeps narrow navigation visible and uses the shell as the only workspace map (371ms)
  ✓  632 [Mobile Chrome] › tests/e2e/studio-light-appearance.spec.ts:348:3 › OP-XY light appearance › 1056px: loaded focus editors fit their column; bulk edit keeps heading and actions in view (7.7s)
  ✓  647 [Mobile Chrome] › tests/e2e/studio-light-appearance.spec.ts:404:5 › OP-XY light appearance › 390px library filters: full-width search, unclipped type and sort, visible favorites (406ms)
  ✓  648 [Mobile Chrome] › tests/e2e/studio-light-appearance.spec.ts:404:5 › OP-XY light appearance › 320px library filters: full-width search, unclipped type and sort, visible favorites (423ms)
  ✓  646 [Mobile Chrome] › tests/e2e/studio-workspace.spec.ts:35:1 › Studio Seed plays, edits atomically, restores, and exports its sparse ten-voice map (1.2s)
  ✓  636 [Mobile Chrome] › tests/e2e/studio-light-appearance.spec.ts:245:7 › OP-XY light appearance › 390px › drum editor: empty, demo loaded, selection, settings, dialogs (8.6s)
  ✓  649 [Mobile Chrome] › tests/e2e/studio-light-appearance.spec.ts:427:3 › OP-XY light appearance › stem recorder dialog (1440px) (866ms)
  ✓  652 [Mobile Chrome] › tests/e2e/support-links-audit.spec.ts:12:1 › remote post links use validated destinations with a synthetic feed (437ms)
  ✓  653 [Mobile Chrome] › tests/e2e/table-control-audit.spec.ts:5:3 › drum table 1440px settings Save Cancel and Undo preserve edits (1.1s)
  ✓  650 [Mobile Chrome] › tests/e2e/support-links-audit.spec.ts:4:1 › support and footer links open their declared destinations without external requests (2.6s)
  ✓  654 [Mobile Chrome] › tests/e2e/table-control-audit.spec.ts:36:3 › drum table 1440px clear and undo restore a loaded pad (860ms)
  ✓  655 [Mobile Chrome] › tests/e2e/table-control-audit.spec.ts:5:3 › drum table 390px settings Save Cancel and Undo preserve edits (1.2s)
  ✓  642 [Mobile Chrome] › tests/e2e/studio-light-appearance.spec.ts:289:7 › OP-XY light appearance › 1440px › multisample editor: empty, loaded zone, MIDI panel, settings, recorder (6.6s)
  ✓  656 [Mobile Chrome] › tests/e2e/table-control-audit.spec.ts:36:3 › drum table 390px clear and undo restore a loaded pad (942ms)
  ✓  657 [Mobile Chrome] › tests/e2e/table-control-audit.spec.ts:50:1 › bulk editing all ten demo sounds is one undoable operation (877ms)
  ✓  659 [Mobile Chrome] › tests/e2e/virtual-keyboard-access.spec.ts:4:1 › virtual notes support roving focus, visible focus and empty-note selection (704ms)
(node:87948) Warning: The 'NO_COLOR' env is ignored due to the 'FORCE_COLOR' env being set.
(Use `node --trace-warnings ...` to show where the warning was created)
(node:87949) Warning: The 'NO_COLOR' env is ignored due to the 'FORCE_COLOR' env being set.
(Use `node --trace-warnings ...` to show where the warning was created)
  ✓  651 [Mobile Chrome] › tests/e2e/studio-light-appearance.spec.ts:289:7 › OP-XY light appearance › 390px › multisample editor: empty, loaded zone, MIDI panel, settings, recorder (5.1s)
  -  661 [Mobile Safari] › tests/e2e/audio-import.spec.ts:35:1 › desktop row multi-chooser is one reviewed batch with collision-free explicit pads
  ✓  658 [Mobile Chrome] › tests/e2e/studio-light-appearance.spec.ts:325:7 › OP-XY light appearance › 1440px › library: empty and saved entry with selection (2.7s)
  ✓  663 [Mobile Safari] › tests/e2e/audio-import.spec.ts:46:1 › one sound added after selecting SD2 loads into SD2 rather than the first matching snare pad (1.1s)
(node:87986) Warning: The 'NO_COLOR' env is ignored due to the 'FORCE_COLOR' env being set.
(Use `node --trace-warnings ...` to show where the warning was created)
  ✓  660 [Mobile Safari] › tests/e2e/audio-import.spec.ts:11:1 › actual codec files stay truthful through chooser review, one Apply, and Undo (2.0s)
  ✓  662 [Mobile Chrome] › tests/e2e/studio-light-appearance.spec.ts:325:7 › OP-XY light appearance › 390px › library: empty and saved entry with selection (2.1s)
  ✓  664 [Mobile Safari] › tests/e2e/audio-import.spec.ts:70:1 › actual chooser sends unknown-extension, empty, and unsupported files to shared review classification (1.2s)
(node:88009) Warning: The 'NO_COLOR' env is ignored due to the 'FORCE_COLOR' env being set.
(Use `node --trace-warnings ...` to show where the warning was created)
  ✓  665 [Mobile Safari] › tests/e2e/audio-import.spec.ts:56:1 › Replace on a loaded pad proposes that pad and applies the replacement (1.5s)
  ✓  668 [Mobile Safari] › tests/e2e/audio-import.spec.ts:88:1 › a captured nested drop keeps a valid sibling and reports the blocked child (1.2s)
  ✓  667 [Mobile Safari] › tests/e2e/audio-settings-audit.spec.ts:3:56 › drum audio output controls and normalization retain Undo behavior (2.0s)
  -  670 [Mobile Safari] › tests/e2e/auto-sampling.spec.ts:8:1 › production Chromium captures an exact synthetic MIDI range through only explicit fake audio and MIDI devices
  ✓  669 [Mobile Safari] › tests/e2e/audio-settings-audit.spec.ts:3:56 › multisample audio output controls and normalization retain Undo behavior (2.1s)
  ✓  671 [Mobile Safari] › tests/e2e/demo-control-audit.spec.ts:4:1 › demo add replace cancel and Undo preserve the existing instrument (1.4s)
  ✓  674 [Mobile Safari] › tests/e2e/drum-pad-access.spec.ts:5:3 › desktop drum workbench keeps both banks beside the editor at 1440px (794ms)
  ✓  673 [Mobile Safari] › tests/e2e/devices-workspace.spec.ts:16:1 › Devices keeps setup actions silent, honors route locks, and rejects a stale selected output (1.9s)
  ✓  675 [Mobile Safari] › tests/e2e/drum-pad-access.spec.ts:5:3 › desktop drum workbench keeps both banks beside the editor at 1024px (826ms)
  ✓  676 [Mobile Safari] › tests/e2e/drum-pad-access.spec.ts:35:3 › all desktop drum pads remain reachable at 1280px (977ms)
  ✓  666 [Mobile Safari] › tests/e2e/audio-import.spec.ts:81:1 › malformed patch settings are rejected in both modes without changing settings (6.6s)
  ✓  677 [Mobile Safari] › tests/e2e/drum-pad-access.spec.ts:35:3 › all desktop drum pads remain reachable at 900px (961ms)
  ✓  678 [Mobile Safari] › tests/e2e/drum-pad-access.spec.ts:35:3 › all desktop drum pads remain reachable at 770px (1.1s)
  ✓  680 [Mobile Safari] › tests/e2e/drum-pad-access.spec.ts:107:1 › loaded labels remain legible on the narrow drum keys (918ms)
  ✓  679 [Mobile Safari] › tests/e2e/drum-pad-access.spec.ts:78:1 › phone bank controls still expose all 24 drum slots (1.1s)
  ✓  681 [Mobile Safari] › tests/e2e/drum-row-actions-audit.spec.ts:3:31 › drum 1440px row Play Record Slice and settings preview retain the instrument (1.5s)
  ✓  672 [Mobile Safari] › tests/e2e/demo-control-audit.spec.ts:19:1 › first preset guide exports through preflight and remembers dismissal (6.1s)
  ✓  683 [Mobile Safari] › tests/e2e/envelope-control-audit.spec.ts:3:1 › envelope knobs keyboard edit Undo and preset randomization remain coherent (1.5s)
  ✓  682 [Mobile Safari] › tests/e2e/drum-row-actions-audit.spec.ts:3:31 › drum 390px row Play Record Slice and settings preview retain the instrument (1.6s)
  ✓  684 [Mobile Safari] › tests/e2e/envelope-control-audit.spec.ts:13:1 › multisample disclosures and loop controls support keyboard edits and Undo (1.4s)
  ✓  685 [Mobile Safari] › tests/e2e/export-workflow.spec.ts:54:1 › a kit with empty pads exports the same pad assignments (1.4s)
  ✓  686 [Mobile Safari] › tests/e2e/export-workflow.spec.ts:63:1 › same-name samples remain distinct audio files in the downloaded kit (1.4s)
  ✓  687 [Mobile Safari] › tests/e2e/export-workflow.spec.ts:75:1 › imported multisample settings survive the real upload and export flow (2.1s)
  ✓  689 [Mobile Safari] › tests/e2e/export-workflow.spec.ts:120:1 › a failed autosave offers a retry that saves the current work (1.3s)
  ✓  688 [Mobile Safari] › tests/e2e/export-workflow.spec.ts:99:1 › an older saved session can be restored after reload with its pad assignments (1.6s)
  ✓  692 [Mobile Safari] › tests/e2e/export-workflow.spec.ts:219:1 › settings-only work is offered for recovery after reload (1.2s)
  ✓  693 [Mobile Safari] › tests/e2e/export-workflow.spec.ts:232:1 › keyboard undo and redo restore whole audio loads without changing pad banks (1.4s)
  ✓  691 [Mobile Safari] › tests/e2e/export-workflow.spec.ts:190:1 › portable project restores sparse audio and its import can be undone (2.0s)
  ✓  694 [Mobile Safari] › tests/e2e/export-workflow.spec.ts:252:1 › preset import undoes atomically and confirmation keeps project shortcuts blocked (1.2s)
  ✓  696 [Mobile Safari] › tests/e2e/file-entry-audit.spec.ts:9:56 › drum Browse folder reviews files and Cancel keeps the empty instrument (1.0s)
  ✓  695 [Mobile Safari] › tests/e2e/export-workflow.spec.ts:287:1 › malformed project backup leaves the current sparse project untouched (1.4s)
  ✓  697 [Mobile Safari] › tests/e2e/file-entry-audit.spec.ts:9:56 › multisample Browse folder reviews files and Cancel keeps the empty instrument (1.2s)
  ✓  698 [Mobile Safari] › tests/e2e/file-entry-audit.spec.ts:16:1 › multisample patch settings chooser imports atomically and supports Undo (1.2s)
  ✓  699 [Mobile Safari] › tests/e2e/file-entry-audit.spec.ts:19:1 › drum import rejects malformed OP-1 files, auditions unassigned audio, and opens setup help (1.3s)
  ✓  700 [Mobile Safari] › tests/e2e/file-entry-audit.spec.ts:25:1 › mobile empty drum table browse loads the chosen pad (1.0s)
  ✓  701 [Mobile Safari] › tests/e2e/file-entry-audit.spec.ts:29:1 › multisample import inclusion and root edits commit together and Undo (1.4s)
  ✓  703 [Mobile Safari] › tests/e2e/file-entry-audit.spec.ts:47:1 › multisample zone selection and note naming do not change roots (1.3s)
  ✓  702 [Mobile Safari] › tests/e2e/file-entry-audit.spec.ts:35:1 › export preflight edits name and includes unassigned sound only when requested (1.7s)
  ✓  704 [Mobile Safari] › tests/e2e/file-entry-audit.spec.ts:52:31 › multisample empty table 1440px browse and waveform draft cancellation (1.8s)
  ✓  706 [Mobile Safari] › tests/e2e/file-entry-audit.spec.ts:56:1 › organize row drops choose the intended empty pads (1.5s)
  ✓  705 [Mobile Safari] › tests/e2e/file-entry-audit.spec.ts:52:31 › multisample empty table 390px browse and waveform draft cancellation (1.9s)
  ✓  707 [Mobile Safari] › tests/e2e/file-entry-audit.spec.ts:61:1 › wide drum MIDI audition channel persists with an isolated MIDI stub (963ms)
  ✓  708 [Mobile Safari] › tests/e2e/file-entry-audit.spec.ts:66:1 › an empty multisample key selects the root for the nearby Add sounds chooser (1.4s)
  ✓  709 [Mobile Safari] › tests/e2e/file-entry-audit.spec.ts:70:1 › sample settings waveform drag is saved once and Undo restores markers (1.3s)
  ✓  710 [Mobile Safari] › tests/e2e/focus-control-audit.spec.ts:4:1 › focused drum controls persist modes trim and slider gestures with Undo (1.4s)
  ✓  711 [Mobile Safari] › tests/e2e/focus-control-audit.spec.ts:28:1 › focused drum moves a sound to an empty pad then Undo restores its position (1.1s)
  ✓  712 [Mobile Safari] › tests/e2e/focus-control-audit.spec.ts:43:1 › focused drum clear cancellation preserves sound and confirmation is undoable (1.2s)
  ✓  713 [Mobile Safari] › tests/e2e/focus-entry-audit.spec.ts:5:56 › drum focus import record and clear entry points preserve reviewed audio (1.4s)
  ✓  715 [Mobile Safari] › tests/e2e/guide-control-audit.spec.ts:3:79 › guided Multisample a synth navigation help and import entry (731ms)
  ✓  717 [Mobile Safari] › tests/e2e/guide-control-audit.spec.ts:3:79 › guided Build a drum kit navigation help and import entry (510ms)
  ✓  716 [Mobile Safari] › tests/e2e/guide-control-audit.spec.ts:3:79 › guided Sample a sound navigation help and import entry (655ms)
  ✓  718 [Mobile Safari] › tests/e2e/guide-control-audit.spec.ts:22:1 › transfer actions open the expected workspace (637ms)
  ✓  719 [Mobile Safari] › tests/e2e/guide-control-audit.spec.ts:30:1 › guided Back controls retain task choice without opening a recorder (634ms)
  -  720 [Mobile Safari] › tests/e2e/guided-multisample-flow.spec.ts:5:88 › guided hardware flow checks captures and finishes with Continue editing
  -  721 [Mobile Safari] › tests/e2e/guided-multisample-flow.spec.ts:5:88 › guided hardware flow checks captures and finishes with Save to library
  ✓  690 [Mobile Safari] › tests/e2e/export-workflow.spec.ts:147:1 › library reload restores saved multisample settings and keeps the drum kit (13.6s)
  -  722 [Mobile Safari] › tests/e2e/guided-multisample-flow.spec.ts:5:88 › guided hardware flow checks captures and finishes with Review OP-XY export
  ✓  725 [Mobile Safari] › tests/e2e/instrument-utility-audit.spec.ts:31:1 › drum organize control reveals both row drop zones and returns to playing (937ms)
  ✓  726 [Mobile Safari] › tests/e2e/keyboard-platform.spec.ts:4:1 › native full-control keyboard navigation reaches buttons after heading focus (305ms)
  ✓  723 [Mobile Safari] › tests/e2e/instrument-utility-audit.spec.ts:7:56 › drum clear reset defaults and pin controls preserve Undo and persistence (3.1s)
  ✓  724 [Mobile Safari] › tests/e2e/instrument-utility-audit.spec.ts:7:56 › multisample clear reset defaults and pin controls preserve Undo and persistence (3.4s)
  ✓  714 [Mobile Safari] › tests/e2e/focus-entry-audit.spec.ts:5:56 › multisample focus import record and clear entry points preserve reviewed audio (6.8s)
  ✓  728 [Mobile Safari] › tests/e2e/library-control-audit.spec.ts:6:31 › library 1440px cancel details collections download and confirmed deletion (2.1s)
  ✓  729 [Mobile Safari] › tests/e2e/library-control-audit.spec.ts:6:31 › library 390px cancel details collections download and confirmed deletion (2.0s)
  ✓  730 [Mobile Safari] › tests/e2e/library-order-audit.spec.ts:3:31 › library 1440px favorites and collection down/remove retain saved presets (2.2s)
  ✓  731 [Mobile Safari] › tests/e2e/library-order-audit.spec.ts:3:31 › library 390px favorites and collection down/remove retain saved presets (2.4s)
  ✓  734 [Mobile Safari] › tests/e2e/loop-editor.spec.ts:154:1 › portrait touch opens the responsive editor without a rotation gate (1.5s)
  ✓  733 [Mobile Safari] › tests/e2e/loop-editor.spec.ts:68:1 › zoom editor saves one atomic half-open edit and exports real converted loop bytes (2.7s)
  ✓  735 [Mobile Safari] › tests/e2e/loop-editor.spec.ts:165:1 › drum table opens the same frame editor and Cancel preserves its markers (1.3s)
  ✓  736 [Mobile Safari] › tests/e2e/loop-editor.spec.ts:178:1 › waveform surface opens zoom and Escape preserves existing markers (1.1s)
  ✓  737 [Mobile Safari] › tests/e2e/marker-actions-audit.spec.ts:5:56 › drum zero-crossing action changes markers atomically and Undo restores them (1.4s)
  ✓  738 [Mobile Safari] › tests/e2e/marker-actions-audit.spec.ts:5:56 › multisample zero-crossing action changes markers atomically and Undo restores them (1.5s)
  ✓  739 [Mobile Safari] › tests/e2e/mobile-row-drop-audit.spec.ts:5:1 › dropping onto an occupied mobile multisample row requires review and Cancel preserves it (1.4s)
  ✓  740 [Mobile Safari] › tests/e2e/modal-cancellation-audit.spec.ts:4:1 › Escape discards demo and library dialog drafts without changing saved content (1.7s)
  ✓  732 [Mobile Safari] › tests/e2e/library-workflow.spec.ts:14:1 › library details persist and sample previews leave the working instrument unchanged (8.9s)
  ✓  741 [Mobile Safari] › tests/e2e/modal-cancellation-audit.spec.ts:11:1 › recording connection checklist and official track links are reachable without hardware (2.8s)
  ✓  743 [Mobile Safari] › tests/e2e/multisample-table-audit.spec.ts:7:31 › multisample table 1440px root editing replace clear and Undo (2.0s)
  ✓  727 [Mobile Safari] › tests/e2e/library-collections.spec.ts:48:1 › collections retain mixed presets and export every member despite a search filter (15.1s)
  ✓  742 [Mobile Safari] › tests/e2e/modal-cancellation-audit.spec.ts:16:1 › instrument and library help tooltips reveal explanations and dismiss on pointer exit (2.8s)
  ✓  745 [Mobile Safari] › tests/e2e/multisample-table-audit.spec.ts:32:131 › multisample table 1440px supports keyboard audition (1.3s)
  ✓  747 [Mobile Safari] › tests/e2e/multisample-table-audit.spec.ts:32:131 › multisample table 1440px supports keyboard audition while the audio clock advances (1.4s)
  ✓  746 [Mobile Safari] › tests/e2e/multisample-table-audit.spec.ts:32:131 › multisample table 390px supports keyboard audition (1.5s)
  ✓  744 [Mobile Safari] › tests/e2e/multisample-table-audit.spec.ts:7:31 › multisample table 390px root editing replace clear and Undo (2.1s)
  ✓  749 [Mobile Safari] › tests/e2e/recording.spec.ts:92:1 › manual Start and Stop can repeat, and Cancel releases every input without changing the project (1.5s)
  ✓  751 [Mobile Safari] › tests/e2e/recording.spec.ts:106:34 › recorder keeps actions visible and owns discard focus at 1280px (1.6s)
  ✓  750 [Mobile Safari] › tests/e2e/recording.spec.ts:106:34 › recorder keeps actions visible and owns discard focus at 390px (2.0s)
  ✓  752 [Mobile Safari] › tests/e2e/settings-control-audit.spec.ts:7:3 › drum: every persisted preset select option is editable and undoable (1.5s)
  ✓  753 [Mobile Safari] › tests/e2e/settings-control-audit.spec.ts:32:3 › drum: every visible preset slider supports keyboard change and undo (1.4s)
  ✓  756 [Mobile Safari] › tests/e2e/settings-control-audit.spec.ts:55:1 › Project menu Open library synchronizes the route and survives reload (1.4s)
  ✓  755 [Mobile Safari] › tests/e2e/settings-control-audit.spec.ts:32:3 › multisample: every visible preset slider supports keyboard change and undo (2.3s)
  ✓  754 [Mobile Safari] › tests/e2e/settings-control-audit.spec.ts:7:3 › multisample: every persisted preset select option is editable and undoable (3.5s)
  ✓  757 [Mobile Safari] › tests/e2e/settings-control-audit.spec.ts:64:1 › repeated Back while recording does not grow browser history (895ms)
  ✓  758 [Mobile Safari] › tests/e2e/shell-utility-audit.spec.ts:4:1 › theme picker persists explicit choices and follows system changes (616ms)
  ✓  759 [Mobile Safari] › tests/e2e/shell-utility-audit.spec.ts:13:1 › start new discards the offered session while retaining library presets (1.9s)
  ✓  762 [Mobile Safari] › tests/e2e/slicing.spec.ts:245:1 › edited slicing session survives browser Back until explicitly discarded (1.1s)
  ✓  748 [Mobile Safari] › tests/e2e/recording.spec.ts:59:1 › records two sound-triggered PCM takes, applies one, preserves one, and archives exact recording metadata (8.8s)
  ✓  760 [Mobile Safari] › tests/e2e/slicing.spec.ts:76:1 › direct slice replacement and existing-pad unassignment preserve originals, cancel, and atomic Undo/Redo (3.1s)
  -  765 [Mobile Safari] › tests/e2e/stem-recording-device.spec.ts:5:1 › generated audio through the real worklet produces reviewed WAVs and a ZIP
  ✓  766 [Mobile Safari] › tests/e2e/stem-recording.spec.ts:3:1 › track recording entry opens the production beginner workflow (780ms)
  ✓  764 [Mobile Safari] › tests/e2e/slicing.spec.ts:262:3 › slicer groups, disclosure keyboard access and fixed footer at 390x640 (1.4s)
  ✓  763 [Mobile Safari] › tests/e2e/slicing.spec.ts:262:3 › slicer groups, disclosure keyboard access and fixed footer at 1280x720 (1.5s)
  ✓  767 [Mobile Safari] › tests/e2e/stem-recording.spec.ts:5:1 › unsupported browser path stays readable and does not offer product simulation (824ms)
  ✓  761 [Mobile Safari] › tests/e2e/slicing.spec.ts:124:1 › slice source, live clock mark, apply, export, undo, and portable provenance round trip (4.9s)
  ✓  769 [Mobile Safari] › tests/e2e/studio-appearance.spec.ts:74:3 › studio appearance › blocked presentation storage still renders and switches in memory (607ms)
  ✓  768 [Mobile Safari] › tests/e2e/studio-appearance.spec.ts:48:3 › studio appearance › defaults to Field, persists OP-XY across reload, and falls back for an invalid value (908ms)
  ✓  770 [Mobile Safari] › tests/e2e/studio-appearance.spec.ts:88:3 › studio appearance › Theme and Appearance are independent in both directions (553ms)
  ✓  773 [Mobile Safari] › tests/e2e/studio-appearance.spec.ts:206:3 › studio appearance › keyboard: one tab stop, arrows select, focus ring visible, 44px targets (1.0s)
  ✓  771 [Mobile Safari] › tests/e2e/studio-appearance.spec.ts:117:3 › studio appearance › switching with an edited demo kit keeps route, samples, edits, undo and focus (1.3s)
  ✓  776 [Mobile Safari] › tests/e2e/studio-appearance.spec.ts:289:5 › studio appearance › OP-XY launch artwork labels and useful outlines stay legible on black (dark) (455ms)
  ✓  775 [Mobile Safari] › tests/e2e/studio-appearance.spec.ts:289:5 › studio appearance › OP-XY launch artwork labels and useful outlines stay legible on black (light) (552ms)
  ✓  778 [Mobile Safari] › tests/e2e/studio-appearance.spec.ts:304:5 › studio appearance › header brand and settings stay readable at 834px in both appearances (687ms)
  ✓  777 [Mobile Safari] › tests/e2e/studio-appearance.spec.ts:304:5 › studio appearance › header brand and settings stay readable at 390px in both appearances (696ms)
  ✓  780 [Mobile Safari] › tests/e2e/studio-appearance.spec.ts:304:5 › studio appearance › header brand and settings stay readable at 1280px in both appearances (693ms)
  ✓  779 [Mobile Safari] › tests/e2e/studio-appearance.spec.ts:304:5 › studio appearance › header brand and settings stay readable at 1024px in both appearances (728ms)
  ✓  781 [Mobile Safari] › tests/e2e/studio-appearance.spec.ts:304:5 › studio appearance › header brand and settings stay readable at 1440px in both appearances (704ms)
  ✓  782 [Mobile Safari] › tests/e2e/studio-appearance.spec.ts:328:5 › studio appearance › OP-XY screens render without horizontal overflow at 1440px (2.1s)
  -  784 [Mobile Safari] › tests/e2e/studio-design-contract.spec.ts:54:3 › unified launch surface › desktop: one horizontal header, one launch row, gear strip, then secondary shortcuts
  -  785 [Mobile Safari] › tests/e2e/studio-design-contract.spec.ts:131:3 › unified launch surface › keyboard order follows the launch hierarchy and every target is operable
  -  786 [Mobile Safari] › tests/e2e/studio-design-contract.spec.ts:161:3 › unified launch surface › task calls to action open their tools directly; setup guidance stays optional
  -  787 [Mobile Safari] › tests/e2e/studio-design-contract.spec.ts:205:3 › unified launch surface › semantic colour: neutral actions, cyan loaded, orange selected, red destructive
  -  788 [Mobile Safari] › tests/e2e/studio-design-contract.spec.ts:237:3 › unified launch surface › build identity is exposed and matches the server that delivered it
  ✓  783 [Mobile Safari] › tests/e2e/studio-appearance.spec.ts:328:5 › studio appearance › OP-XY screens render without horizontal overflow at 390px (1.8s)
  ✓  789 [Mobile Safari] › tests/e2e/studio-design-contract.spec.ts:255:3 › narrow launch and drum workbench › medium launch uses two equal rows with aligned actions (366ms)
  -  791 [Mobile Safari] › tests/e2e/studio-design-contract.spec.ts:291:5 › narrow launch and drum workbench › desktop drum workbench at 1440px: compact header zone, stacked banks left, editor right, quiet EMPTY labels
  ✓  790 [Mobile Safari] › tests/e2e/studio-design-contract.spec.ts:270:3 › narrow launch and drum workbench › narrow launch stacks modules without overflow and keeps 44px targets (436ms)
  -  792 [Mobile Safari] › tests/e2e/studio-design-contract.spec.ts:291:5 › narrow launch and drum workbench › desktop drum workbench at 1024px: compact header zone, stacked banks left, editor right, quiet EMPTY labels
  ✓  793 [Mobile Safari] › tests/e2e/studio-design-contract.spec.ts:338:5 › narrow launch and drum workbench › drum workbench collapses to one column without overflow at 900px (472ms)
  ✓  772 [Mobile Safari] › tests/e2e/studio-appearance.spec.ts:178:3 › studio appearance › waveform canvases repaint with the new appearance tokens (6.8s)
  ✓  794 [Mobile Safari] › tests/e2e/studio-design-contract.spec.ts:338:5 › narrow launch and drum workbench › drum workbench collapses to one column without overflow at 390px (508ms)
  ✓  774 [Mobile Safari] › tests/e2e/studio-appearance.spec.ts:253:3 › studio appearance › multisample: switching keeps the imported zone, a root-note edit and its undo (7.2s)
  ✓  798 [Mobile Safari] › tests/e2e/studio-light-appearance.spec.ts:437:3 › OP-XY light appearance › field and dark presentations keep their own page tokens (470ms)
  ✓  799 [Mobile Safari] › tests/e2e/studio-shell.spec.ts:3:1 › desktop studio uses the available width and has one brand header (467ms)
  ✓  795 [Mobile Safari] › tests/e2e/studio-light-appearance.spec.ts:206:7 › OP-XY light appearance › 390px › overview, create, transfer, devices and help (3.0s)
  ✓  800 [Mobile Safari] › tests/e2e/studio-shell.spec.ts:14:1 › overview does not load the drum editor until it is opened (1.3s)
  ✓  796 [Mobile Safari] › tests/e2e/studio-light-appearance.spec.ts:206:7 › OP-XY light appearance › 1440px › overview, create, transfer, devices and help (3.6s)
  ✓  802 [Mobile Safari] › tests/e2e/studio-shell.spec.ts:24:1 › overview defers device and recording workspaces until requested (1.2s)
  ✓  804 [Mobile Safari] › tests/e2e/studio-shell.spec.ts:34:1 › top-level workspace navigation survives reload and browser Back (706ms)
  ✓  805 [Mobile Safari] › tests/e2e/studio-shell.spec.ts:49:1 › single-sample path reaches manual recording; Help search and navigation preserve the recorder (1.3s)
  ✓  797 [Mobile Safari] › tests/e2e/studio-light-appearance.spec.ts:348:3 › OP-XY light appearance › 1056px: loaded focus editors fit their column; bulk edit keeps heading and actions in view (7.8s)
  ✓  806 [Mobile Safari] › tests/e2e/studio-shell.spec.ts:85:1 › automatic multisampling and drum setup reach their actual recorders (1.6s)
  ✓  808 [Mobile Safari] › tests/e2e/studio-shell.spec.ts:105:1 › management distinguishes an editable project from library and device export (517ms)
  ✓  803 [Mobile Safari] › tests/e2e/studio-light-appearance.spec.ts:245:7 › OP-XY light appearance › 1440px › drum editor: empty, demo loaded, selection, settings, dialogs (4.8s)
  ✓  807 [Mobile Safari] › tests/e2e/studio-light-appearance.spec.ts:404:5 › OP-XY light appearance › 390px library filters: full-width search, unclipped type and sort, visible favorites (681ms)
  ✓  801 [Mobile Safari] › tests/e2e/studio-light-appearance.spec.ts:245:7 › OP-XY light appearance › 390px › drum editor: empty, demo loaded, selection, settings, dialogs (5.8s)
  ✓  809 [Mobile Safari] › tests/e2e/studio-shell.spec.ts:118:1 › narrow Overview and Help retain usable navigation without page overflow (465ms)
  ✓  811 [Mobile Safari] › tests/e2e/studio-light-appearance.spec.ts:404:5 › OP-XY light appearance › 320px library filters: full-width search, unclipped type and sort, visible favorites (1.1s)
  ✓  813 [Mobile Safari] › tests/e2e/studio-shell.spec.ts:131:1 › route focus keeps narrow navigation visible and uses the shell as the only workspace map (723ms)
  ✓  814 [Mobile Safari] › tests/e2e/studio-light-appearance.spec.ts:427:3 › OP-XY light appearance › stem recorder dialog (1440px) (1.1s)
  ✓  815 [Mobile Safari] › tests/e2e/studio-workspace.spec.ts:35:1 › Studio Seed plays, edits atomically, restores, and exports its sparse ten-voice map (1.5s)
  ✓  817 [Mobile Safari] › tests/e2e/support-links-audit.spec.ts:12:1 › remote post links use validated destinations with a synthetic feed (986ms)
  ✓  818 [Mobile Safari] › tests/e2e/table-control-audit.spec.ts:5:3 › drum table 1440px settings Save Cancel and Undo preserve edits (1.6s)
  ✓  812 [Mobile Safari] › tests/e2e/studio-light-appearance.spec.ts:289:7 › OP-XY light appearance › 390px › multisample editor: empty, loaded zone, MIDI panel, settings, recorder (5.8s)
  ✓  819 [Mobile Safari] › tests/e2e/table-control-audit.spec.ts:36:3 › drum table 1440px clear and undo restore a loaded pad (1.3s)
  ✓  816 [Mobile Safari] › tests/e2e/support-links-audit.spec.ts:4:1 › support and footer links open their declared destinations without external requests (5.1s)
  ✓  810 [Mobile Safari] › tests/e2e/studio-light-appearance.spec.ts:289:7 › OP-XY light appearance › 1440px › multisample editor: empty, loaded zone, MIDI panel, settings, recorder (7.5s)
  ✓  820 [Mobile Safari] › tests/e2e/studio-light-appearance.spec.ts:325:7 › OP-XY light appearance › 390px › library: empty and saved entry with selection (2.3s)
  ✓  822 [Mobile Safari] › tests/e2e/table-control-audit.spec.ts:36:3 › drum table 390px clear and undo restore a loaded pad (1.4s)
  ✓  821 [Mobile Safari] › tests/e2e/table-control-audit.spec.ts:5:3 › drum table 390px settings Save Cancel and Undo preserve edits (2.2s)
  ✓  824 [Mobile Safari] › tests/e2e/table-control-audit.spec.ts:50:1 › bulk editing all ten demo sounds is one undoable operation (1.3s)
  ✓  825 [Mobile Safari] › tests/e2e/virtual-keyboard-access.spec.ts:4:1 › virtual notes support roving focus, visible focus and empty-note selection (1.1s)
  ✓  823 [Mobile Safari] › tests/e2e/studio-light-appearance.spec.ts:325:7 › OP-XY light appearance › 1440px › library: empty and saved entry with selection (2.5s)

  42 skipped
  783 passed (6.4m)
