2026-10-02T22:10:00.8733595Z Current runner version: '2.337.0'
2026-10-02T22:10:00.8769222Z ##[group]Runner Image Provisioner
2026-10-02T22:10:00.8770553Z Hosted Compute Agent
2026-10-02T22:10:00.8771593Z Version: 20260901.588
2026-10-02T22:10:00.8772690Z Commit: f88ec8081b781fac6c440065ac7ff9e710ce3d0b
2026-10-02T22:10:00.8774010Z Build Date: 2026-09-01T19:56:44Z
2026-10-02T22:10:00.8775776Z Worker ID: {02cfa878-1e65-42a9-9a37-a0492addd04e}
2026-10-02T22:10:00.8777275Z Azure Region: eastus
2026-10-02T22:10:00.8778343Z ##[endgroup]
2026-10-02T22:10:00.8780628Z ##[group]Operating System
2026-10-02T22:10:00.8781683Z Ubuntu
2026-10-02T22:10:00.8782642Z 24.04.5
2026-10-02T22:10:00.8783455Z LTS
2026-10-02T22:10:00.8784390Z ##[endgroup]
2026-10-02T22:10:00.8785409Z ##[group]Runner Image
2026-10-02T22:10:00.8786696Z Image: ubuntu-24.04
2026-10-02T22:10:00.8787754Z Version: 20260927.320.1
2026-10-02T22:10:00.8789869Z Included Software: https://github.com/actions/runner-images/blob/ubuntu24/20260927.320/images/ubuntu/Ubuntu2404-Readme.md
2026-10-02T22:10:00.8792775Z Image Release: https://github.com/actions/runner-images/releases/tag/ubuntu24%2F20260927.320
2026-10-02T22:10:00.8794575Z ##[endgroup]
2026-10-02T22:10:00.8796616Z ##[group]GITHUB_TOKEN Permissions
2026-10-02T22:10:00.8799707Z Contents: read
2026-10-02T22:10:00.8800738Z Metadata: read
2026-10-02T22:10:00.8801665Z ##[endgroup]
2026-10-02T22:10:00.8804838Z Secret source: Actions
2026-10-02T22:10:00.8806787Z Cache mode: write
2026-10-02T22:10:00.8808300Z Prepare workflow directory
2026-10-02T22:10:00.9264283Z Prepare all required actions
2026-10-02T22:10:00.9329661Z Getting action download info
2026-10-02T22:10:01.1191503Z Download action repository 'actions/checkout@v4' (SHA:11d5960a326750d5838078e36cf38b85af677262)
2026-10-02T22:10:01.2068060Z Download action repository 'actions/setup-node@v4' (SHA:49933ea5288caeca8642d1e84afbd3f7d6820020)
2026-10-02T22:10:01.2910416Z Download action repository 'actions/upload-artifact@v4' (SHA:ea165f8d65b6e75b540449e92b4886f43607fa02)
2026-10-02T22:10:01.5196691Z Complete job name: browser-regressions (firefox, firefox)
2026-10-02T22:10:01.5922799Z ##[group]Run actions/checkout@v4
2026-10-02T22:10:01.5923683Z with:
2026-10-02T22:10:01.5924159Z   repository: sscommander79/op-patchstudio
2026-10-02T22:10:01.5928249Z   token: ***
2026-10-02T22:10:01.5928688Z   ssh-strict: true
2026-10-02T22:10:01.5929122Z   ssh-user: git
2026-10-02T22:10:01.5929555Z   persist-credentials: true
2026-10-02T22:10:01.5930036Z   clean: true
2026-10-02T22:10:01.5930470Z   sparse-checkout-cone-mode: true
2026-10-02T22:10:01.5930997Z   fetch-depth: 1
2026-10-02T22:10:01.5931424Z   fetch-tags: false
2026-10-02T22:10:01.5931865Z   show-progress: true
2026-10-02T22:10:01.5932316Z   lfs: false
2026-10-02T22:10:01.5932725Z   submodules: false
2026-10-02T22:10:01.5933174Z   set-safe-directory: true
2026-10-02T22:10:01.5933680Z   allow-unsafe-pr-checkout: false
2026-10-02T22:10:01.5934448Z ##[endgroup]
2026-10-02T22:10:01.6946848Z Syncing repository: sscommander79/op-patchstudio
2026-10-02T22:10:01.6949799Z ##[group]Getting Git version info
2026-10-02T22:10:01.6951116Z Working directory is '/home/runner/work/op-patchstudio/op-patchstudio'
2026-10-02T22:10:01.6953028Z [command]/usr/bin/git version
2026-10-02T22:10:01.7005753Z git version 2.55.0
2026-10-02T22:10:01.7028246Z ##[endgroup]
2026-10-02T22:10:01.7043141Z Temporarily overriding HOME='/home/runner/work/_temp/7ba85d0d-706a-4989-89e3-3e890af97158' before making global git config changes
2026-10-02T22:10:01.7045496Z Adding repository directory to the temporary git global config as a safe directory
2026-10-02T22:10:01.7049175Z [command]/usr/bin/git config --global --add safe.directory /home/runner/work/op-patchstudio/op-patchstudio
2026-10-02T22:10:01.7106958Z Deleting the contents of '/home/runner/work/op-patchstudio/op-patchstudio'
2026-10-02T22:10:01.7112278Z ##[group]Initializing the repository
2026-10-02T22:10:01.7116509Z [command]/usr/bin/git init /home/runner/work/op-patchstudio/op-patchstudio
2026-10-02T22:10:01.7234700Z hint: Using 'master' as the name for the initial branch. This default branch name
2026-10-02T22:10:01.7237157Z hint: will change to "main" in Git 3.0. To configure the initial branch name
2026-10-02T22:10:01.7239123Z hint: to use in all of your new repositories, which will suppress this warning,
2026-10-02T22:10:01.7240475Z hint: call:
2026-10-02T22:10:01.7241447Z hint:
2026-10-02T22:10:01.7242274Z hint: 	git config --global init.defaultBranch <name>
2026-10-02T22:10:01.7243265Z hint:
2026-10-02T22:10:01.7244223Z hint: Names commonly chosen instead of 'master' are 'main', 'trunk' and
2026-10-02T22:10:01.7245789Z hint: 'development'. The just-created branch can be renamed via this command:
2026-10-02T22:10:01.7247239Z hint:
2026-10-02T22:10:01.7247894Z hint: 	git branch -m <name>
2026-10-02T22:10:01.7248667Z hint:
2026-10-02T22:10:01.7249771Z hint: Disable this message with "git config set advice.defaultBranchName false"
2026-10-02T22:10:01.7251760Z Initialized empty Git repository in /home/runner/work/op-patchstudio/op-patchstudio/.git/
2026-10-02T22:10:01.7254352Z [command]/usr/bin/git remote add origin https://github.com/sscommander79/op-patchstudio
2026-10-02T22:10:01.7302492Z ##[endgroup]
2026-10-02T22:10:01.7303966Z ##[group]Disabling automatic garbage collection
2026-10-02T22:10:01.7305280Z [command]/usr/bin/git config --local gc.auto 0
2026-10-02T22:10:01.7377569Z ##[endgroup]
2026-10-02T22:10:01.7379042Z ##[group]Setting up auth
2026-10-02T22:10:01.7380422Z [command]/usr/bin/git config --local --name-only --get-regexp core\.sshCommand
2026-10-02T22:10:01.7384690Z [command]/usr/bin/git submodule foreach --recursive sh -c "git config --local --name-only --get-regexp 'core\.sshCommand' && git config --local --unset-all 'core.sshCommand' || :"
2026-10-02T22:10:01.7777865Z [command]/usr/bin/git config --local --name-only --get-regexp http\.https\:\/\/github\.com\/\.extraheader
2026-10-02T22:10:01.7817720Z [command]/usr/bin/git submodule foreach --recursive sh -c "git config --local --name-only --get-regexp 'http\.https\:\/\/github\.com\/\.extraheader' && git config --local --unset-all 'http.https://github.com/.extraheader' || :"
2026-10-02T22:10:01.8079973Z [command]/usr/bin/git config --local --name-only --get-regexp ^includeIf\.gitdir:
2026-10-02T22:10:01.8117152Z [command]/usr/bin/git submodule foreach --recursive git config --local --show-origin --name-only --get-regexp remote.origin.url
2026-10-02T22:10:01.8357950Z [command]/usr/bin/git config --local http.https://github.com/.extraheader AUTHORIZATION: basic ***
2026-10-02T22:10:01.8399155Z ##[endgroup]
2026-10-02T22:10:01.8400599Z ##[group]Fetching the repository
2026-10-02T22:10:01.8411037Z [command]/usr/bin/git -c protocol.version=2 fetch --no-tags --prune --no-recurse-submodules --depth=1 origin +9d6c59d386aef4b4bfa26d0c225d280508b43ecd:refs/remotes/origin/codex/studio-upgrade
2026-10-02T22:10:03.3296197Z From https://github.com/sscommander79/op-patchstudio
2026-10-02T22:10:03.3299115Z  * [new ref]         9d6c59d386aef4b4bfa26d0c225d280508b43ecd -> origin/codex/studio-upgrade
2026-10-02T22:10:03.3308729Z ##[endgroup]
2026-10-02T22:10:03.3310150Z ##[group]Determining the checkout info
2026-10-02T22:10:03.3311144Z ##[endgroup]
2026-10-02T22:10:03.3318750Z [command]/usr/bin/git sparse-checkout disable
2026-10-02T22:10:03.3377016Z [command]/usr/bin/git config --local --unset-all extensions.worktreeConfig
2026-10-02T22:10:03.3416717Z ##[group]Checking out the ref
2026-10-02T22:10:03.3421861Z [command]/usr/bin/git checkout --progress --force -B codex/studio-upgrade refs/remotes/origin/codex/studio-upgrade
2026-10-02T22:10:03.6109362Z Switched to a new branch 'codex/studio-upgrade'
2026-10-02T22:10:03.6115010Z branch 'codex/studio-upgrade' set up to track 'origin/codex/studio-upgrade'.
2026-10-02T22:10:03.6128402Z ##[endgroup]
2026-10-02T22:10:03.6176180Z [command]/usr/bin/git log -1 --format=%H
2026-10-02T22:10:03.6204619Z 9d6c59d386aef4b4bfa26d0c225d280508b43ecd
2026-10-02T22:10:03.6578311Z ##[group]Run actions/setup-node@v4
2026-10-02T22:10:03.6579618Z with:
2026-10-02T22:10:03.6580772Z   node-version: 22
2026-10-02T22:10:03.6581785Z   cache: npm
2026-10-02T22:10:03.6582753Z   always-auth: false
2026-10-02T22:10:03.6583817Z   check-latest: false
2026-10-02T22:10:03.6594716Z   token: ***
2026-10-02T22:10:03.6595699Z ##[endgroup]
2026-10-02T22:10:03.8139492Z (node:2294) [DEP0040] DeprecationWarning: The `punycode` module is deprecated. Please use a userland alternative instead.
2026-10-02T22:10:03.8143574Z (Use `node --trace-deprecation ...` to show where the warning was created)
2026-10-02T22:10:03.8145402Z Found in cache @ /opt/hostedtoolcache/node/22.23.3/x64
2026-10-02T22:10:03.8147948Z ##[group]Environment details
2026-10-02T22:10:04.2073019Z node: v22.23.3
2026-10-02T22:10:04.2073474Z npm: 10.9.9
2026-10-02T22:10:04.2073751Z yarn: 1.22.22
2026-10-02T22:10:04.2074788Z ##[endgroup]
2026-10-02T22:10:04.2093888Z [command]/opt/hostedtoolcache/node/22.23.3/x64/bin/npm config get cache
2026-10-02T22:10:04.3194843Z /home/runner/.npm
2026-10-02T22:10:04.3943328Z npm cache is not found
2026-10-02T22:10:04.4078046Z ##[group]Run npm ci
2026-10-02T22:10:04.4078411Z [36;1mnpm ci[0m
2026-10-02T22:10:04.4341565Z shell: /usr/bin/bash -e {0}
2026-10-02T22:10:04.4341968Z ##[endgroup]
2026-10-02T22:10:06.7781017Z npm warn deprecated sourcemap-codec@1.4.8: Please use @jridgewell/sourcemap-codec instead
2026-10-02T22:10:07.2254128Z npm warn deprecated inflight@1.0.6: This module is not supported, and leaks memory. Do not use it. Check out lru-cache if you want a good and tested way to coalesce async requests by a key value, which is much more comprehensive and powerful.
2026-10-02T22:10:09.2814444Z npm warn deprecated glob@7.2.3: Old versions of glob are not supported, and contain widely publicized security vulnerabilities, which have been fixed in the current version. Please update. Support for old versions may be purchased (at exorbitant rates) by contacting i@izs.me
2026-10-02T22:10:19.6307041Z 
2026-10-02T22:10:19.6417525Z added 664 packages, and audited 665 packages in 15s
2026-10-02T22:10:19.6526913Z 
2026-10-02T22:10:19.6589636Z 157 packages are looking for funding
2026-10-02T22:10:19.6644364Z   run `npm fund` for details
2026-10-02T22:10:19.7003807Z 
2026-10-02T22:10:19.7087194Z 9 vulnerabilities (7 moderate, 2 high)
2026-10-02T22:10:19.7136334Z 
2026-10-02T22:10:19.7207267Z To address issues that do not require attention, run:
2026-10-02T22:10:19.7259788Z   npm audit fix
2026-10-02T22:10:19.7426671Z 
2026-10-02T22:10:19.7547502Z To address all issues, run:
2026-10-02T22:10:19.7587149Z   npm audit fix --force
2026-10-02T22:10:19.7666433Z 
2026-10-02T22:10:19.7727089Z Run `npm audit` for details.
2026-10-02T22:10:20.0208636Z ##[group]Run npm run build
2026-10-02T22:10:20.0209105Z [36;1mnpm run build[0m
2026-10-02T22:10:20.0753643Z shell: /usr/bin/bash -e {0}
2026-10-02T22:10:20.0754110Z ##[endgroup]
2026-10-02T22:10:20.5176512Z 
2026-10-02T22:10:20.5213034Z > op-patchstudio@0.16.0 build
2026-10-02T22:10:20.5236866Z > tsc -b && vite build && npm run verify:pwa
2026-10-02T22:10:20.5266455Z 
2026-10-02T22:10:35.2364587Z [36mvite v7.3.6 [32mbuilding client environment for production...[36m[39m
2026-10-02T22:10:35.3337178Z transforming...
2026-10-02T22:10:38.9567344Z DEPRECATION WARNING [if-function]: The Sass if() syntax is deprecated in favor of the modern CSS syntax.
2026-10-02T22:10:38.9568011Z 
2026-10-02T22:10:38.9568657Z Suggestion: if(sass($is-number-lower): $lower; else: map.get($breakpoints, $lower))
2026-10-02T22:10:38.9569260Z 
2026-10-02T22:10:38.9569586Z More info: https://sass-lang.com/d/if-function
2026-10-02T22:10:38.9569966Z 
2026-10-02T22:10:38.9570317Z     ╷
2026-10-02T22:10:38.9571197Z 155 │   $min: if($is-number-lower, $lower, map.get($breakpoints, $lower));
2026-10-02T22:10:38.9572171Z     │         ^^^^^^^^^^^^^^^^^^^^^^^^^^^^^^^^^^^^^^^^^^^^^^^^^^^^^^^^^^^
2026-10-02T22:10:38.9572757Z     ╵
2026-10-02T22:10:38.9573322Z     node_modules/@carbon/grid/scss/_breakpoint.scss 155:9   @use
2026-10-02T22:10:38.9574211Z     node_modules/@carbon/type/scss/_styles.scss 13:1        @forward
2026-10-02T22:10:38.9575692Z     node_modules/@carbon/type/index.scss 12:1               @forward
2026-10-02T22:10:38.9576939Z     node_modules/@carbon/styles/scss/type/_index.scss 14:1  @use
2026-10-02T22:10:38.9577829Z     node_modules/@carbon/styles/scss/_reset.scss 9:1        @use
2026-10-02T22:10:38.9578783Z     src/styles/carbon.scss 1:1                              root stylesheet
2026-10-02T22:10:38.9579314Z 
2026-10-02T22:10:38.9598761Z DEPRECATION WARNING [if-function]: The Sass if() syntax is deprecated in favor of the modern CSS syntax.
2026-10-02T22:10:38.9626443Z 
2026-10-02T22:10:38.9627251Z Suggestion: if(sass($is-number-upper): $upper; else: map.get($breakpoints, $upper))
2026-10-02T22:10:38.9627897Z 
2026-10-02T22:10:38.9628268Z More info: https://sass-lang.com/d/if-function
2026-10-02T22:10:38.9628685Z 
2026-10-02T22:10:38.9628925Z     ╷
2026-10-02T22:10:38.9629765Z 156 │   $max: if($is-number-upper, $upper, map.get($breakpoints, $upper));
2026-10-02T22:10:38.9630744Z     │         ^^^^^^^^^^^^^^^^^^^^^^^^^^^^^^^^^^^^^^^^^^^^^^^^^^^^^^^^^^^
2026-10-02T22:10:38.9631323Z     ╵
2026-10-02T22:10:38.9631864Z     node_modules/@carbon/grid/scss/_breakpoint.scss 156:9   @use
2026-10-02T22:10:38.9632717Z     node_modules/@carbon/type/scss/_styles.scss 13:1        @forward
2026-10-02T22:10:38.9633566Z     node_modules/@carbon/type/index.scss 12:1               @forward
2026-10-02T22:10:38.9634382Z     node_modules/@carbon/styles/scss/type/_index.scss 14:1  @use
2026-10-02T22:10:38.9635176Z     node_modules/@carbon/styles/scss/_reset.scss 9:1        @use
2026-10-02T22:10:38.9636347Z     src/styles/carbon.scss 1:1                              root stylesheet
2026-10-02T22:10:38.9636909Z 
2026-10-02T22:10:38.9657166Z DEPRECATION WARNING [if-function]: The Sass if() syntax is deprecated in favor of the modern CSS syntax.
2026-10-02T22:10:38.9657901Z 
2026-10-02T22:10:38.9658521Z Suggestion: if(sass(not $is-number-lower and $min): map.get($min, width); else: $min)
2026-10-02T22:10:38.9659116Z 
2026-10-02T22:10:38.9659484Z More info: https://sass-lang.com/d/if-function
2026-10-02T22:10:38.9659902Z 
2026-10-02T22:10:38.9660125Z     ╷
2026-10-02T22:10:38.9661011Z 159 │     $min-width: if(not $is-number-lower and $min, map.get($min, width), $min);
2026-10-02T22:10:38.9662020Z     │                 ^^^^^^^^^^^^^^^^^^^^^^^^^^^^^^^^^^^^^^^^^^^^^^^^^^^^^^^^^^^^^
2026-10-02T22:10:38.9662597Z     ╵
2026-10-02T22:10:38.9663136Z     node_modules/@carbon/grid/scss/_breakpoint.scss 159:17  @use
2026-10-02T22:10:38.9663960Z     node_modules/@carbon/type/scss/_styles.scss 13:1        @forward
2026-10-02T22:10:38.9665146Z     node_modules/@carbon/type/index.scss 12:1               @forward
2026-10-02T22:10:38.9666247Z     node_modules/@carbon/styles/scss/type/_index.scss 14:1  @use
2026-10-02T22:10:38.9667080Z     node_modules/@carbon/styles/scss/_reset.scss 9:1        @use
2026-10-02T22:10:38.9667923Z     src/styles/carbon.scss 1:1                              root stylesheet
2026-10-02T22:10:38.9668428Z 
2026-10-02T22:10:38.9670459Z DEPRECATION WARNING [if-function]: The Sass if() syntax is deprecated in favor of the modern CSS syntax.
2026-10-02T22:10:38.9674188Z 
2026-10-02T22:10:38.9674832Z Suggestion: if(sass(not $is-number-upper and $max): map.get($max, width); else: $max)
2026-10-02T22:10:38.9675414Z 
2026-10-02T22:10:38.9675737Z More info: https://sass-lang.com/d/if-function
2026-10-02T22:10:38.9676351Z 
2026-10-02T22:10:38.9676522Z     ╷
2026-10-02T22:10:38.9677044Z 160 │     $max-width: if(not $is-number-upper and $max, map.get($max, width), $max);
2026-10-02T22:10:38.9677638Z     │                 ^^^^^^^^^^^^^^^^^^^^^^^^^^^^^^^^^^^^^^^^^^^^^^^^^^^^^^^^^^^^^
2026-10-02T22:10:38.9677968Z     ╵
2026-10-02T22:10:38.9678278Z     node_modules/@carbon/grid/scss/_breakpoint.scss 160:17  @use
2026-10-02T22:10:38.9678978Z     node_modules/@carbon/type/scss/_styles.scss 13:1        @forward
2026-10-02T22:10:38.9679451Z     node_modules/@carbon/type/index.scss 12:1               @forward
2026-10-02T22:10:38.9679893Z     node_modules/@carbon/styles/scss/type/_index.scss 14:1  @use
2026-10-02T22:10:38.9680569Z     node_modules/@carbon/styles/scss/_reset.scss 9:1        @use
2026-10-02T22:10:38.9681063Z     src/styles/carbon.scss 1:1                              root stylesheet
2026-10-02T22:10:38.9681348Z 
2026-10-02T22:10:39.1086869Z DEPRECATION WARNING [if-function]: The Sass if() syntax is deprecated in favor of the modern CSS syntax.
2026-10-02T22:10:39.1087986Z 
2026-10-02T22:10:39.1101743Z Suggestion: if(sass($is-number-lower): $lower; else: map.get($breakpoints, $lower))
2026-10-02T22:10:39.1103213Z 
2026-10-02T22:10:39.1126684Z More info: https://sass-lang.com/d/if-function
2026-10-02T22:10:39.1127110Z 
2026-10-02T22:10:39.1127466Z     ╷
2026-10-02T22:10:39.1128291Z 155 │   $min: if($is-number-lower, $lower, map.get($breakpoints, $lower));
2026-10-02T22:10:39.1129204Z     │         ^^^^^^^^^^^^^^^^^^^^^^^^^^^^^^^^^^^^^^^^^^^^^^^^^^^^^^^^^^^
2026-10-02T22:10:39.1129752Z     ╵
2026-10-02T22:10:39.1130339Z     node_modules/@carbon/grid/scss/_breakpoint.scss 155:9         @use
2026-10-02T22:10:39.1131290Z     node_modules/@carbon/type/scss/_styles.scss 13:1              @forward
2026-10-02T22:10:39.1132201Z     node_modules/@carbon/type/index.scss 12:1                     @use
2026-10-02T22:10:39.1133108Z     node_modules/@carbon/themes/scss/generated/_themes.scss 11:1  @forward
2026-10-02T22:10:39.1134046Z     node_modules/@carbon/themes/scss/_themes.scss 8:1             @forward
2026-10-02T22:10:39.1134965Z     node_modules/@carbon/styles/scss/_themes.scss 9:1             @use
2026-10-02T22:10:39.1136183Z     node_modules/@carbon/styles/scss/compat/_themes.scss 10:1     @use
2026-10-02T22:10:39.1137290Z     node_modules/@carbon/styles/scss/theme/_theme.scss 12:1       @forward
2026-10-02T22:10:39.1138205Z     node_modules/@carbon/styles/scss/_theme.scss 8:1              @use
2026-10-02T22:10:39.1139141Z     src/theme/device-themes.scss 5:1                              root stylesheet
2026-10-02T22:10:39.1139695Z 
2026-10-02T22:10:39.1140507Z DEPRECATION WARNING [if-function]: The Sass if() syntax is deprecated in favor of the modern CSS syntax.
2026-10-02T22:10:39.1147737Z 
2026-10-02T22:10:39.1148700Z Suggestion: if(sass($is-number-upper): $upper; else: map.get($breakpoints, $upper))
2026-10-02T22:10:39.1150023Z 
2026-10-02T22:10:39.1150738Z More info: https://sass-lang.com/d/if-function
2026-10-02T22:10:39.1151813Z 
2026-10-02T22:10:39.1152440Z     ╷
2026-10-02T22:10:39.1154060Z 156 │   $max: if($is-number-upper, $upper, map.get($breakpoints, $upper));
2026-10-02T22:10:39.1165378Z     │         ^^^^^^^^^^^^^^^^^^^^^^^^^^^^^^^^^^^^^^^^^^^^^^^^^^^^^^^^^^^
2026-10-02T22:10:39.1166288Z     ╵
2026-10-02T22:10:39.1166814Z     node_modules/@carbon/grid/scss/_breakpoint.scss 156:9         @use
2026-10-02T22:10:39.1167600Z     node_modules/@carbon/type/scss/_styles.scss 13:1              @forward
2026-10-02T22:10:39.1168414Z     node_modules/@carbon/type/index.scss 12:1                     @use
2026-10-02T22:10:39.1169275Z     node_modules/@carbon/themes/scss/generated/_themes.scss 11:1  @forward
2026-10-02T22:10:39.1170230Z     node_modules/@carbon/themes/scss/_themes.scss 8:1             @forward
2026-10-02T22:10:39.1171207Z     node_modules/@carbon/styles/scss/_themes.scss 9:1             @use
2026-10-02T22:10:39.1172127Z     node_modules/@carbon/styles/scss/compat/_themes.scss 10:1     @use
2026-10-02T22:10:39.1205647Z     node_modules/@carbon/styles/scss/theme/_theme.scss 12:1       @forward
2026-10-02T22:10:39.1206943Z     node_modules/@carbon/styles/scss/_theme.scss 8:1              @use
2026-10-02T22:10:39.1207973Z     src/theme/device-themes.scss 5:1                              root stylesheet
2026-10-02T22:10:39.1208550Z 
2026-10-02T22:10:39.1209352Z DEPRECATION WARNING [if-function]: The Sass if() syntax is deprecated in favor of the modern CSS syntax.
2026-10-02T22:10:39.1210108Z 
2026-10-02T22:10:39.1210742Z Suggestion: if(sass(not $is-number-lower and $min): map.get($min, width); else: $min)
2026-10-02T22:10:39.1211366Z 
2026-10-02T22:10:39.1212052Z More info: https://sass-lang.com/d/if-function
2026-10-02T22:10:39.1212493Z 
2026-10-02T22:10:39.1236366Z     ╷
2026-10-02T22:10:39.1237386Z 159 │     $min-width: if(not $is-number-lower and $min, map.get($min, width), $min);
2026-10-02T22:10:39.1238420Z     │                 ^^^^^^^^^^^^^^^^^^^^^^^^^^^^^^^^^^^^^^^^^^^^^^^^^^^^^^^^^^^^^
2026-10-02T22:10:39.1239011Z     ╵
2026-10-02T22:10:39.1239615Z     node_modules/@carbon/grid/scss/_breakpoint.scss 159:17        @use
2026-10-02T22:10:39.1240536Z     node_modules/@carbon/type/scss/_styles.scss 13:1              @forward
2026-10-02T22:10:39.1241443Z     node_modules/@carbon/type/index.scss 12:1                     @use
2026-10-02T22:10:39.1242723Z     node_modules/@carbon/themes/scss/generated/_themes.scss 11:1  @forward
2026-10-02T22:10:39.1243694Z     node_modules/@carbon/themes/scss/_themes.scss 8:1             @forward
2026-10-02T22:10:39.1244616Z     node_modules/@carbon/styles/scss/_themes.scss 9:1             @use
2026-10-02T22:10:39.1245550Z     node_modules/@carbon/styles/scss/compat/_themes.scss 10:1     @use
2026-10-02T22:10:39.1246769Z     node_modules/@carbon/styles/scss/theme/_theme.scss 12:1       @forward
2026-10-02T22:10:39.1247696Z     node_modules/@carbon/styles/scss/_theme.scss 8:1              @use
2026-10-02T22:10:39.1248681Z     src/theme/device-themes.scss 5:1                              root stylesheet
2026-10-02T22:10:39.1249274Z 
2026-10-02T22:10:39.1250076Z DEPRECATION WARNING [if-function]: The Sass if() syntax is deprecated in favor of the modern CSS syntax.
2026-10-02T22:10:39.1250851Z 
2026-10-02T22:10:39.1251501Z Suggestion: if(sass(not $is-number-upper and $max): map.get($max, width); else: $max)
2026-10-02T22:10:39.1252151Z 
2026-10-02T22:10:39.1252371Z More info: https://sass-lang.com/d/if-function
2026-10-02T22:10:39.1252605Z 
2026-10-02T22:10:39.1252743Z     ╷
2026-10-02T22:10:39.1253245Z 160 │     $max-width: if(not $is-number-upper and $max, map.get($max, width), $max);
2026-10-02T22:10:39.1253872Z     │                 ^^^^^^^^^^^^^^^^^^^^^^^^^^^^^^^^^^^^^^^^^^^^^^^^^^^^^^^^^^^^^
2026-10-02T22:10:39.1254204Z     ╵
2026-10-02T22:10:39.1254527Z     node_modules/@carbon/grid/scss/_breakpoint.scss 160:17        @use
2026-10-02T22:10:39.1255023Z     node_modules/@carbon/type/scss/_styles.scss 13:1              @forward
2026-10-02T22:10:39.1255494Z     node_modules/@carbon/type/index.scss 12:1                     @use
2026-10-02T22:10:39.1256281Z     node_modules/@carbon/themes/scss/generated/_themes.scss 11:1  @forward
2026-10-02T22:10:39.1257016Z     node_modules/@carbon/themes/scss/_themes.scss 8:1             @forward
2026-10-02T22:10:39.1257512Z     node_modules/@carbon/styles/scss/_themes.scss 9:1             @use
2026-10-02T22:10:39.1257980Z     node_modules/@carbon/styles/scss/compat/_themes.scss 10:1     @use
2026-10-02T22:10:39.1258453Z     node_modules/@carbon/styles/scss/theme/_theme.scss 12:1       @forward
2026-10-02T22:10:39.1258925Z     node_modules/@carbon/styles/scss/_theme.scss 8:1              @use
2026-10-02T22:10:39.1259435Z     src/theme/device-themes.scss 5:1                              root stylesheet
2026-10-02T22:10:39.1259744Z 
2026-10-02T22:10:39.7158469Z DEPRECATION WARNING [if-function]: The Sass if() syntax is deprecated in favor of the modern CSS syntax.
2026-10-02T22:10:39.7159320Z 
2026-10-02T22:10:39.7165034Z Suggestion: if(sass($tooltip-type == "definition"): convert.to-rem(8px) convert.to-rem(16px); else: convert.to-rem(3px) convert.to-rem(16px))
2026-10-02T22:10:39.7166486Z 
2026-10-02T22:10:39.7167009Z More info: https://sass-lang.com/d/if-function
2026-10-02T22:10:39.7167594Z 
2026-10-02T22:10:39.7168194Z    ╷
2026-10-02T22:10:39.7168988Z 39 │     padding: if(
2026-10-02T22:10:39.7169676Z    │ ┌────────────^
2026-10-02T22:10:39.7170496Z 40 │ │     $tooltip-type == 'definition',
2026-10-02T22:10:39.7171595Z 41 │ │     convert.to-rem(8px) convert.to-rem(16px),
2026-10-02T22:10:39.7172697Z 42 │ │     convert.to-rem(3px) convert.to-rem(16px)
2026-10-02T22:10:39.7173580Z 43 │ │   );
2026-10-02T22:10:39.7174646Z    │ └───^
2026-10-02T22:10:39.7175204Z    ╵
2026-10-02T22:10:39.7176381Z     node_modules/@carbon/styles/scss/utilities/_tooltip.scss 39:12          @forward
2026-10-02T22:10:39.7177716Z     node_modules/@carbon/styles/scss/utilities/_index.scss 23:1             @use
2026-10-02T22:10:39.7179064Z     node_modules/@carbon/styles/scss/components/popover/_popover.scss 16:1  @forward
2026-10-02T22:10:39.7180418Z     node_modules/@carbon/styles/scss/components/popover/_index.scss 8:1     @use
2026-10-02T22:10:39.7181733Z     node_modules/@carbon/styles/scss/components/tooltip/_tooltip.scss 8:1   @forward
2026-10-02T22:10:39.7183115Z     node_modules/@carbon/styles/scss/components/tooltip/_index.scss 8:1     @use
2026-10-02T22:10:39.7184459Z     node_modules/@carbon/styles/scss/components/button/_button.scss 11:1    @forward
2026-10-02T22:10:39.7185772Z     node_modules/@carbon/styles/scss/components/button/_index.scss 9:1      @use
2026-10-02T22:10:39.7187371Z     src/styles/carbon.scss 2:1                                              root stylesheet
2026-10-02T22:10:39.7188099Z 
2026-10-02T22:10:40.1389149Z WARNING: 1 repetitive deprecation warnings omitted.
2026-10-02T22:10:40.1405036Z Run in verbose mode to see all warnings.
2026-10-02T22:10:40.1416860Z 
2026-10-02T22:10:42.1565590Z [32m✓[39m 598 modules transformed.
2026-10-02T22:10:42.4140513Z rendering chunks...
2026-10-02T22:10:42.6737671Z [33m[plugin vite:reporter] 
2026-10-02T22:10:42.6743238Z (!) /home/runner/work/op-patchstudio/op-patchstudio/src/utils/wavExport.ts is dynamically imported by /home/runner/work/op-patchstudio/op-patchstudio/src/utils/audioFormats.ts but also statically imported by /home/runner/work/op-patchstudio/op-patchstudio/src/components/common/StemRecordingModal.tsx, /home/runner/work/op-patchstudio/op-patchstudio/src/components/drum/DrumTool.tsx, /home/runner/work/op-patchstudio/op-patchstudio/src/utils/audio.ts, /home/runner/work/op-patchstudio/op-patchstudio/src/utils/audioExport.ts, /home/runner/work/op-patchstudio/op-patchstudio/src/utils/libraryUtils.ts, dynamic import will not move module into another chunk.
2026-10-02T22:10:42.6748120Z [39m
2026-10-02T22:10:42.6748576Z [33m[plugin vite:reporter] 
2026-10-02T22:10:42.6759332Z (!) /home/runner/work/op-patchstudio/op-patchstudio/src/utils/audio.ts is dynamically imported by /home/runner/work/op-patchstudio/op-patchstudio/src/utils/audioFormats.ts, /home/runner/work/op-patchstudio/op-patchstudio/src/utils/audioFormats.ts but also statically imported by /home/runner/work/op-patchstudio/op-patchstudio/src/components/common/FileDetailsBadges.tsx, /home/runner/work/op-patchstudio/op-patchstudio/src/components/drum/DrumSampleSettingsModal.tsx, /home/runner/work/op-patchstudio/op-patchstudio/src/components/library/LibraryPage.tsx, /home/runner/work/op-patchstudio/op-patchstudio/src/components/multisample/MultisampleSampleTable.tsx, /home/runner/work/op-patchstudio/op-patchstudio/src/context/AppContext.tsx, /home/runner/work/op-patchstudio/op-patchstudio/src/utils/audioFormats.ts, /home/runner/work/op-patchstudio/op-patchstudio/src/utils/audioImport.ts, /home/runner/work/op-patchstudio/op-patchstudio/src/utils/libraryBatchExport.ts, /home/runner/work/op-patchstudio/op-patchstudio/src/utils/patchGeneration.ts, /home/runner/work/op-patchstudio/op-patchstudio/src/utils/recordingApplication.ts, dynamic import will not move module into another chunk.
2026-10-02T22:10:42.6768017Z [39m
2026-10-02T22:10:42.7003607Z computing gzip size...
2026-10-02T22:10:42.7257225Z [2mdist/[22m[32mmanifest.webmanifest                                                                                                  [39m[1m[2m  0.83 kB[22m[1m[22m
2026-10-02T22:10:42.7259472Z [2mdist/[22m[32mindex.html                                                                                                            [39m[1m[2m  3.28 kB[22m[1m[22m[2m │ gzip:   1.01 kB[22m
2026-10-02T22:10:42.7262031Z [2mdist/[22m[2massets/[22m[32mpwa-cache-lifecycle-9d6c59d386aef4b4bfa26d0c225d280508b43ecd-muriobwb-64f2e762-6d72-4119-aaac-5236ec81b61e.js  [39m[1m[2m  7.12 kB[22m[1m[22m
2026-10-02T22:10:42.7265018Z [2mdist/[22m[2massets/[22m[32mcaptureProcessor-BldZOCrQ.js                                                                                   [39m[1m[2m  9.25 kB[22m[1m[22m
2026-10-02T22:10:42.7268293Z [2mdist/[22m[2massets/[22m[32mfa-regular-400-BjRzuEpd.woff2                                                                                  [39m[1m[2m 25.47 kB[22m[1m[22m
2026-10-02T22:10:42.7269419Z [33m
2026-10-02T22:10:42.7270085Z (!) Some chunks are larger than 500 kB after minification. Consider:
2026-10-02T22:10:42.7270937Z - Using dynamic import() to code-split the application
2026-10-02T22:10:42.7272405Z - Use build.rollupOptions.output.manualChunks to improve chunking: https://rollupjs.org/configuration-options/#output-manualchunks
2026-10-02T22:10:42.7273626Z - Adjust chunk size limit for this warning via build.chunkSizeWarningLimit.[39m
2026-10-02T22:10:42.7274652Z [2mdist/[22m[2massets/[22m[32mfa-regular-400-DZaxPHgR.ttf                                                                                    [39m[1m[2m 68.06 kB[22m[1m[22m
2026-10-02T22:10:42.7275811Z [2mdist/[22m[2massets/[22m[32mfa-brands-400-D_cYUPeE.woff2                                                                                   [39m[1m[2m118.68 kB[22m[1m[22m
2026-10-02T22:10:42.7277527Z [2mdist/[22m[2massets/[22m[32mfa-solid-900-CTAAxXor.woff2                                                                                    [39m[1m[2m158.22 kB[22m[1m[22m
2026-10-02T22:10:42.7278674Z [2mdist/[22m[2massets/[22m[32mfa-brands-400-D1LuMI3I.ttf                                                                                     [39m[1m[2m210.79 kB[22m[1m[22m
2026-10-02T22:10:42.7279790Z [2mdist/[22m[2massets/[22m[32mfa-solid-900-D0aA9rwL.ttf                                                                                      [39m[1m[2m426.11 kB[22m[1m[22m
2026-10-02T22:10:42.7281027Z [2mdist/[22m[2massets/[22m[35mindex-DQu_SQ--.css                                                                                             [39m[1m[2m341.21 kB[22m[1m[22m[2m │ gzip:  59.16 kB[22m
2026-10-02T22:10:42.7282301Z [2mdist/[22m[2massets/[22m[36mrouteLease-C8aTrg61.js                                                                                         [39m[1m[2m  0.48 kB[22m[1m[22m[2m │ gzip:   0.27 kB[22m
2026-10-02T22:10:42.7283770Z [2mdist/[22m[2massets/[22m[36mIconButton-i-WPPopJ.js                                                                                         [39m[1m[2m  0.67 kB[22m[1m[22m[2m │ gzip:   0.42 kB[22m
2026-10-02T22:10:42.7285038Z [2mdist/[22m[2massets/[22m[36mFeedbackPage-YFYr_bVl.js                                                                                       [39m[1m[2m  2.65 kB[22m[1m[22m[2m │ gzip:   1.21 kB[22m
2026-10-02T22:10:42.7286682Z [2mdist/[22m[2massets/[22m[36mEnhancedTooltip-CI-O6zac.js                                                                                    [39m[1m[2m  4.58 kB[22m[1m[22m[2m │ gzip:   1.64 kB[22m
2026-10-02T22:10:42.7288074Z [2mdist/[22m[2massets/[22m[36mworkbox-window.prod.es5-CwtvwXb3.js                                                                            [39m[1m[2m  5.76 kB[22m[1m[22m[2m │ gzip:   2.37 kB[22m
2026-10-02T22:10:42.7289398Z [2mdist/[22m[2massets/[22m[36mDonatePage-D_Vy1j8p.js                                                                                         [39m[1m[2m  9.64 kB[22m[1m[22m[2m │ gzip:   2.97 kB[22m
2026-10-02T22:10:42.7290664Z [2mdist/[22m[2massets/[22m[36mcaptureSession-DKtwYUi-.js                                                                                     [39m[1m[2m 11.62 kB[22m[1m[22m[2m │ gzip:   3.79 kB[22m
2026-10-02T22:10:42.7291935Z [2mdist/[22m[2massets/[22m[36museAudioPlayer-DGTNwDgT.js                                                                                     [39m[1m[2m 12.19 kB[22m[1m[22m[2m │ gzip:   4.32 kB[22m
2026-10-02T22:10:42.7293360Z [2mdist/[22m[2massets/[22m[36mSliceAudioModal-dTJds9PR.js                                                                                    [39m[1m[2m 26.38 kB[22m[1m[22m[2m │ gzip:   9.03 kB[22m
2026-10-02T22:10:42.7294685Z [2mdist/[22m[2massets/[22m[36mStemRecordingModal-BHWMB6Hq.js                                                                                 [39m[1m[2m 28.89 kB[22m[1m[22m[2m │ gzip:   9.89 kB[22m
2026-10-02T22:10:42.7296129Z [2mdist/[22m[2massets/[22m[36mDevicesWorkspace-D7HBfb7a.js                                                                                   [39m[1m[2m 40.03 kB[22m[1m[22m[2m │ gzip:  11.81 kB[22m
2026-10-02T22:10:42.7297432Z [2mdist/[22m[2massets/[22m[36mLibraryPage-DMBwmE2h.js                                                                                        [39m[1m[2m 40.79 kB[22m[1m[22m[2m │ gzip:  11.15 kB[22m
2026-10-02T22:10:42.7298673Z [2mdist/[22m[2massets/[22m[36mDrumTool-BIJa2CG_.js                                                                                           [39m[1m[2m 96.13 kB[22m[1m[22m[2m │ gzip:  24.68 kB[22m
2026-10-02T22:10:42.7299930Z [2mdist/[22m[2massets/[22m[36mMultisampleTool-CquPXzad.js                                                                                    [39m[1m[2m 98.80 kB[22m[1m[22m[2m │ gzip:  23.87 kB[22m
2026-10-02T22:10:42.7301205Z [2mdist/[22m[2massets/[22m[36museFileUpload-CAFTHZJe.js                                                                                      [39m[1m[2m230.24 kB[22m[1m[22m[2m │ gzip:  61.79 kB[22m
2026-10-02T22:10:42.7302445Z [2mdist/[22m[2massets/[22m[36mindex-CWfDRi0H.js                                                                                              [39m[1m[33m607.60 kB[39m[22m[2m │ gzip: 185.06 kB[22m
2026-10-02T22:10:42.7303111Z [32m✓ built in 7.45s[39m
2026-10-02T22:10:44.6786758Z 
2026-10-02T22:10:44.6796169Z [36mPWA v1.3.0[39m
2026-10-02T22:10:44.6797199Z mode      [35mgenerateSW[39m
2026-10-02T22:10:44.6798334Z precache  [32m42 entries[39m [2m(2411.37 KiB)[22m
2026-10-02T22:10:44.6799133Z files generated
2026-10-02T22:10:44.6799765Z   [2mdist/sw.js[22m
2026-10-02T22:10:44.6800462Z   [2mdist/workbox-a4e4e354.js[22m
2026-10-02T22:10:44.9466312Z 
2026-10-02T22:10:44.9467149Z > op-patchstudio@0.16.0 verify:pwa
2026-10-02T22:10:44.9467841Z > node scripts/verify-pwa-build.mjs
2026-10-02T22:10:44.9468535Z 
2026-10-02T22:10:44.9848778Z Verified 42 unique precache URLs; 10 stable public assets have content revisions; lifecycle 9d6c59d386aef4b4bfa26d0c225d280508b43ecd-muriobwb-64f2e762-6d72-4119-aaac-5236ec81b61e owns its cache identity.
2026-10-02T22:10:45.0051979Z ##[group]Run npx playwright install --with-deps firefox
2026-10-02T22:10:45.0052726Z [36;1mnpx playwright install --with-deps firefox[0m
2026-10-02T22:10:45.0148169Z shell: /usr/bin/bash -e {0}
2026-10-02T22:10:45.0148614Z ##[endgroup]
2026-10-02T22:10:45.9327042Z Installing dependencies...
2026-10-02T22:10:45.9390798Z Switching to root user to install dependencies...
2026-10-02T22:10:46.0980338Z Get:1 file:/etc/apt/apt-mirrors.txt Mirrorlist [144 B]
2026-10-02T22:10:46.1488515Z Hit:2 http://azure.archive.ubuntu.com/ubuntu noble InRelease
2026-10-02T22:10:46.1607153Z Get:3 http://azure.archive.ubuntu.com/ubuntu noble-updates InRelease [126 kB]
2026-10-02T22:10:46.1660169Z Get:4 http://azure.archive.ubuntu.com/ubuntu noble-backports InRelease [126 kB]
2026-10-02T22:10:46.1718660Z Get:5 http://azure.archive.ubuntu.com/ubuntu noble-security InRelease [126 kB]
2026-10-02T22:10:46.1877065Z Get:6 https://packages.microsoft.com/ubuntu/24.04/prod noble InRelease [3600 B]
2026-10-02T22:10:46.3100287Z Get:7 http://azure.archive.ubuntu.com/ubuntu noble-updates/main amd64 Packages [1364 kB]
2026-10-02T22:10:46.3274079Z Get:8 http://azure.archive.ubuntu.com/ubuntu noble-updates/main Translation-en [304 kB]
2026-10-02T22:10:46.3283626Z Get:9 http://azure.archive.ubuntu.com/ubuntu noble-updates/main amd64 Components [180 kB]
2026-10-02T22:10:46.3308408Z Get:10 http://azure.archive.ubuntu.com/ubuntu noble-updates/universe amd64 Packages [1699 kB]
2026-10-02T22:10:46.3438351Z Get:11 http://azure.archive.ubuntu.com/ubuntu noble-updates/universe Translation-en [341 kB]
2026-10-02T22:10:46.3448976Z Get:12 http://azure.archive.ubuntu.com/ubuntu noble-updates/universe amd64 Components [388 kB]
2026-10-02T22:10:46.3507084Z Get:13 http://azure.archive.ubuntu.com/ubuntu noble-updates/restricted amd64 Packages [1720 kB]
2026-10-02T22:10:46.3624239Z Get:14 http://azure.archive.ubuntu.com/ubuntu noble-updates/restricted Translation-en [394 kB]
2026-10-02T22:10:46.3645509Z Get:15 http://azure.archive.ubuntu.com/ubuntu noble-updates/multiverse amd64 Components [940 B]
2026-10-02T22:10:46.3835203Z Get:16 http://azure.archive.ubuntu.com/ubuntu noble-backports/main amd64 Components [5764 B]
2026-10-02T22:10:46.4327758Z Get:17 http://azure.archive.ubuntu.com/ubuntu noble-backports/universe amd64 Components [12.6 kB]
2026-10-02T22:10:46.4647488Z Get:18 http://azure.archive.ubuntu.com/ubuntu noble-security/main amd64 Packages [1069 kB]
2026-10-02T22:10:46.4713414Z Get:19 http://azure.archive.ubuntu.com/ubuntu noble-security/main Translation-en [221 kB]
2026-10-02T22:10:46.4741326Z Get:20 http://azure.archive.ubuntu.com/ubuntu noble-security/main amd64 Components [46.3 kB]
2026-10-02T22:10:46.4797099Z Get:21 http://azure.archive.ubuntu.com/ubuntu noble-security/universe amd64 Packages [1216 kB]
2026-10-02T22:10:46.4884246Z Get:22 http://azure.archive.ubuntu.com/ubuntu noble-security/universe Translation-en [244 kB]
2026-10-02T22:10:46.4947048Z Get:23 http://azure.archive.ubuntu.com/ubuntu noble-security/universe amd64 Components [76.3 kB]
2026-10-02T22:10:46.4969018Z Get:24 http://azure.archive.ubuntu.com/ubuntu noble-security/restricted amd64 Packages [1566 kB]
2026-10-02T22:10:46.5251703Z Get:25 http://azure.archive.ubuntu.com/ubuntu noble-security/restricted Translation-en [361 kB]
2026-10-02T22:10:46.5255740Z Get:26 https://packages.microsoft.com/ubuntu/24.04/prod noble/main amd64 Packages [511 kB]
2026-10-02T22:10:46.5383244Z Get:27 https://packages.microsoft.com/ubuntu/24.04/prod noble/main arm64 Packages [458 kB]
2026-10-02T22:10:46.5458771Z Get:28 https://packages.microsoft.com/ubuntu/24.04/prod noble/main armhf Packages [12.6 kB]
2026-10-02T22:10:51.1776134Z Fetched 12.6 MB in 1s (8530 kB/s)
2026-10-02T22:10:52.0342623Z Reading package lists...
2026-10-02T22:10:52.0578803Z Reading package lists...
2026-10-02T22:10:52.2551499Z Building dependency tree...
2026-10-02T22:10:52.2559219Z Reading state information...
2026-10-02T22:10:52.4096526Z libasound2t64 is already the newest version (1.2.11-1ubuntu0.3).
2026-10-02T22:10:52.4098138Z libasound2t64 set to manually installed.
2026-10-02T22:10:52.4127092Z libatk1.0-0t64 is already the newest version (2.52.0-1build1).
2026-10-02T22:10:52.4145515Z libatk1.0-0t64 set to manually installed.
2026-10-02T22:10:52.4146460Z libcairo-gobject2 is already the newest version (1.18.0-3build1).
2026-10-02T22:10:52.4146944Z libcairo-gobject2 set to manually installed.
2026-10-02T22:10:52.4147372Z libcairo2 is already the newest version (1.18.0-3build1).
2026-10-02T22:10:52.4147765Z libcairo2 set to manually installed.
2026-10-02T22:10:52.4148189Z libdbus-1-3 is already the newest version (1.14.10-4ubuntu4.1).
2026-10-02T22:10:52.4148589Z libdbus-1-3 set to manually installed.
2026-10-02T22:10:52.4149017Z libfontconfig1 is already the newest version (2.15.0-1.1ubuntu2).
2026-10-02T22:10:52.4149431Z libfontconfig1 set to manually installed.
2026-10-02T22:10:52.4149879Z libfreetype6 is already the newest version (2.13.2+dfsg-1ubuntu0.1).
2026-10-02T22:10:52.4150329Z libfreetype6 set to manually installed.
2026-10-02T22:10:52.4150815Z libgdk-pixbuf-2.0-0 is already the newest version (2.42.10+dfsg-3ubuntu3.3).
2026-10-02T22:10:52.4151296Z libgdk-pixbuf-2.0-0 set to manually installed.
2026-10-02T22:10:52.4152028Z libglib2.0-0t64 is already the newest version (2.80.0-6ubuntu3.9).
2026-10-02T22:10:52.4152438Z libglib2.0-0t64 set to manually installed.
2026-10-02T22:10:52.4152859Z libgtk-3-0t64 is already the newest version (3.24.41-4ubuntu1.3).
2026-10-02T22:10:52.4153424Z libgtk-3-0t64 set to manually installed.
2026-10-02T22:10:52.4154186Z libpango-1.0-0 is already the newest version (1.52.1+ds-1build1).
2026-10-02T22:10:52.4154925Z libpango-1.0-0 set to manually installed.
2026-10-02T22:10:52.4155739Z libpangocairo-1.0-0 is already the newest version (1.52.1+ds-1build1).
2026-10-02T22:10:52.4156900Z libpangocairo-1.0-0 set to manually installed.
2026-10-02T22:10:52.4157365Z libx11-6 is already the newest version (2:1.8.7-1build1).
2026-10-02T22:10:52.4157745Z libx11-6 set to manually installed.
2026-10-02T22:10:52.4158152Z libx11-xcb1 is already the newest version (2:1.8.7-1build1).
2026-10-02T22:10:52.4158547Z libx11-xcb1 set to manually installed.
2026-10-02T22:10:52.4158934Z libxcb-shm0 is already the newest version (1.15-1ubuntu2).
2026-10-02T22:10:52.4159307Z libxcb-shm0 set to manually installed.
2026-10-02T22:10:52.4160096Z libxcb1 is already the newest version (1.15-1ubuntu2).
2026-10-02T22:10:52.4160852Z libxcb1 set to manually installed.
2026-10-02T22:10:52.4161735Z libxcomposite1 is already the newest version (1:0.4.5-1build3).
2026-10-02T22:10:52.4162457Z libxcomposite1 set to manually installed.
2026-10-02T22:10:52.4163326Z libxcursor1 is already the newest version (1:1.2.1-1build1).
2026-10-02T22:10:52.4163996Z libxcursor1 set to manually installed.
2026-10-02T22:10:52.4186869Z libxdamage1 is already the newest version (1:1.1.6-1build1).
2026-10-02T22:10:52.4187335Z libxdamage1 set to manually installed.
2026-10-02T22:10:52.4187757Z libxext6 is already the newest version (2:1.3.4-1build2).
2026-10-02T22:10:52.4188151Z libxext6 set to manually installed.
2026-10-02T22:10:52.4188555Z libxfixes3 is already the newest version (1:6.0.0-2build1).
2026-10-02T22:10:52.4188968Z libxfixes3 set to manually installed.
2026-10-02T22:10:52.4189369Z libxi6 is already the newest version (2:1.8.1-1build1).
2026-10-02T22:10:52.4189730Z libxi6 set to manually installed.
2026-10-02T22:10:52.4190123Z libxrandr2 is already the newest version (2:1.5.2-2build1).
2026-10-02T22:10:52.4190519Z libxrandr2 set to manually installed.
2026-10-02T22:10:52.4190933Z libxrender1 is already the newest version (1:0.9.10-1.1build1).
2026-10-02T22:10:52.4191331Z libxrender1 set to manually installed.
2026-10-02T22:10:52.4191735Z xvfb is already the newest version (2:21.1.12-1ubuntu1.8).
2026-10-02T22:10:52.4192277Z fonts-noto-color-emoji is already the newest version (2.047-0ubuntu0.24.04.1).
2026-10-02T22:10:52.4192816Z fonts-liberation is already the newest version (1:2.1.5-3).
2026-10-02T22:10:52.4193497Z fonts-liberation set to manually installed.
2026-10-02T22:10:52.4193928Z The following additional packages will be installed:
2026-10-02T22:10:52.4194857Z   libavutil58 libcodec2-1.2 libdav1d7 libgsm1 libhwy1t64 libjxl0.7 libmp3lame0
2026-10-02T22:10:52.4196119Z   libopus0 librav1e0 librsvg2-2 libshine3 libsoxr0 libspeex1 libsvtav1enc1d1
2026-10-02T22:10:52.4197603Z   libswresample4 libtheora0 libtwolame0 libva-drm2 libva-x11-2 libva2
2026-10-02T22:10:52.4198803Z   libvdpau1 libvorbisenc2 libvpl2 libvpx9 libx264-164 libx265-199 libxvidcore4
2026-10-02T22:10:52.4200072Z   libzvbi-common libzvbi0t64 ocl-icd-libopencl1 xfonts-encodings xfonts-utils
2026-10-02T22:10:52.4201224Z Suggested packages:
2026-10-02T22:10:52.4202166Z   libcuda1 libnvcuvid1 libnvidia-encode1 opus-tools librsvg2-bin speex
2026-10-02T22:10:52.4203115Z   opencl-icd
2026-10-02T22:10:52.4203745Z Recommended packages:
2026-10-02T22:10:52.4204665Z   fonts-ipafont-mincho fonts-tlwg-loma librsvg2-common va-driver-all
2026-10-02T22:10:52.4205699Z   | va-driver vdpau-driver-all | vdpau-driver
2026-10-02T22:10:52.4568315Z The following NEW packages will be installed:
2026-10-02T22:10:52.4570210Z   fonts-freefont-ttf fonts-ipafont-gothic fonts-tlwg-loma-otf fonts-unifont
2026-10-02T22:10:52.4572199Z   fonts-wqy-zenhei libavcodec60 libavutil58 libcodec2-1.2 libdav1d7 libgsm1
2026-10-02T22:10:52.4575797Z   libhwy1t64 libjxl0.7 libmp3lame0 libopus0 librav1e0 librsvg2-2 libshine3
2026-10-02T22:10:52.4577478Z   libsoxr0 libspeex1 libsvtav1enc1d1 libswresample4 libtheora0 libtwolame0
2026-10-02T22:10:52.4578726Z   libva-drm2 libva-x11-2 libva2 libvdpau1 libvorbisenc2 libvpl2 libvpx9
2026-10-02T22:10:52.4580036Z   libx264-164 libx265-199 libxvidcore4 libzvbi-common libzvbi0t64
2026-10-02T22:10:52.4581901Z   ocl-icd-libopencl1 xfonts-cyrillic xfonts-encodings xfonts-scalable
2026-10-02T22:10:52.4582772Z   xfonts-utils
2026-10-02T22:10:52.4828558Z 0 upgraded, 40 newly installed, 0 to remove and 25 not upgraded.
2026-10-02T22:10:52.4829312Z Need to get 48.8 MB of archives.
2026-10-02T22:10:52.4830080Z After this operation, 168 MB of additional disk space will be used.
2026-10-02T22:10:52.4830924Z Get:1 file:/etc/apt/apt-mirrors.txt Mirrorlist [144 B]
2026-10-02T22:10:52.7114928Z Get:2 http://azure.archive.ubuntu.com/ubuntu noble/universe amd64 fonts-ipafont-gothic all 00303-21ubuntu1 [3513 kB]
2026-10-02T22:10:53.6918835Z Get:3 http://azure.archive.ubuntu.com/ubuntu noble/main amd64 fonts-freefont-ttf all 20211204+svn4273-2 [5641 kB]
2026-10-02T22:10:53.9605516Z Get:4 http://azure.archive.ubuntu.com/ubuntu noble/universe amd64 fonts-tlwg-loma-otf all 1:0.7.3-1 [107 kB]
2026-10-02T22:10:54.0663641Z Get:5 http://azure.archive.ubuntu.com/ubuntu noble/universe amd64 fonts-unifont all 1:15.1.01-1build1 [2993 kB]
2026-10-02T22:10:54.2073234Z Get:6 http://azure.archive.ubuntu.com/ubuntu noble/universe amd64 fonts-wqy-zenhei all 0.9.45-8 [7472 kB]
2026-10-02T22:10:54.5402819Z Get:7 http://azure.archive.ubuntu.com/ubuntu noble-updates/universe amd64 libva2 amd64 2.20.0-2ubuntu0.2 [66.4 kB]
2026-10-02T22:10:54.6376687Z Get:8 http://azure.archive.ubuntu.com/ubuntu noble-updates/universe amd64 libva-drm2 amd64 2.20.0-2ubuntu0.2 [7124 B]
2026-10-02T22:10:54.7328671Z Get:9 http://azure.archive.ubuntu.com/ubuntu noble-updates/universe amd64 libva-x11-2 amd64 2.20.0-2ubuntu0.2 [12.0 kB]
2026-10-02T22:10:54.8282481Z Get:10 http://azure.archive.ubuntu.com/ubuntu noble/main amd64 libvdpau1 amd64 1.5-2build1 [27.8 kB]
2026-10-02T22:10:54.9299261Z Get:11 http://azure.archive.ubuntu.com/ubuntu noble/universe amd64 libvpl2 amd64 2023.3.0-1build1 [99.8 kB]
2026-10-02T22:10:55.0319893Z Get:12 http://azure.archive.ubuntu.com/ubuntu noble/universe amd64 ocl-icd-libopencl1 amd64 2.3.2-1build1 [38.5 kB]
2026-10-02T22:10:55.1338128Z Get:13 http://azure.archive.ubuntu.com/ubuntu noble/universe amd64 libavutil58 amd64 7:6.1.1-3ubuntu5 [401 kB]
2026-10-02T22:10:55.2390922Z Get:14 http://azure.archive.ubuntu.com/ubuntu noble/universe amd64 libcodec2-1.2 amd64 1.2.0-2build1 [8998 kB]
2026-10-02T22:10:55.6119307Z Get:15 http://azure.archive.ubuntu.com/ubuntu noble/universe amd64 libdav1d7 amd64 1.4.1-1build1 [604 kB]
2026-10-02T22:10:55.7314767Z Get:16 http://azure.archive.ubuntu.com/ubuntu noble/universe amd64 libgsm1 amd64 1.0.22-1build1 [27.8 kB]
2026-10-02T22:10:55.8359470Z Get:17 http://azure.archive.ubuntu.com/ubuntu noble/universe amd64 libhwy1t64 amd64 1.0.7-8.1build1 [584 kB]
2026-10-02T22:10:55.9550233Z Get:18 http://azure.archive.ubuntu.com/ubuntu noble-updates/universe amd64 libjxl0.7 amd64 0.7.0-10.2ubuntu6.1 [1001 kB]
2026-10-02T22:10:56.0876460Z Get:19 http://azure.archive.ubuntu.com/ubuntu noble/main amd64 libmp3lame0 amd64 3.100-6build1 [142 kB]
2026-10-02T22:10:56.1941808Z Get:20 http://azure.archive.ubuntu.com/ubuntu noble/main amd64 libopus0 amd64 1.4-1build1 [208 kB]
2026-10-02T22:10:56.3000745Z Get:21 http://azure.archive.ubuntu.com/ubuntu noble/universe amd64 librav1e0 amd64 0.7.1-2 [1022 kB]
2026-10-02T22:10:56.4329023Z Get:22 http://azure.archive.ubuntu.com/ubuntu noble/main amd64 librsvg2-2 amd64 2.58.0+dfsg-1build1 [2135 kB]
2026-10-02T22:10:56.6021870Z Get:23 http://azure.archive.ubuntu.com/ubuntu noble/universe amd64 libshine3 amd64 3.1.1-2build1 [23.2 kB]
2026-10-02T22:10:56.7039433Z Get:24 http://azure.archive.ubuntu.com/ubuntu noble-updates/main amd64 libspeex1 amd64 1.2.1-2ubuntu2.24.04.1 [59.6 kB]
2026-10-02T22:10:56.8065649Z Get:25 http://azure.archive.ubuntu.com/ubuntu noble/universe amd64 libsvtav1enc1d1 amd64 1.7.0+dfsg-2build1 [2425 kB]
2026-10-02T22:10:56.9890842Z Get:26 http://azure.archive.ubuntu.com/ubuntu noble/universe amd64 libsoxr0 amd64 0.1.3-4build3 [80.0 kB]
2026-10-02T22:10:57.0923426Z Get:27 http://azure.archive.ubuntu.com/ubuntu noble/universe amd64 libswresample4 amd64 7:6.1.1-3ubuntu5 [63.8 kB]
2026-10-02T22:10:57.1948558Z Get:28 http://azure.archive.ubuntu.com/ubuntu noble/main amd64 libtheora0 amd64 1.1.1+dfsg.1-16.1build3 [211 kB]
2026-10-02T22:10:57.3025766Z Get:29 http://azure.archive.ubuntu.com/ubuntu noble/main amd64 libtwolame0 amd64 0.4.0-2build3 [52.3 kB]
2026-10-02T22:10:57.4044830Z Get:30 http://azure.archive.ubuntu.com/ubuntu noble/main amd64 libvorbisenc2 amd64 1.3.7-1build3 [80.8 kB]
2026-10-02T22:10:57.5075775Z Get:31 http://azure.archive.ubuntu.com/ubuntu noble-updates/main amd64 libvpx9 amd64 1.14.0-1ubuntu2.3 [1143 kB]
2026-10-02T22:10:57.6443316Z Get:32 http://azure.archive.ubuntu.com/ubuntu noble/universe amd64 libx264-164 amd64 2:0.164.3108+git31e19f9-1 [604 kB]
2026-10-02T22:10:57.7641665Z Get:33 http://azure.archive.ubuntu.com/ubuntu noble/universe amd64 libx265-199 amd64 3.5-2build1 [1226 kB]
2026-10-02T22:10:57.9041320Z Get:34 http://azure.archive.ubuntu.com/ubuntu noble/universe amd64 libxvidcore4 amd64 2:1.3.7-1build1 [219 kB]
2026-10-02T22:10:58.0110634Z Get:35 http://azure.archive.ubuntu.com/ubuntu noble/universe amd64 libzvbi-common all 0.2.42-2 [42.4 kB]
2026-10-02T22:10:58.1131460Z Get:36 http://azure.archive.ubuntu.com/ubuntu noble/universe amd64 libzvbi0t64 amd64 0.2.42-2 [261 kB]
2026-10-02T22:10:58.2221798Z Get:37 http://azure.archive.ubuntu.com/ubuntu noble/universe amd64 libavcodec60 amd64 7:6.1.1-3ubuntu5 [5851 kB]
2026-10-02T22:10:58.5111938Z Get:38 http://azure.archive.ubuntu.com/ubuntu noble/main amd64 xfonts-encodings all 1:1.0.5-0ubuntu2 [578 kB]
2026-10-02T22:10:58.6309306Z Get:39 http://azure.archive.ubuntu.com/ubuntu noble/main amd64 xfonts-utils amd64 1:7.7+6build3 [94.4 kB]
2026-10-02T22:10:58.7348367Z Get:40 http://azure.archive.ubuntu.com/ubuntu noble/universe amd64 xfonts-cyrillic all 1:1.0.5+nmu1 [384 kB]
2026-10-02T22:10:58.8473021Z Get:41 http://azure.archive.ubuntu.com/ubuntu noble/main amd64 xfonts-scalable all 1:1.0.3-1.3 [304 kB]
2026-10-02T22:10:59.1444772Z Fetched 48.8 MB in 6s (7633 kB/s)
2026-10-02T22:10:59.1709270Z Selecting previously unselected package fonts-ipafont-gothic.
2026-10-02T22:10:59.1988283Z (Reading database ... 
2026-10-02T22:10:59.1988881Z (Reading database ... 5%
2026-10-02T22:10:59.1989448Z (Reading database ... 10%
2026-10-02T22:10:59.1989998Z (Reading database ... 15%
2026-10-02T22:10:59.1990820Z (Reading database ... 20%
2026-10-02T22:10:59.1991353Z (Reading database ... 25%
2026-10-02T22:10:59.1991895Z (Reading database ... 30%
2026-10-02T22:10:59.1992504Z (Reading database ... 35%
2026-10-02T22:10:59.1993044Z (Reading database ... 40%
2026-10-02T22:10:59.1993570Z (Reading database ... 45%
2026-10-02T22:10:59.1994083Z (Reading database ... 50%
2026-10-02T22:10:59.2028313Z (Reading database ... 55%
2026-10-02T22:10:59.2957465Z (Reading database ... 60%
2026-10-02T22:10:59.4414898Z (Reading database ... 65%
2026-10-02T22:10:59.6464145Z (Reading database ... 70%
2026-10-02T22:10:59.8485752Z (Reading database ... 75%
2026-10-02T22:10:59.9510279Z (Reading database ... 80%
2026-10-02T22:11:00.1495923Z (Reading database ... 85%
2026-10-02T22:11:00.3006843Z (Reading database ... 90%
2026-10-02T22:11:00.4597975Z (Reading database ... 95%
2026-10-02T22:11:00.4598322Z (Reading database ... 100%
2026-10-02T22:11:00.4598760Z (Reading database ... 202296 files and directories currently installed.)
2026-10-02T22:11:00.4640746Z Preparing to unpack .../00-fonts-ipafont-gothic_00303-21ubuntu1_all.deb ...
2026-10-02T22:11:00.4731672Z Unpacking fonts-ipafont-gothic (00303-21ubuntu1) ...
2026-10-02T22:11:00.7038631Z Selecting previously unselected package fonts-freefont-ttf.
2026-10-02T22:11:00.7162151Z Preparing to unpack .../01-fonts-freefont-ttf_20211204+svn4273-2_all.deb ...
2026-10-02T22:11:00.7169158Z Unpacking fonts-freefont-ttf (20211204+svn4273-2) ...
2026-10-02T22:11:00.8020833Z Selecting previously unselected package fonts-tlwg-loma-otf.
2026-10-02T22:11:00.8175796Z Preparing to unpack .../02-fonts-tlwg-loma-otf_1%3a0.7.3-1_all.deb ...
2026-10-02T22:11:00.8182290Z Unpacking fonts-tlwg-loma-otf (1:0.7.3-1) ...
2026-10-02T22:11:00.8393085Z Selecting previously unselected package fonts-unifont.
2026-10-02T22:11:00.8516781Z Preparing to unpack .../03-fonts-unifont_1%3a15.1.01-1build1_all.deb ...
2026-10-02T22:11:00.8523111Z Unpacking fonts-unifont (1:15.1.01-1build1) ...
2026-10-02T22:11:00.9535666Z Selecting previously unselected package fonts-wqy-zenhei.
2026-10-02T22:11:00.9658479Z Preparing to unpack .../04-fonts-wqy-zenhei_0.9.45-8_all.deb ...
2026-10-02T22:11:00.9753894Z Unpacking fonts-wqy-zenhei (0.9.45-8) ...
2026-10-02T22:11:01.4373058Z Selecting previously unselected package libva2:amd64.
2026-10-02T22:11:01.4497055Z Preparing to unpack .../05-libva2_2.20.0-2ubuntu0.2_amd64.deb ...
2026-10-02T22:11:01.4514612Z Unpacking libva2:amd64 (2.20.0-2ubuntu0.2) ...
2026-10-02T22:11:01.4712563Z Selecting previously unselected package libva-drm2:amd64.
2026-10-02T22:11:01.4835731Z Preparing to unpack .../06-libva-drm2_2.20.0-2ubuntu0.2_amd64.deb ...
2026-10-02T22:11:01.4842561Z Unpacking libva-drm2:amd64 (2.20.0-2ubuntu0.2) ...
2026-10-02T22:11:01.5028400Z Selecting previously unselected package libva-x11-2:amd64.
2026-10-02T22:11:01.5150503Z Preparing to unpack .../07-libva-x11-2_2.20.0-2ubuntu0.2_amd64.deb ...
2026-10-02T22:11:01.5157335Z Unpacking libva-x11-2:amd64 (2.20.0-2ubuntu0.2) ...
2026-10-02T22:11:01.5350599Z Selecting previously unselected package libvdpau1:amd64.
2026-10-02T22:11:01.5472547Z Preparing to unpack .../08-libvdpau1_1.5-2build1_amd64.deb ...
2026-10-02T22:11:01.5479942Z Unpacking libvdpau1:amd64 (1.5-2build1) ...
2026-10-02T22:11:01.5681957Z Selecting previously unselected package libvpl2.
2026-10-02T22:11:01.5803334Z Preparing to unpack .../09-libvpl2_2023.3.0-1build1_amd64.deb ...
2026-10-02T22:11:01.5810104Z Unpacking libvpl2 (2023.3.0-1build1) ...
2026-10-02T22:11:01.6012812Z Selecting previously unselected package ocl-icd-libopencl1:amd64.
2026-10-02T22:11:01.6133317Z Preparing to unpack .../10-ocl-icd-libopencl1_2.3.2-1build1_amd64.deb ...
2026-10-02T22:11:01.6141606Z Unpacking ocl-icd-libopencl1:amd64 (2.3.2-1build1) ...
2026-10-02T22:11:01.6373121Z Selecting previously unselected package libavutil58:amd64.
2026-10-02T22:11:01.6492710Z Preparing to unpack .../11-libavutil58_7%3a6.1.1-3ubuntu5_amd64.deb ...
2026-10-02T22:11:01.6499734Z Unpacking libavutil58:amd64 (7:6.1.1-3ubuntu5) ...
2026-10-02T22:11:01.6729569Z Selecting previously unselected package libcodec2-1.2:amd64.
2026-10-02T22:11:01.6850349Z Preparing to unpack .../12-libcodec2-1.2_1.2.0-2build1_amd64.deb ...
2026-10-02T22:11:01.6856550Z Unpacking libcodec2-1.2:amd64 (1.2.0-2build1) ...
2026-10-02T22:11:01.7580590Z Selecting previously unselected package libdav1d7:amd64.
2026-10-02T22:11:01.7703833Z Preparing to unpack .../13-libdav1d7_1.4.1-1build1_amd64.deb ...
2026-10-02T22:11:01.7776197Z Unpacking libdav1d7:amd64 (1.4.1-1build1) ...
2026-10-02T22:11:01.8038737Z Selecting previously unselected package libgsm1:amd64.
2026-10-02T22:11:01.8162449Z Preparing to unpack .../14-libgsm1_1.0.22-1build1_amd64.deb ...
2026-10-02T22:11:01.8169163Z Unpacking libgsm1:amd64 (1.0.22-1build1) ...
2026-10-02T22:11:01.8362499Z Selecting previously unselected package libhwy1t64:amd64.
2026-10-02T22:11:01.8484537Z Preparing to unpack .../15-libhwy1t64_1.0.7-8.1build1_amd64.deb ...
2026-10-02T22:11:01.8491491Z Unpacking libhwy1t64:amd64 (1.0.7-8.1build1) ...
2026-10-02T22:11:01.8805563Z Selecting previously unselected package libjxl0.7:amd64.
2026-10-02T22:11:01.8929175Z Preparing to unpack .../16-libjxl0.7_0.7.0-10.2ubuntu6.1_amd64.deb ...
2026-10-02T22:11:01.8936142Z Unpacking libjxl0.7:amd64 (0.7.0-10.2ubuntu6.1) ...
2026-10-02T22:11:01.9245533Z Selecting previously unselected package libmp3lame0:amd64.
2026-10-02T22:11:01.9369461Z Preparing to unpack .../17-libmp3lame0_3.100-6build1_amd64.deb ...
2026-10-02T22:11:01.9377010Z Unpacking libmp3lame0:amd64 (3.100-6build1) ...
2026-10-02T22:11:01.9574701Z Selecting previously unselected package libopus0:amd64.
2026-10-02T22:11:01.9697724Z Preparing to unpack .../18-libopus0_1.4-1build1_amd64.deb ...
2026-10-02T22:11:01.9704284Z Unpacking libopus0:amd64 (1.4-1build1) ...
2026-10-02T22:11:01.9913856Z Selecting previously unselected package librav1e0:amd64.
2026-10-02T22:11:02.0037692Z Preparing to unpack .../19-librav1e0_0.7.1-2_amd64.deb ...
2026-10-02T22:11:02.0046003Z Unpacking librav1e0:amd64 (0.7.1-2) ...
2026-10-02T22:11:02.0346998Z Selecting previously unselected package librsvg2-2:amd64.
2026-10-02T22:11:02.0469920Z Preparing to unpack .../20-librsvg2-2_2.58.0+dfsg-1build1_amd64.deb ...
2026-10-02T22:11:02.0476910Z Unpacking librsvg2-2:amd64 (2.58.0+dfsg-1build1) ...
2026-10-02T22:11:02.0919495Z Selecting previously unselected package libshine3:amd64.
2026-10-02T22:11:02.1043299Z Preparing to unpack .../21-libshine3_3.1.1-2build1_amd64.deb ...
2026-10-02T22:11:02.1054944Z Unpacking libshine3:amd64 (3.1.1-2build1) ...
2026-10-02T22:11:02.1253432Z Selecting previously unselected package libspeex1:amd64.
2026-10-02T22:11:02.1375629Z Preparing to unpack .../22-libspeex1_1.2.1-2ubuntu2.24.04.1_amd64.deb ...
2026-10-02T22:11:02.1382713Z Unpacking libspeex1:amd64 (1.2.1-2ubuntu2.24.04.1) ...
2026-10-02T22:11:02.1577864Z Selecting previously unselected package libsvtav1enc1d1:amd64.
2026-10-02T22:11:02.1701038Z Preparing to unpack .../23-libsvtav1enc1d1_1.7.0+dfsg-2build1_amd64.deb ...
2026-10-02T22:11:02.1707817Z Unpacking libsvtav1enc1d1:amd64 (1.7.0+dfsg-2build1) ...
2026-10-02T22:11:02.2165328Z Selecting previously unselected package libsoxr0:amd64.
2026-10-02T22:11:02.2288853Z Preparing to unpack .../24-libsoxr0_0.1.3-4build3_amd64.deb ...
2026-10-02T22:11:02.2299381Z Unpacking libsoxr0:amd64 (0.1.3-4build3) ...
2026-10-02T22:11:02.2497512Z Selecting previously unselected package libswresample4:amd64.
2026-10-02T22:11:02.2620229Z Preparing to unpack .../25-libswresample4_7%3a6.1.1-3ubuntu5_amd64.deb ...
2026-10-02T22:11:02.2628333Z Unpacking libswresample4:amd64 (7:6.1.1-3ubuntu5) ...
2026-10-02T22:11:02.2825504Z Selecting previously unselected package libtheora0:amd64.
2026-10-02T22:11:02.2947586Z Preparing to unpack .../26-libtheora0_1.1.1+dfsg.1-16.1build3_amd64.deb ...
2026-10-02T22:11:02.2954201Z Unpacking libtheora0:amd64 (1.1.1+dfsg.1-16.1build3) ...
2026-10-02T22:11:02.3167438Z Selecting previously unselected package libtwolame0:amd64.
2026-10-02T22:11:02.3289957Z Preparing to unpack .../27-libtwolame0_0.4.0-2build3_amd64.deb ...
2026-10-02T22:11:02.3297824Z Unpacking libtwolame0:amd64 (0.4.0-2build3) ...
2026-10-02T22:11:02.3493990Z Selecting previously unselected package libvorbisenc2:amd64.
2026-10-02T22:11:02.3613125Z Preparing to unpack .../28-libvorbisenc2_1.3.7-1build3_amd64.deb ...
2026-10-02T22:11:02.3620281Z Unpacking libvorbisenc2:amd64 (1.3.7-1build3) ...
2026-10-02T22:11:02.3827969Z Selecting previously unselected package libvpx9:amd64.
2026-10-02T22:11:02.3946736Z Preparing to unpack .../29-libvpx9_1.14.0-1ubuntu2.3_amd64.deb ...
2026-10-02T22:11:02.3954157Z Unpacking libvpx9:amd64 (1.14.0-1ubuntu2.3) ...
2026-10-02T22:11:02.4262313Z Selecting previously unselected package libx264-164:amd64.
2026-10-02T22:11:02.4384379Z Preparing to unpack .../30-libx264-164_2%3a0.164.3108+git31e19f9-1_amd64.deb ...
2026-10-02T22:11:02.4391719Z Unpacking libx264-164:amd64 (2:0.164.3108+git31e19f9-1) ...
2026-10-02T22:11:02.4646986Z Selecting previously unselected package libx265-199:amd64.
2026-10-02T22:11:02.4770092Z Preparing to unpack .../31-libx265-199_3.5-2build1_amd64.deb ...
2026-10-02T22:11:02.4777581Z Unpacking libx265-199:amd64 (3.5-2build1) ...
2026-10-02T22:11:02.5401072Z Selecting previously unselected package libxvidcore4:amd64.
2026-10-02T22:11:02.5524740Z Preparing to unpack .../32-libxvidcore4_2%3a1.3.7-1build1_amd64.deb ...
2026-10-02T22:11:02.5532386Z Unpacking libxvidcore4:amd64 (2:1.3.7-1build1) ...
2026-10-02T22:11:02.5745355Z Selecting previously unselected package libzvbi-common.
2026-10-02T22:11:02.5868636Z Preparing to unpack .../33-libzvbi-common_0.2.42-2_all.deb ...
2026-10-02T22:11:02.5876374Z Unpacking libzvbi-common (0.2.42-2) ...
2026-10-02T22:11:02.6142226Z Selecting previously unselected package libzvbi0t64:amd64.
2026-10-02T22:11:02.6263709Z Preparing to unpack .../34-libzvbi0t64_0.2.42-2_amd64.deb ...
2026-10-02T22:11:02.6271075Z Unpacking libzvbi0t64:amd64 (0.2.42-2) ...
2026-10-02T22:11:02.6498227Z Selecting previously unselected package libavcodec60:amd64.
2026-10-02T22:11:02.6619917Z Preparing to unpack .../35-libavcodec60_7%3a6.1.1-3ubuntu5_amd64.deb ...
2026-10-02T22:11:02.6628340Z Unpacking libavcodec60:amd64 (7:6.1.1-3ubuntu5) ...
2026-10-02T22:11:02.7402874Z Selecting previously unselected package xfonts-encodings.
2026-10-02T22:11:02.7526321Z Preparing to unpack .../36-xfonts-encodings_1%3a1.0.5-0ubuntu2_all.deb ...
2026-10-02T22:11:02.7532774Z Unpacking xfonts-encodings (1:1.0.5-0ubuntu2) ...
2026-10-02T22:11:02.7803060Z Selecting previously unselected package xfonts-utils.
2026-10-02T22:11:02.7925947Z Preparing to unpack .../37-xfonts-utils_1%3a7.7+6build3_amd64.deb ...
2026-10-02T22:11:02.7932819Z Unpacking xfonts-utils (1:7.7+6build3) ...
2026-10-02T22:11:02.8264406Z Selecting previously unselected package xfonts-cyrillic.
2026-10-02T22:11:02.8386593Z Preparing to unpack .../38-xfonts-cyrillic_1%3a1.0.5+nmu1_all.deb ...
2026-10-02T22:11:02.8393951Z Unpacking xfonts-cyrillic (1:1.0.5+nmu1) ...
2026-10-02T22:11:02.8719491Z Selecting previously unselected package xfonts-scalable.
2026-10-02T22:11:02.8844820Z Preparing to unpack .../39-xfonts-scalable_1%3a1.0.3-1.3_all.deb ...
2026-10-02T22:11:02.8852342Z Unpacking xfonts-scalable (1:1.0.3-1.3) ...
2026-10-02T22:11:02.9341004Z Setting up libhwy1t64:amd64 (1.0.7-8.1build1) ...
2026-10-02T22:11:02.9361601Z Setting up libspeex1:amd64 (1.2.1-2ubuntu2.24.04.1) ...
2026-10-02T22:11:02.9380852Z Setting up libshine3:amd64 (3.1.1-2build1) ...
2026-10-02T22:11:02.9397629Z Setting up libvpl2 (2023.3.0-1build1) ...
2026-10-02T22:11:02.9414684Z Setting up libx264-164:amd64 (2:0.164.3108+git31e19f9-1) ...
2026-10-02T22:11:02.9433868Z Setting up libtwolame0:amd64 (0.4.0-2build3) ...
2026-10-02T22:11:02.9451741Z Setting up libgsm1:amd64 (1.0.22-1build1) ...
2026-10-02T22:11:02.9470274Z Setting up libsoxr0:amd64 (0.1.3-4build3) ...
2026-10-02T22:11:02.9488673Z Setting up libcodec2-1.2:amd64 (1.2.0-2build1) ...
2026-10-02T22:11:02.9506884Z Setting up fonts-wqy-zenhei (0.9.45-8) ...
2026-10-02T22:11:02.9616477Z Setting up fonts-freefont-ttf (20211204+svn4273-2) ...
2026-10-02T22:11:02.9636230Z Setting up libsvtav1enc1d1:amd64 (1.7.0+dfsg-2build1) ...
2026-10-02T22:11:02.9656428Z Setting up libxvidcore4:amd64 (2:1.3.7-1build1) ...
2026-10-02T22:11:02.9679205Z Setting up librav1e0:amd64 (0.7.1-2) ...
2026-10-02T22:11:02.9697547Z Setting up librsvg2-2:amd64 (2.58.0+dfsg-1build1) ...
2026-10-02T22:11:02.9716564Z Setting up fonts-tlwg-loma-otf (1:0.7.3-1) ...
2026-10-02T22:11:02.9733991Z Setting up libva2:amd64 (2.20.0-2ubuntu0.2) ...
2026-10-02T22:11:02.9754301Z Setting up xfonts-encodings (1:1.0.5-0ubuntu2) ...
2026-10-02T22:11:02.9772406Z Setting up libopus0:amd64 (1.4-1build1) ...
2026-10-02T22:11:02.9789097Z Setting up libjxl0.7:amd64 (0.7.0-10.2ubuntu6.1) ...
2026-10-02T22:11:02.9806007Z Setting up libx265-199:amd64 (3.5-2build1) ...
2026-10-02T22:11:02.9822698Z Setting up libvpx9:amd64 (1.14.0-1ubuntu2.3) ...
2026-10-02T22:11:02.9839508Z Setting up libdav1d7:amd64 (1.4.1-1build1) ...
2026-10-02T22:11:02.9858490Z Setting up libva-drm2:amd64 (2.20.0-2ubuntu0.2) ...
2026-10-02T22:11:02.9877110Z Setting up fonts-ipafont-gothic (00303-21ubuntu1) ...
2026-10-02T22:11:02.9940775Z update-alternatives: using /usr/share/fonts/opentype/ipafont-gothic/ipag.ttf to provide /usr/share/fonts/truetype/fonts-japanese-gothic.ttf (fonts-japanese-gothic.ttf) in auto mode
2026-10-02T22:11:02.9955270Z Setting up ocl-icd-libopencl1:amd64 (2.3.2-1build1) ...
2026-10-02T22:11:02.9973366Z Setting up libvdpau1:amd64 (1.5-2build1) ...
2026-10-02T22:11:02.9996920Z Setting up libtheora0:amd64 (1.1.1+dfsg.1-16.1build3) ...
2026-10-02T22:11:03.0017194Z Setting up libva-x11-2:amd64 (2.20.0-2ubuntu0.2) ...
2026-10-02T22:11:03.0036269Z Setting up libzvbi-common (0.2.42-2) ...
2026-10-02T22:11:03.0055852Z Setting up libmp3lame0:amd64 (3.100-6build1) ...
2026-10-02T22:11:03.0078765Z Setting up libvorbisenc2:amd64 (1.3.7-1build3) ...
2026-10-02T22:11:03.0097754Z Setting up fonts-unifont (1:15.1.01-1build1) ...
2026-10-02T22:11:03.0115785Z Setting up libzvbi0t64:amd64 (0.2.42-2) ...
2026-10-02T22:11:03.0133624Z Setting up libavutil58:amd64 (7:6.1.1-3ubuntu5) ...
2026-10-02T22:11:03.0153390Z Setting up xfonts-utils (1:7.7+6build3) ...
2026-10-02T22:11:03.0192653Z Setting up libswresample4:amd64 (7:6.1.1-3ubuntu5) ...
2026-10-02T22:11:03.0208340Z Setting up libavcodec60:amd64 (7:6.1.1-3ubuntu5) ...
2026-10-02T22:11:03.0227730Z Setting up xfonts-cyrillic (1:1.0.5+nmu1) ...
2026-10-02T22:11:03.0511031Z Setting up xfonts-scalable (1:1.0.3-1.3) ...
2026-10-02T22:11:03.0774923Z Processing triggers for libc-bin (2.39-0ubuntu8.9) ...
2026-10-02T22:11:03.1108893Z Processing triggers for man-db (2.12.0-4build2) ...
2026-10-02T22:11:03.1128761Z Not building database; man-db/auto-update is not 'true'.
2026-10-02T22:11:03.1139407Z Processing triggers for fontconfig (2.15.0-1.1ubuntu2) ...
2026-10-02T22:11:03.8342911Z 
2026-10-02T22:11:03.8343509Z Running kernel seems to be up-to-date.
2026-10-02T22:11:03.8343909Z 
2026-10-02T22:11:03.8344170Z No services need to be restarted.
2026-10-02T22:11:03.8344458Z 
2026-10-02T22:11:03.8344746Z No containers need to be restarted.
2026-10-02T22:11:03.8345082Z 
2026-10-02T22:11:03.8345380Z No user sessions are running outdated binaries.
2026-10-02T22:11:03.8345787Z 
2026-10-02T22:11:03.8346646Z No VM guests are running outdated hypervisor (qemu) binaries on this host.
2026-10-02T22:11:04.6593418Z Downloading Firefox 155.0 (playwright firefox v1543) from https://cdn.playwright.dev/dbazure/download/playwright/builds/firefox/1543/firefox-ubuntu-24.04.zip
2026-10-02T22:11:05.0099354Z |                                                                                |   0% of 109.5 MiB
2026-10-02T22:11:05.2683913Z |■■■■■■■■                                                                        |  10% of 109.5 MiB
2026-10-02T22:11:05.3467190Z |■■■■■■■■■■■■■■■■                                                                |  20% of 109.5 MiB
2026-10-02T22:11:05.5011623Z |■■■■■■■■■■■■■■■■■■■■■■■■                                                        |  30% of 109.5 MiB
2026-10-02T22:11:05.6285785Z |■■■■■■■■■■■■■■■■■■■■■■■■■■■■■■■■                                                |  40% of 109.5 MiB
2026-10-02T22:11:05.7093716Z |■■■■■■■■■■■■■■■■■■■■■■■■■■■■■■■■■■■■■■■■                                        |  50% of 109.5 MiB
2026-10-02T22:11:05.8442458Z |■■■■■■■■■■■■■■■■■■■■■■■■■■■■■■■■■■■■■■■■■■■■■■■■                                |  60% of 109.5 MiB
2026-10-02T22:11:06.0461034Z |■■■■■■■■■■■■■■■■■■■■■■■■■■■■■■■■■■■■■■■■■■■■■■■■■■■■■■■■                        |  70% of 109.5 MiB
2026-10-02T22:11:06.2462814Z |■■■■■■■■■■■■■■■■■■■■■■■■■■■■■■■■■■■■■■■■■■■■■■■■■■■■■■■■■■■■■■■■                |  80% of 109.5 MiB
2026-10-02T22:11:06.3609225Z |■■■■■■■■■■■■■■■■■■■■■■■■■■■■■■■■■■■■■■■■■■■■■■■■■■■■■■■■■■■■■■■■■■■■■■■■        |  90% of 109.5 MiB
2026-10-02T22:11:06.4436271Z |■■■■■■■■■■■■■■■■■■■■■■■■■■■■■■■■■■■■■■■■■■■■■■■■■■■■■■■■■■■■■■■■■■■■■■■■■■■■■■■■| 100% of 109.5 MiB
2026-10-02T22:11:08.3192056Z Firefox 155.0 (playwright firefox v1543) downloaded to /home/runner/.cache/ms-playwright/firefox-1543
2026-10-02T22:11:08.3195155Z Downloading FFmpeg (playwright ffmpeg v1011) from https://cdn.playwright.dev/dbazure/download/playwright/builds/ffmpeg/1011/ffmpeg-linux.zip
2026-10-02T22:11:08.6663321Z |                                                                                |   0% of 2.3 MiB
2026-10-02T22:11:08.6718556Z |■■■■■■■■                                                                        |  10% of 2.3 MiB
2026-10-02T22:11:08.6743632Z |■■■■■■■■■■■■■■■■                                                                |  20% of 2.3 MiB
2026-10-02T22:11:08.6765793Z |■■■■■■■■■■■■■■■■■■■■■■■■                                                        |  30% of 2.3 MiB
2026-10-02T22:11:08.6782033Z |■■■■■■■■■■■■■■■■■■■■■■■■■■■■■■■■                                                |  40% of 2.3 MiB
2026-10-02T22:11:08.6801951Z |■■■■■■■■■■■■■■■■■■■■■■■■■■■■■■■■■■■■■■■■                                        |  50% of 2.3 MiB
2026-10-02T22:11:08.6813589Z |■■■■■■■■■■■■■■■■■■■■■■■■■■■■■■■■■■■■■■■■■■■■■■■■                                |  60% of 2.3 MiB
2026-10-02T22:11:08.6828186Z |■■■■■■■■■■■■■■■■■■■■■■■■■■■■■■■■■■■■■■■■■■■■■■■■■■■■■■■■                        |  70% of 2.3 MiB
2026-10-02T22:11:08.6842696Z |■■■■■■■■■■■■■■■■■■■■■■■■■■■■■■■■■■■■■■■■■■■■■■■■■■■■■■■■■■■■■■■■                |  80% of 2.3 MiB
2026-10-02T22:11:08.6861170Z |■■■■■■■■■■■■■■■■■■■■■■■■■■■■■■■■■■■■■■■■■■■■■■■■■■■■■■■■■■■■■■■■■■■■■■■■        |  90% of 2.3 MiB
2026-10-02T22:11:08.6876554Z |■■■■■■■■■■■■■■■■■■■■■■■■■■■■■■■■■■■■■■■■■■■■■■■■■■■■■■■■■■■■■■■■■■■■■■■■■■■■■■■■| 100% of 2.3 MiB
2026-10-02T22:11:08.7569773Z FFmpeg (playwright ffmpeg v1011) downloaded to /home/runner/.cache/ms-playwright/ffmpeg-1011
2026-10-02T22:11:08.8815426Z ##[group]Run npx playwright test tests/e2e/audio-settings-audit.spec.ts tests/e2e/settings-control-audit.spec.ts tests/e2e/slicing.spec.ts tests/e2e/keyboard-platform.spec.ts tests/e2e/studio-design-contract.spec.ts tests/e2e/table-control-audit.spec.ts tests/e2e/multisample-table-audit.spec.ts tests/e2e/focus-control-audit.spec.ts tests/e2e/library-control-audit.spec.ts tests/e2e/instrument-utility-audit.spec.ts tests/e2e/shell-utility-audit.spec.ts tests/e2e/library-order-audit.spec.ts tests/e2e/drum-row-actions-audit.spec.ts tests/e2e/focus-entry-audit.spec.ts tests/e2e/envelope-control-audit.spec.ts tests/e2e/marker-actions-audit.spec.ts tests/e2e/guide-control-audit.spec.ts tests/e2e/demo-control-audit.spec.ts tests/e2e/file-entry-audit.spec.ts tests/e2e/modal-cancellation-audit.spec.ts tests/e2e/mobile-row-drop-audit.spec.ts --project="firefox" --reporter=github,list
2026-10-02T22:11:08.8822108Z [36;1mnpx playwright test tests/e2e/audio-settings-audit.spec.ts tests/e2e/settings-control-audit.spec.ts tests/e2e/slicing.spec.ts tests/e2e/keyboard-platform.spec.ts tests/e2e/studio-design-contract.spec.ts tests/e2e/table-control-audit.spec.ts tests/e2e/multisample-table-audit.spec.ts tests/e2e/focus-control-audit.spec.ts tests/e2e/library-control-audit.spec.ts tests/e2e/instrument-utility-audit.spec.ts tests/e2e/shell-utility-audit.spec.ts tests/e2e/library-order-audit.spec.ts tests/e2e/drum-row-actions-audit.spec.ts tests/e2e/focus-entry-audit.spec.ts tests/e2e/envelope-control-audit.spec.ts tests/e2e/marker-actions-audit.spec.ts tests/e2e/guide-control-audit.spec.ts tests/e2e/demo-control-audit.spec.ts tests/e2e/file-entry-audit.spec.ts tests/e2e/modal-cancellation-audit.spec.ts tests/e2e/mobile-row-drop-audit.spec.ts --project="firefox" --reporter=github,list[0m
2026-10-02T22:11:08.8887506Z shell: /usr/bin/bash -e {0}
2026-10-02T22:11:08.8887755Z env:
2026-10-02T22:11:08.8887960Z   PLAYWRIGHT_PRODUCTION: 1
2026-10-02T22:11:08.8888199Z ##[endgroup]
2026-10-02T22:11:10.6780649Z 
2026-10-02T22:11:10.6781473Z Running 80 tests using 1 worker
2026-10-02T22:11:10.6781762Z 
2026-10-02T22:11:15.0500319Z   ✓   1 [firefox] › tests/e2e/audio-settings-audit.spec.ts:3:56 › drum audio output controls and normalization retain Undo behavior (3.5s)
2026-10-02T22:11:18.3020569Z   ✓   2 [firefox] › tests/e2e/audio-settings-audit.spec.ts:3:56 › multisample audio output controls and normalization retain Undo behavior (3.2s)
2026-10-02T22:11:20.3347551Z   ✓   3 [firefox] › tests/e2e/demo-control-audit.spec.ts:4:1 › demo add replace cancel and Undo preserve the existing instrument (2.0s)
2026-10-02T22:11:21.7782297Z   ✓   4 [firefox] › tests/e2e/demo-control-audit.spec.ts:19:1 › first preset guide exports through preflight and remembers dismissal (1.4s)
2026-10-02T22:11:28.5822965Z   ✘   5 [firefox] › tests/e2e/drum-row-actions-audit.spec.ts:3:31 › drum 1440px row Play Record Slice and settings preview retain the instrument (6.5s)
2026-10-02T22:11:38.2928076Z   ✘   6 [firefox] › tests/e2e/drum-row-actions-audit.spec.ts:3:31 › drum 1440px row Play Record Slice and settings preview retain the instrument (retry #1) (7.9s)
2026-10-02T22:11:46.8025465Z 
2026-10-02T22:11:46.8084690Z ##[error]  1) [firefox] › tests/e2e/drum-row-actions-audit.spec.ts:3:31 › drum 1440px row Play Record Slice and settings preview retain the instrument 
    Error: expect(received).toBeGreaterThan(expected)

    Expected: > 0
    Received:   0

    Call Log:
    - Timeout 5000ms exceeded while waiting on the predicate

       9 |  await gotoWorkspace(page,'drum');await page.getByRole('button',{name:'Load demo kit',exact:true}).click();await page.getByRole('button',{name:'Table',exact:true}).click();
      10 |  const plays=()=>page.evaluate(()=>(window as unknown as {__auditPlayback:number}).__auditPlayback);
    > 11 |  const before=await plays();await page.getByTitle('play',{exact:true}).first().click();await expect.poll(plays).toBeGreaterThan(before);
         |                                                                                                                 ^
      12 |  await page.getByTitle('record',{exact:true}).first().click();const recorder=page.getByRole('dialog',{name:'Record takes',exact:true});await expect(recorder).toBeVisible();await recorder.getByRole('button',{name:'Close',exact:true}).click();await expect(recorder).toBeHidden();
      13 |  await page.getByTitle('slice this sample',{exact:true}).first().click();const slice=page.getByRole('dialog',{name:'slice audio',exact:true});await expect(slice).toBeVisible();await expect(slice.locator('canvas').first()).toBeVisible();await slice.getByRole('button',{name:'Cancel',exact:true}).click();await expect(slice).toBeHidden();
      14 |  await page.getByTitle('settings',{exact:true}).first().click();const settings=page.getByRole('dialog',{name:'sample options',exact:true});const beforePreview=await plays();await settings.getByRole('button',{name:/play.*\(p\)/i}).click();await expect.poll(plays).toBeGreaterThan(beforePreview);await settings.getByRole('button',{name:'cancel',exact:true}).click();
        at /home/runner/work/op-patchstudio/op-patchstudio/tests/e2e/drum-row-actions-audit.spec.ts:11:113
2026-10-02T22:11:46.8128970Z ##[error]  1) [firefox] › tests/e2e/drum-row-actions-audit.spec.ts:3:31 › drum 1440px row Play Record Slice and settings preview retain the instrument 

    Retry #1 ───────────────────────────────────────────────────────────────────────────────────────
    Error: expect(received).toBeGreaterThan(expected)

    Expected: > 0
    Received:   0

    Call Log:
    - Timeout 5000ms exceeded while waiting on the predicate

       9 |  await gotoWorkspace(page,'drum');await page.getByRole('button',{name:'Load demo kit',exact:true}).click();await page.getByRole('button',{name:'Table',exact:true}).click();
      10 |  const plays=()=>page.evaluate(()=>(window as unknown as {__auditPlayback:number}).__auditPlayback);
    > 11 |  const before=await plays();await page.getByTitle('play',{exact:true}).first().click();await expect.poll(plays).toBeGreaterThan(before);
         |                                                                                                                 ^
      12 |  await page.getByTitle('record',{exact:true}).first().click();const recorder=page.getByRole('dialog',{name:'Record takes',exact:true});await expect(recorder).toBeVisible();await recorder.getByRole('button',{name:'Close',exact:true}).click();await expect(recorder).toBeHidden();
      13 |  await page.getByTitle('slice this sample',{exact:true}).first().click();const slice=page.getByRole('dialog',{name:'slice audio',exact:true});await expect(slice).toBeVisible();await expect(slice.locator('canvas').first()).toBeVisible();await slice.getByRole('button',{name:'Cancel',exact:true}).click();await expect(slice).toBeHidden();
      14 |  await page.getByTitle('settings',{exact:true}).first().click();const settings=page.getByRole('dialog',{name:'sample options',exact:true});const beforePreview=await plays();await settings.getByRole('button',{name:/play.*\(p\)/i}).click();await expect.poll(plays).toBeGreaterThan(beforePreview);await settings.getByRole('button',{name:'cancel',exact:true}).click();
        at /home/runner/work/op-patchstudio/op-patchstudio/tests/e2e/drum-row-actions-audit.spec.ts:11:113
2026-10-02T22:11:46.8165766Z ##[error]  1) [firefox] › tests/e2e/drum-row-actions-audit.spec.ts:3:31 › drum 1440px row Play Record Slice and settings preview retain the instrument 

    Retry #2 ───────────────────────────────────────────────────────────────────────────────────────
    Error: expect(received).toBeGreaterThan(expected)

    Expected: > 0
    Received:   0

    Call Log:
    - Timeout 5000ms exceeded while waiting on the predicate

       9 |  await gotoWorkspace(page,'drum');await page.getByRole('button',{name:'Load demo kit',exact:true}).click();await page.getByRole('button',{name:'Table',exact:true}).click();
      10 |  const plays=()=>page.evaluate(()=>(window as unknown as {__auditPlayback:number}).__auditPlayback);
    > 11 |  const before=await plays();await page.getByTitle('play',{exact:true}).first().click();await expect.poll(plays).toBeGreaterThan(before);
         |                                                                                                                 ^
      12 |  await page.getByTitle('record',{exact:true}).first().click();const recorder=page.getByRole('dialog',{name:'Record takes',exact:true});await expect(recorder).toBeVisible();await recorder.getByRole('button',{name:'Close',exact:true}).click();await expect(recorder).toBeHidden();
      13 |  await page.getByTitle('slice this sample',{exact:true}).first().click();const slice=page.getByRole('dialog',{name:'slice audio',exact:true});await expect(slice).toBeVisible();await expect(slice.locator('canvas').first()).toBeVisible();await slice.getByRole('button',{name:'Cancel',exact:true}).click();await expect(slice).toBeHidden();
      14 |  await page.getByTitle('settings',{exact:true}).first().click();const settings=page.getByRole('dialog',{name:'sample options',exact:true});const beforePreview=await plays();await settings.getByRole('button',{name:/play.*\(p\)/i}).click();await expect.poll(plays).toBeGreaterThan(beforePreview);await settings.getByRole('button',{name:'cancel',exact:true}).click();
        at /home/runner/work/op-patchstudio/op-patchstudio/tests/e2e/drum-row-actions-audit.spec.ts:11:113
2026-10-02T22:11:46.8179728Z   ✘   7 [firefox] › tests/e2e/drum-row-actions-audit.spec.ts:3:31 › drum 1440px row Play Record Slice and settings preview retain the instrument (retry #2) (7.3s)
2026-10-02T22:11:55.2943529Z   ✘   8 [firefox] › tests/e2e/drum-row-actions-audit.spec.ts:3:31 › drum 390px row Play Record Slice and settings preview retain the instrument (7.3s)
2026-10-02T22:12:04.4628139Z   ✘   9 [firefox] › tests/e2e/drum-row-actions-audit.spec.ts:3:31 › drum 390px row Play Record Slice and settings preview retain the instrument (retry #1) (7.8s)
2026-10-02T22:12:12.9317214Z 
2026-10-02T22:12:12.9347759Z ##[error]  2) [firefox] › tests/e2e/drum-row-actions-audit.spec.ts:3:31 › drum 390px row Play Record Slice and settings preview retain the instrument 
    Error: expect(received).toBeGreaterThan(expected)

    Expected: > 0
    Received:   0

    Call Log:
    - Timeout 5000ms exceeded while waiting on the predicate

       9 |  await gotoWorkspace(page,'drum');await page.getByRole('button',{name:'Load demo kit',exact:true}).click();await page.getByRole('button',{name:'Table',exact:true}).click();
      10 |  const plays=()=>page.evaluate(()=>(window as unknown as {__auditPlayback:number}).__auditPlayback);
    > 11 |  const before=await plays();await page.getByTitle('play',{exact:true}).first().click();await expect.poll(plays).toBeGreaterThan(before);
         |                                                                                                                 ^
      12 |  await page.getByTitle('record',{exact:true}).first().click();const recorder=page.getByRole('dialog',{name:'Record takes',exact:true});await expect(recorder).toBeVisible();await recorder.getByRole('button',{name:'Close',exact:true}).click();await expect(recorder).toBeHidden();
      13 |  await page.getByTitle('slice this sample',{exact:true}).first().click();const slice=page.getByRole('dialog',{name:'slice audio',exact:true});await expect(slice).toBeVisible();await expect(slice.locator('canvas').first()).toBeVisible();await slice.getByRole('button',{name:'Cancel',exact:true}).click();await expect(slice).toBeHidden();
      14 |  await page.getByTitle('settings',{exact:true}).first().click();const settings=page.getByRole('dialog',{name:'sample options',exact:true});const beforePreview=await plays();await settings.getByRole('button',{name:/play.*\(p\)/i}).click();await expect.poll(plays).toBeGreaterThan(beforePreview);await settings.getByRole('button',{name:'cancel',exact:true}).click();
        at /home/runner/work/op-patchstudio/op-patchstudio/tests/e2e/drum-row-actions-audit.spec.ts:11:113
2026-10-02T22:12:12.9385109Z ##[error]  2) [firefox] › tests/e2e/drum-row-actions-audit.spec.ts:3:31 › drum 390px row Play Record Slice and settings preview retain the instrument 

    Retry #1 ───────────────────────────────────────────────────────────────────────────────────────
    Error: expect(received).toBeGreaterThan(expected)

    Expected: > 0
    Received:   0

    Call Log:
    - Timeout 5000ms exceeded while waiting on the predicate

       9 |  await gotoWorkspace(page,'drum');await page.getByRole('button',{name:'Load demo kit',exact:true}).click();await page.getByRole('button',{name:'Table',exact:true}).click();
      10 |  const plays=()=>page.evaluate(()=>(window as unknown as {__auditPlayback:number}).__auditPlayback);
    > 11 |  const before=await plays();await page.getByTitle('play',{exact:true}).first().click();await expect.poll(plays).toBeGreaterThan(before);
         |                                                                                                                 ^
      12 |  await page.getByTitle('record',{exact:true}).first().click();const recorder=page.getByRole('dialog',{name:'Record takes',exact:true});await expect(recorder).toBeVisible();await recorder.getByRole('button',{name:'Close',exact:true}).click();await expect(recorder).toBeHidden();
      13 |  await page.getByTitle('slice this sample',{exact:true}).first().click();const slice=page.getByRole('dialog',{name:'slice audio',exact:true});await expect(slice).toBeVisible();await expect(slice.locator('canvas').first()).toBeVisible();await slice.getByRole('button',{name:'Cancel',exact:true}).click();await expect(slice).toBeHidden();
      14 |  await page.getByTitle('settings',{exact:true}).first().click();const settings=page.getByRole('dialog',{name:'sample options',exact:true});const beforePreview=await plays();await settings.getByRole('button',{name:/play.*\(p\)/i}).click();await expect.poll(plays).toBeGreaterThan(beforePreview);await settings.getByRole('button',{name:'cancel',exact:true}).click();
        at /home/runner/work/op-patchstudio/op-patchstudio/tests/e2e/drum-row-actions-audit.spec.ts:11:113
2026-10-02T22:12:12.9422057Z ##[error]  2) [firefox] › tests/e2e/drum-row-actions-audit.spec.ts:3:31 › drum 390px row Play Record Slice and settings preview retain the instrument 

    Retry #2 ───────────────────────────────────────────────────────────────────────────────────────
    Error: expect(received).toBeGreaterThan(expected)

    Expected: > 0
    Received:   0

    Call Log:
    - Timeout 5000ms exceeded while waiting on the predicate

       9 |  await gotoWorkspace(page,'drum');await page.getByRole('button',{name:'Load demo kit',exact:true}).click();await page.getByRole('button',{name:'Table',exact:true}).click();
      10 |  const plays=()=>page.evaluate(()=>(window as unknown as {__auditPlayback:number}).__auditPlayback);
    > 11 |  const before=await plays();await page.getByTitle('play',{exact:true}).first().click();await expect.poll(plays).toBeGreaterThan(before);
         |                                                                                                                 ^
      12 |  await page.getByTitle('record',{exact:true}).first().click();const recorder=page.getByRole('dialog',{name:'Record takes',exact:true});await expect(recorder).toBeVisible();await recorder.getByRole('button',{name:'Close',exact:true}).click();await expect(recorder).toBeHidden();
      13 |  await page.getByTitle('slice this sample',{exact:true}).first().click();const slice=page.getByRole('dialog',{name:'slice audio',exact:true});await expect(slice).toBeVisible();await expect(slice.locator('canvas').first()).toBeVisible();await slice.getByRole('button',{name:'Cancel',exact:true}).click();await expect(slice).toBeHidden();
      14 |  await page.getByTitle('settings',{exact:true}).first().click();const settings=page.getByRole('dialog',{name:'sample options',exact:true});const beforePreview=await plays();await settings.getByRole('button',{name:/play.*\(p\)/i}).click();await expect.poll(plays).toBeGreaterThan(beforePreview);await settings.getByRole('button',{name:'cancel',exact:true}).click();
        at /home/runner/work/op-patchstudio/op-patchstudio/tests/e2e/drum-row-actions-audit.spec.ts:11:113
2026-10-02T22:12:12.9436169Z   ✘  10 [firefox] › tests/e2e/drum-row-actions-audit.spec.ts:3:31 › drum 390px row Play Record Slice and settings preview retain the instrument (retry #2) (7.3s)
2026-10-02T22:12:16.8982721Z   ✓  11 [firefox] › tests/e2e/envelope-control-audit.spec.ts:3:1 › envelope knobs keyboard edit Undo and preset randomization remain coherent (3.1s)
2026-10-02T22:12:18.7417012Z   ✓  12 [firefox] › tests/e2e/envelope-control-audit.spec.ts:13:1 › multisample disclosures and loop controls support keyboard edits and Undo (1.8s)
2026-10-02T22:12:25.1337302Z   ✘  13 [firefox] › tests/e2e/file-entry-audit.spec.ts:9:56 › drum Browse folder reviews files and Cancel keeps the empty instrument (6.0s)
2026-10-02T22:12:33.7353064Z   ✘  14 [firefox] › tests/e2e/file-entry-audit.spec.ts:9:56 › drum Browse folder reviews files and Cancel keeps the empty instrument (retry #1) (7.2s)
2026-10-02T22:12:41.8132877Z 
2026-10-02T22:12:41.8156315Z ##[error]  3) [firefox] › tests/e2e/file-entry-audit.spec.ts:9:56 › drum Browse folder reviews files and Cancel keeps the empty instrument 
    Error: expect(locator).toBeVisible() failed

    Locator: getByRole('dialog', { name: 'Import audio', exact: true }).getByText('first-C4.wav', { exact: true })
    Expected: visible
    Timeout: 5000ms
    Error: element(s) not found

    Call log:
      - Expect "toBeVisible" getByRole('dialog', { name: 'Import audio', exact: true }).getByText('first-C4.wav', { exact: true }) with timeout 5000ms
      - waiting for getByRole('dialog', { name: 'Import audio', exact: true }).getByText('first-C4.wav', { exact: true })


      11 |   for(const [index,name] of ['first-C4.wav','second-D4.wav'].entries())await writeFile(path.join(folder,name),tone(name,index).buffer);
      12 |   await gotoWorkspace(page,workspace);const choosing=page.waitForEvent('filechooser');await page.getByRole('button',{name:'browse folder',exact:true}).click();await(await choosing).setFiles(folder);
    > 13 |   const review=page.getByRole('dialog',{name:'Import audio',exact:true});for(const name of ['first-C4.wav','second-D4.wav'])await expect(review.getByText(name,{exact:true})).toBeVisible();await review.getByRole('button',{name:'Cancel import',exact:true}).click();await expect(review).toBeHidden();await expect(page.getByRole('region',{name:workspace==='drum'?'Drum pad instrument, 0 of 24 loaded':'Multisample instrument, 0 of 24 loaded',exact:true})).toBeVisible();
         |                                                                                                                                                                               ^
      14 |  }finally{await rm(folder,{recursive:true,force:true});}
      15 | });
      16 | test('multisample patch settings chooser imports atomically and supports Undo',async({page})=>{
        at /home/runner/work/op-patchstudio/op-patchstudio/tests/e2e/file-entry-audit.spec.ts:13:175
2026-10-02T22:12:41.8189276Z ##[error]  3) [firefox] › tests/e2e/file-entry-audit.spec.ts:9:56 › drum Browse folder reviews files and Cancel keeps the empty instrument 

    Retry #1 ───────────────────────────────────────────────────────────────────────────────────────
    Error: expect(locator).toBeVisible() failed

    Locator: getByRole('dialog', { name: 'Import audio', exact: true }).getByText('first-C4.wav', { exact: true })
    Expected: visible
    Timeout: 5000ms
    Error: element(s) not found

    Call log:
      - Expect "toBeVisible" getByRole('dialog', { name: 'Import audio', exact: true }).getByText('first-C4.wav', { exact: true }) with timeout 5000ms
      - waiting for getByRole('dialog', { name: 'Import audio', exact: true }).getByText('first-C4.wav', { exact: true })


      11 |   for(const [index,name] of ['first-C4.wav','second-D4.wav'].entries())await writeFile(path.join(folder,name),tone(name,index).buffer);
      12 |   await gotoWorkspace(page,workspace);const choosing=page.waitForEvent('filechooser');await page.getByRole('button',{name:'browse folder',exact:true}).click();await(await choosing).setFiles(folder);
    > 13 |   const review=page.getByRole('dialog',{name:'Import audio',exact:true});for(const name of ['first-C4.wav','second-D4.wav'])await expect(review.getByText(name,{exact:true})).toBeVisible();await review.getByRole('button',{name:'Cancel import',exact:true}).click();await expect(review).toBeHidden();await expect(page.getByRole('region',{name:workspace==='drum'?'Drum pad instrument, 0 of 24 loaded':'Multisample instrument, 0 of 24 loaded',exact:true})).toBeVisible();
         |                                                                                                                                                                               ^
      14 |  }finally{await rm(folder,{recursive:true,force:true});}
      15 | });
      16 | test('multisample patch settings chooser imports atomically and supports Undo',async({page})=>{
        at /home/runner/work/op-patchstudio/op-patchstudio/tests/e2e/file-entry-audit.spec.ts:13:175
2026-10-02T22:12:41.8224140Z ##[error]  3) [firefox] › tests/e2e/file-entry-audit.spec.ts:9:56 › drum Browse folder reviews files and Cancel keeps the empty instrument 

    Retry #2 ───────────────────────────────────────────────────────────────────────────────────────
    Error: expect(locator).toBeVisible() failed

    Locator: getByRole('dialog', { name: 'Import audio', exact: true }).getByText('first-C4.wav', { exact: true })
    Expected: visible
    Timeout: 5000ms
    Error: element(s) not found

    Call log:
      - Expect "toBeVisible" getByRole('dialog', { name: 'Import audio', exact: true }).getByText('first-C4.wav', { exact: true }) with timeout 5000ms
      - waiting for getByRole('dialog', { name: 'Import audio', exact: true }).getByText('first-C4.wav', { exact: true })


      11 |   for(const [index,name] of ['first-C4.wav','second-D4.wav'].entries())await writeFile(path.join(folder,name),tone(name,index).buffer);
      12 |   await gotoWorkspace(page,workspace);const choosing=page.waitForEvent('filechooser');await page.getByRole('button',{name:'browse folder',exact:true}).click();await(await choosing).setFiles(folder);
    > 13 |   const review=page.getByRole('dialog',{name:'Import audio',exact:true});for(const name of ['first-C4.wav','second-D4.wav'])await expect(review.getByText(name,{exact:true})).toBeVisible();await review.getByRole('button',{name:'Cancel import',exact:true}).click();await expect(review).toBeHidden();await expect(page.getByRole('region',{name:workspace==='drum'?'Drum pad instrument, 0 of 24 loaded':'Multisample instrument, 0 of 24 loaded',exact:true})).toBeVisible();
         |                                                                                                                                                                               ^
      14 |  }finally{await rm(folder,{recursive:true,force:true});}
      15 | });
      16 | test('multisample patch settings chooser imports atomically and supports Undo',async({page})=>{
        at /home/runner/work/op-patchstudio/op-patchstudio/tests/e2e/file-entry-audit.spec.ts:13:175
2026-10-02T22:12:41.8237637Z   ✘  15 [firefox] › tests/e2e/file-entry-audit.spec.ts:9:56 › drum Browse folder reviews files and Cancel keeps the empty instrument (retry #2) (6.9s)
2026-10-02T22:12:50.0365526Z   ✘  16 [firefox] › tests/e2e/file-entry-audit.spec.ts:9:56 › multisample Browse folder reviews files and Cancel keeps the empty instrument (7.0s)
2026-10-02T22:12:58.7357596Z   ✘  17 [firefox] › tests/e2e/file-entry-audit.spec.ts:9:56 › multisample Browse folder reviews files and Cancel keeps the empty instrument (retry #1) (7.3s)
2026-10-02T22:13:06.9468242Z 
2026-10-02T22:13:06.9493382Z ##[error]  4) [firefox] › tests/e2e/file-entry-audit.spec.ts:9:56 › multisample Browse folder reviews files and Cancel keeps the empty instrument 
    Error: expect(locator).toBeVisible() failed

    Locator: getByRole('dialog', { name: 'Import audio', exact: true }).getByText('first-C4.wav', { exact: true })
    Expected: visible
    Timeout: 5000ms
    Error: element(s) not found

    Call log:
      - Expect "toBeVisible" getByRole('dialog', { name: 'Import audio', exact: true }).getByText('first-C4.wav', { exact: true }) with timeout 5000ms
      - waiting for getByRole('dialog', { name: 'Import audio', exact: true }).getByText('first-C4.wav', { exact: true })


      11 |   for(const [index,name] of ['first-C4.wav','second-D4.wav'].entries())await writeFile(path.join(folder,name),tone(name,index).buffer);
      12 |   await gotoWorkspace(page,workspace);const choosing=page.waitForEvent('filechooser');await page.getByRole('button',{name:'browse folder',exact:true}).click();await(await choosing).setFiles(folder);
    > 13 |   const review=page.getByRole('dialog',{name:'Import audio',exact:true});for(const name of ['first-C4.wav','second-D4.wav'])await expect(review.getByText(name,{exact:true})).toBeVisible();await review.getByRole('button',{name:'Cancel import',exact:true}).click();await expect(review).toBeHidden();await expect(page.getByRole('region',{name:workspace==='drum'?'Drum pad instrument, 0 of 24 loaded':'Multisample instrument, 0 of 24 loaded',exact:true})).toBeVisible();
         |                                                                                                                                                                               ^
      14 |  }finally{await rm(folder,{recursive:true,force:true});}
      15 | });
      16 | test('multisample patch settings chooser imports atomically and supports Undo',async({page})=>{
        at /home/runner/work/op-patchstudio/op-patchstudio/tests/e2e/file-entry-audit.spec.ts:13:175
2026-10-02T22:13:06.9521930Z ##[error]  4) [firefox] › tests/e2e/file-entry-audit.spec.ts:9:56 › multisample Browse folder reviews files and Cancel keeps the empty instrument 

    Retry #1 ───────────────────────────────────────────────────────────────────────────────────────
    Error: expect(locator).toBeVisible() failed

    Locator: getByRole('dialog', { name: 'Import audio', exact: true }).getByText('first-C4.wav', { exact: true })
    Expected: visible
    Timeout: 5000ms
    Error: element(s) not found

    Call log:
      - Expect "toBeVisible" getByRole('dialog', { name: 'Import audio', exact: true }).getByText('first-C4.wav', { exact: true }) with timeout 5000ms
      - waiting for getByRole('dialog', { name: 'Import audio', exact: true }).getByText('first-C4.wav', { exact: true })


      11 |   for(const [index,name] of ['first-C4.wav','second-D4.wav'].entries())await writeFile(path.join(folder,name),tone(name,index).buffer);
      12 |   await gotoWorkspace(page,workspace);const choosing=page.waitForEvent('filechooser');await page.getByRole('button',{name:'browse folder',exact:true}).click();await(await choosing).setFiles(folder);
    > 13 |   const review=page.getByRole('dialog',{name:'Import audio',exact:true});for(const name of ['first-C4.wav','second-D4.wav'])await expect(review.getByText(name,{exact:true})).toBeVisible();await review.getByRole('button',{name:'Cancel import',exact:true}).click();await expect(review).toBeHidden();await expect(page.getByRole('region',{name:workspace==='drum'?'Drum pad instrument, 0 of 24 loaded':'Multisample instrument, 0 of 24 loaded',exact:true})).toBeVisible();
         |                                                                                                                                                                               ^
      14 |  }finally{await rm(folder,{recursive:true,force:true});}
      15 | });
      16 | test('multisample patch settings chooser imports atomically and supports Undo',async({page})=>{
        at /home/runner/work/op-patchstudio/op-patchstudio/tests/e2e/file-entry-audit.spec.ts:13:175
2026-10-02T22:13:06.9553489Z ##[error]  4) [firefox] › tests/e2e/file-entry-audit.spec.ts:9:56 › multisample Browse folder reviews files and Cancel keeps the empty instrument 

    Retry #2 ───────────────────────────────────────────────────────────────────────────────────────
    Error: expect(locator).toBeVisible() failed

    Locator: getByRole('dialog', { name: 'Import audio', exact: true }).getByText('first-C4.wav', { exact: true })
    Expected: visible
    Timeout: 5000ms
    Error: element(s) not found

    Call log:
      - Expect "toBeVisible" getByRole('dialog', { name: 'Import audio', exact: true }).getByText('first-C4.wav', { exact: true }) with timeout 5000ms
      - waiting for getByRole('dialog', { name: 'Import audio', exact: true }).getByText('first-C4.wav', { exact: true })


      11 |   for(const [index,name] of ['first-C4.wav','second-D4.wav'].entries())await writeFile(path.join(folder,name),tone(name,index).buffer);
      12 |   await gotoWorkspace(page,workspace);const choosing=page.waitForEvent('filechooser');await page.getByRole('button',{name:'browse folder',exact:true}).click();await(await choosing).setFiles(folder);
    > 13 |   const review=page.getByRole('dialog',{name:'Import audio',exact:true});for(const name of ['first-C4.wav','second-D4.wav'])await expect(review.getByText(name,{exact:true})).toBeVisible();await review.getByRole('button',{name:'Cancel import',exact:true}).click();await expect(review).toBeHidden();await expect(page.getByRole('region',{name:workspace==='drum'?'Drum pad instrument, 0 of 24 loaded':'Multisample instrument, 0 of 24 loaded',exact:true})).toBeVisible();
         |                                                                                                                                                                               ^
      14 |  }finally{await rm(folder,{recursive:true,force:true});}
      15 | });
      16 | test('multisample patch settings chooser imports atomically and supports Undo',async({page})=>{
        at /home/runner/work/op-patchstudio/op-patchstudio/tests/e2e/file-entry-audit.spec.ts:13:175
2026-10-02T22:13:06.9567984Z   ✘  18 [firefox] › tests/e2e/file-entry-audit.spec.ts:9:56 › multisample Browse folder reviews files and Cancel keeps the empty instrument (retry #2) (7.0s)
2026-10-02T22:13:10.3705336Z   ✓  19 [firefox] › tests/e2e/file-entry-audit.spec.ts:16:1 › multisample patch settings chooser imports atomically and supports Undo (2.5s)
2026-10-02T22:13:40.8434629Z   ✘  20 [firefox] › tests/e2e/file-entry-audit.spec.ts:19:1 › drum import rejects malformed OP-1 files, auditions unassigned audio, and opens setup help (30.1s)
2026-10-02T22:14:12.7663829Z   ✘  21 [firefox] › tests/e2e/file-entry-audit.spec.ts:19:1 › drum import rejects malformed OP-1 files, auditions unassigned audio, and opens setup help (retry #1) (30.4s)
2026-10-02T22:14:44.1241789Z 
2026-10-02T22:14:44.1250044Z ##[error]  5) [firefox] › tests/e2e/file-entry-audit.spec.ts:19:1 › drum import rejects malformed OP-1 files, auditions unassigned audio, and opens setup help 
    Test timeout of 30000ms exceeded.
2026-10-02T22:14:44.1285625Z ##[error]  5) [firefox] › tests/e2e/file-entry-audit.spec.ts:19:1 › drum import rejects malformed OP-1 files, auditions unassigned audio, and opens setup help 
    Error: locator.selectOption: Test timeout of 30000ms exceeded.
    Call log:
      - waiting for getByRole('dialog', { name: 'Import audio', exact: true }).getByLabel('Destination for entry.wav', { exact: true })


      20 |  await page.addInitScript(()=>{const start=AudioBufferSourceNode.prototype.start;Object.defineProperty(window,'__fileEntryPlays',{value:0,writable:true});AudioBufferSourceNode.prototype.start=function(...args:Parameters<AudioBufferSourceNode['start']>){Reflect.set(window,'__fileEntryPlays',Reflect.get(window,'__fileEntryPlays')+1);return start.apply(this,args);};});
      21 |  await gotoWorkspace(page,'drum');let choosing=page.waitForEvent('filechooser');await page.getByRole('button',{name:'import OP-1 preset',exact:true}).click();await(await choosing).setFiles({name:'invalid.aiff',mimeType:'audio/aiff',buffer:Buffer.from('invalid')});await expect(page.getByText(/does not appear to be a valid OP-1 drum preset/)).toBeVisible();
    > 22 |  choosing=page.waitForEvent('filechooser');await page.getByRole('button',{name:'Add sounds',exact:true}).click();await(await choosing).setFiles([tone(),tone('spare.wav',1)]);const review=page.getByRole('dialog',{name:'Import audio',exact:true});await review.getByLabel('Destination for entry.wav',{exact:true}).selectOption('unassigned');await applyAudioImport(page);const tray=page.getByRole('region',{name:'Unassigned sounds',exact:true});await expect(tray.getByRole('button',{name:'entry.wav',exact:true})).toBeVisible();await tray.getByRole('button',{name:'Play',exact:true}).first().click();await expect.poll(()=>page.evaluate(()=>Reflect.get(window,'__fileEntryPlays'))).toBeGreaterThan(0);
         |                                                                                                                                                                                                                                                                                                                        ^
      23 |  const guide=page.locator('details[aria-label="Kit setup guide"]');await guide.locator('summary').click();await guide.getByRole('button',{name:'Setup help',exact:true}).click();await expect(page.getByRole('dialog',{name:'Help',exact:true})).toBeVisible();
      24 | });
      25 | test('mobile empty drum table browse loads the chosen pad',async({page})=>{
        at /home/runner/work/op-patchstudio/op-patchstudio/tests/e2e/file-entry-audit.spec.ts:22:312
2026-10-02T22:14:44.1315531Z ##[error]  5) [firefox] › tests/e2e/file-entry-audit.spec.ts:19:1 › drum import rejects malformed OP-1 files, auditions unassigned audio, and opens setup help 

    Retry #1 ───────────────────────────────────────────────────────────────────────────────────────
    Test timeout of 30000ms exceeded.
2026-10-02T22:14:44.1335406Z ##[error]  5) [firefox] › tests/e2e/file-entry-audit.spec.ts:19:1 › drum import rejects malformed OP-1 files, auditions unassigned audio, and opens setup help 

    Retry #1 ───────────────────────────────────────────────────────────────────────────────────────
    Error: locator.selectOption: Test timeout of 30000ms exceeded.
    Call log:
      - waiting for getByRole('dialog', { name: 'Import audio', exact: true }).getByLabel('Destination for entry.wav', { exact: true })


      20 |  await page.addInitScript(()=>{const start=AudioBufferSourceNode.prototype.start;Object.defineProperty(window,'__fileEntryPlays',{value:0,writable:true});AudioBufferSourceNode.prototype.start=function(...args:Parameters<AudioBufferSourceNode['start']>){Reflect.set(window,'__fileEntryPlays',Reflect.get(window,'__fileEntryPlays')+1);return start.apply(this,args);};});
      21 |  await gotoWorkspace(page,'drum');let choosing=page.waitForEvent('filechooser');await page.getByRole('button',{name:'import OP-1 preset',exact:true}).click();await(await choosing).setFiles({name:'invalid.aiff',mimeType:'audio/aiff',buffer:Buffer.from('invalid')});await expect(page.getByText(/does not appear to be a valid OP-1 drum preset/)).toBeVisible();
    > 22 |  choosing=page.waitForEvent('filechooser');await page.getByRole('button',{name:'Add sounds',exact:true}).click();await(await choosing).setFiles([tone(),tone('spare.wav',1)]);const review=page.getByRole('dialog',{name:'Import audio',exact:true});await review.getByLabel('Destination for entry.wav',{exact:true}).selectOption('unassigned');await applyAudioImport(page);const tray=page.getByRole('region',{name:'Unassigned sounds',exact:true});await expect(tray.getByRole('button',{name:'entry.wav',exact:true})).toBeVisible();await tray.getByRole('button',{name:'Play',exact:true}).first().click();await expect.poll(()=>page.evaluate(()=>Reflect.get(window,'__fileEntryPlays'))).toBeGreaterThan(0);
         |                                                                                                                                                                                                                                                                                                                        ^
      23 |  const guide=page.locator('details[aria-label="Kit setup guide"]');await guide.locator('summary').click();await guide.getByRole('button',{name:'Setup help',exact:true}).click();await expect(page.getByRole('dialog',{name:'Help',exact:true})).toBeVisible();
      24 | });
      25 | test('mobile empty drum table browse loads the chosen pad',async({page})=>{
        at /home/runner/work/op-patchstudio/op-patchstudio/tests/e2e/file-entry-audit.spec.ts:22:312
2026-10-02T22:14:44.1346930Z ##[error]  5) [firefox] › tests/e2e/file-entry-audit.spec.ts:19:1 › drum import rejects malformed OP-1 files, auditions unassigned audio, and opens setup help 

    Retry #2 ───────────────────────────────────────────────────────────────────────────────────────
    Test timeout of 30000ms exceeded.
2026-10-02T22:14:44.1365819Z ##[error]  5) [firefox] › tests/e2e/file-entry-audit.spec.ts:19:1 › drum import rejects malformed OP-1 files, auditions unassigned audio, and opens setup help 

    Retry #2 ───────────────────────────────────────────────────────────────────────────────────────
    Error: locator.selectOption: Test timeout of 30000ms exceeded.
    Call log:
      - waiting for getByRole('dialog', { name: 'Import audio', exact: true }).getByLabel('Destination for entry.wav', { exact: true })


      20 |  await page.addInitScript(()=>{const start=AudioBufferSourceNode.prototype.start;Object.defineProperty(window,'__fileEntryPlays',{value:0,writable:true});AudioBufferSourceNode.prototype.start=function(...args:Parameters<AudioBufferSourceNode['start']>){Reflect.set(window,'__fileEntryPlays',Reflect.get(window,'__fileEntryPlays')+1);return start.apply(this,args);};});
      21 |  await gotoWorkspace(page,'drum');let choosing=page.waitForEvent('filechooser');await page.getByRole('button',{name:'import OP-1 preset',exact:true}).click();await(await choosing).setFiles({name:'invalid.aiff',mimeType:'audio/aiff',buffer:Buffer.from('invalid')});await expect(page.getByText(/does not appear to be a valid OP-1 drum preset/)).toBeVisible();
    > 22 |  choosing=page.waitForEvent('filechooser');await page.getByRole('button',{name:'Add sounds',exact:true}).click();await(await choosing).setFiles([tone(),tone('spare.wav',1)]);const review=page.getByRole('dialog',{name:'Import audio',exact:true});await review.getByLabel('Destination for entry.wav',{exact:true}).selectOption('unassigned');await applyAudioImport(page);const tray=page.getByRole('region',{name:'Unassigned sounds',exact:true});await expect(tray.getByRole('button',{name:'entry.wav',exact:true})).toBeVisible();await tray.getByRole('button',{name:'Play',exact:true}).first().click();await expect.poll(()=>page.evaluate(()=>Reflect.get(window,'__fileEntryPlays'))).toBeGreaterThan(0);
         |                                                                                                                                                                                                                                                                                                                        ^
      23 |  const guide=page.locator('details[aria-label="Kit setup guide"]');await guide.locator('summary').click();await guide.getByRole('button',{name:'Setup help',exact:true}).click();await expect(page.getByRole('dialog',{name:'Help',exact:true})).toBeVisible();
      24 | });
      25 | test('mobile empty drum table browse loads the chosen pad',async({page})=>{
        at /home/runner/work/op-patchstudio/op-patchstudio/tests/e2e/file-entry-audit.spec.ts:22:312
2026-10-02T22:14:44.1376141Z   ✘  22 [firefox] › tests/e2e/file-entry-audit.spec.ts:19:1 › drum import rejects malformed OP-1 files, auditions unassigned audio, and opens setup help (retry #2) (30.2s)
2026-10-02T22:14:52.3607473Z   ✘  23 [firefox] › tests/e2e/file-entry-audit.spec.ts:25:1 › mobile empty drum table browse loads the chosen pad (7.0s)
2026-10-02T22:15:01.0309488Z   ✘  24 [firefox] › tests/e2e/file-entry-audit.spec.ts:25:1 › mobile empty drum table browse loads the chosen pad (retry #1) (7.3s)
2026-10-02T22:15:09.2132764Z 
2026-10-02T22:15:09.2155695Z ##[error]  6) [firefox] › tests/e2e/file-entry-audit.spec.ts:25:1 › mobile empty drum table browse loads the chosen pad 
    Error: expect(locator).toBeVisible() failed

    Locator: getByRole('region', { name: 'Drum pad instrument, 1 of 24 loaded', exact: true })
    Expected: visible
    Timeout: 5000ms
    Error: element(s) not found

    Call log:
      - Expect "toBeVisible" getByRole('region', { name: 'Drum pad instrument, 1 of 24 loaded', exact: true }) with timeout 5000ms
      - waiting for getByRole('region', { name: 'Drum pad instrument, 1 of 24 loaded', exact: true })


      24 | });
      25 | test('mobile empty drum table browse loads the chosen pad',async({page})=>{
    > 26 |  await page.setViewportSize({width:390,height:1000});await gotoWorkspace(page,'drum');await page.getByRole('button',{name:'Table',exact:true}).click();const choosing=page.waitForEvent('filechooser');await page.getByRole('button',{name:'tap to browse for audio file',exact:true}).first().click();await(await choosing).setFiles(tone());await expect(page.getByRole('region',{name:'Drum pad instrument, 1 of 24 loaded',exact:true})).toBeVisible();await expect(page.getByText('entry.wav',{exact:true}).first()).toBeVisible();
         |                                                                                                                                                                                                                                                                                                                                                                                                                                              ^
      27 | });
      28 |
      29 | test('multisample import inclusion and root edits commit together and Undo',async({page})=>{
        at /home/runner/work/op-patchstudio/op-patchstudio/tests/e2e/file-entry-audit.spec.ts:26:430
2026-10-02T22:15:09.2184845Z ##[error]  6) [firefox] › tests/e2e/file-entry-audit.spec.ts:25:1 › mobile empty drum table browse loads the chosen pad 

    Retry #1 ───────────────────────────────────────────────────────────────────────────────────────
    Error: expect(locator).toBeVisible() failed

    Locator: getByRole('region', { name: 'Drum pad instrument, 1 of 24 loaded', exact: true })
    Expected: visible
    Timeout: 5000ms
    Error: element(s) not found

    Call log:
      - Expect "toBeVisible" getByRole('region', { name: 'Drum pad instrument, 1 of 24 loaded', exact: true }) with timeout 5000ms
      - waiting for getByRole('region', { name: 'Drum pad instrument, 1 of 24 loaded', exact: true })


      24 | });
      25 | test('mobile empty drum table browse loads the chosen pad',async({page})=>{
    > 26 |  await page.setViewportSize({width:390,height:1000});await gotoWorkspace(page,'drum');await page.getByRole('button',{name:'Table',exact:true}).click();const choosing=page.waitForEvent('filechooser');await page.getByRole('button',{name:'tap to browse for audio file',exact:true}).first().click();await(await choosing).setFiles(tone());await expect(page.getByRole('region',{name:'Drum pad instrument, 1 of 24 loaded',exact:true})).toBeVisible();await expect(page.getByText('entry.wav',{exact:true}).first()).toBeVisible();
         |                                                                                                                                                                                                                                                                                                                                                                                                                                              ^
      27 | });
      28 |
      29 | test('multisample import inclusion and root edits commit together and Undo',async({page})=>{
        at /home/runner/work/op-patchstudio/op-patchstudio/tests/e2e/file-entry-audit.spec.ts:26:430
2026-10-02T22:15:09.2205602Z ##[error]  6) [firefox] › tests/e2e/file-entry-audit.spec.ts:25:1 › mobile empty drum table browse loads the chosen pad 

    Retry #2 ───────────────────────────────────────────────────────────────────────────────────────
    Error: expect(locator).toBeVisible() failed

    Locator: getByRole('region', { name: 'Drum pad instrument, 1 of 24 loaded', exact: true })
    Expected: visible
    Timeout: 5000ms
    Error: element(s) not found

    Call log:
      - Expect "toBeVisible" getByRole('region', { name: 'Drum pad instrument, 1 of 24 loaded', exact: true }) with timeout 5000ms
      - waiting for getByRole('region', { name: 'Drum pad instrument, 1 of 24 loaded', exact: true })


      24 | });
      25 | test('mobile empty drum table browse loads the chosen pad',async({page})=>{
    > 26 |  await page.setViewportSize({width:390,height:1000});await gotoWorkspace(page,'drum');await page.getByRole('button',{name:'Table',exact:true}).click();const choosing=page.waitForEvent('filechooser');await page.getByRole('button',{name:'tap to browse for audio file',exact:true}).first().click();await(await choosing).setFiles(tone());await expect(page.getByRole('region',{name:'Drum pad instrument, 1 of 24 loaded',exact:true})).toBeVisible();await expect(page.getByText('entry.wav',{exact:true}).first()).toBeVisible();
         |                                                                                                                                                                                                                                                                                                                                                                                                                                              ^
      27 | });
      28 |
      29 | test('multisample import inclusion and root edits commit together and Undo',async({page})=>{
        at /home/runner/work/op-patchstudio/op-patchstudio/tests/e2e/file-entry-audit.spec.ts:26:430
2026-10-02T22:15:09.2213211Z   ✘  25 [firefox] › tests/e2e/file-entry-audit.spec.ts:25:1 › mobile empty drum table browse loads the chosen pad (retry #2) (7.0s)
2026-10-02T22:15:40.5870597Z   ✘  26 [firefox] › tests/e2e/file-entry-audit.spec.ts:29:1 › multisample import inclusion and root edits commit together and Undo (30.2s)
2026-10-02T22:16:12.4609953Z   ✘  27 [firefox] › tests/e2e/file-entry-audit.spec.ts:29:1 › multisample import inclusion and root edits commit together and Undo (retry #1) (30.4s)
2026-10-02T22:16:43.8729139Z 
2026-10-02T22:16:43.8733776Z ##[error]  7) [firefox] › tests/e2e/file-entry-audit.spec.ts:29:1 › multisample import inclusion and root edits commit together and Undo 
    Test timeout of 30000ms exceeded.
2026-10-02T22:16:43.8752816Z ##[error]  7) [firefox] › tests/e2e/file-entry-audit.spec.ts:29:1 › multisample import inclusion and root edits commit together and Undo 
    Error: locator.fill: Test timeout of 30000ms exceeded.
    Call log:
      - waiting for getByRole('dialog', { name: 'Import audio', exact: true }).getByLabel('Root note for chosen.wav', { exact: true })


      29 | test('multisample import inclusion and root edits commit together and Undo',async({page})=>{
      30 |  await gotoWorkspace(page,'multisample');const choosing=page.waitForEvent('filechooser');await page.getByRole('button',{name:'Add samples',exact:true}).click();await(await choosing).setFiles([tone('chosen.wav'),tone('excluded.wav',2)]);
    > 31 |  const review=page.getByRole('dialog',{name:'Import audio',exact:true});await review.getByLabel('Root note for chosen.wav',{exact:true}).fill('65');await review.getByLabel('Include chosen.wav',{exact:true}).check();await review.getByLabel('Include excluded.wav',{exact:true}).uncheck();await review.getByRole('button',{name:'Apply import',exact:true}).click();await expect(review.getByLabel('Include chosen.wav',{exact:true})).toHaveCount(0);await expect(review.getByLabel('Include excluded.wav',{exact:true})).toBeVisible();await review.getByRole('button',{name:'Cancel import',exact:true}).click();
         |                                                                                                                                          ^
      32 |  await expect(page.getByRole('region',{name:'Multisample instrument, 1 of 24 loaded',exact:true})).toBeVisible();await page.getByRole('button',{name:'Table',exact:true}).click();await expect(page.getByPlaceholder('C4 or 60').first()).toHaveValue('F3');await page.getByRole('button',{name:'Undo',exact:true}).click();await expect(page.getByRole('region',{name:'Multisample instrument, 0 of 24 loaded',exact:true})).toBeVisible();
      33 | });
      34 |
        at /home/runner/work/op-patchstudio/op-patchstudio/tests/e2e/file-entry-audit.spec.ts:31:138
2026-10-02T22:16:43.8765561Z ##[error]  7) [firefox] › tests/e2e/file-entry-audit.spec.ts:29:1 › multisample import inclusion and root edits commit together and Undo 

    Retry #1 ───────────────────────────────────────────────────────────────────────────────────────
    Test timeout of 30000ms exceeded.
2026-10-02T22:16:43.8789070Z ##[error]  7) [firefox] › tests/e2e/file-entry-audit.spec.ts:29:1 › multisample import inclusion and root edits commit together and Undo 

    Retry #1 ───────────────────────────────────────────────────────────────────────────────────────
    Error: locator.fill: Test timeout of 30000ms exceeded.
    Call log:
      - waiting for getByRole('dialog', { name: 'Import audio', exact: true }).getByLabel('Root note for chosen.wav', { exact: true })


      29 | test('multisample import inclusion and root edits commit together and Undo',async({page})=>{
      30 |  await gotoWorkspace(page,'multisample');const choosing=page.waitForEvent('filechooser');await page.getByRole('button',{name:'Add samples',exact:true}).click();await(await choosing).setFiles([tone('chosen.wav'),tone('excluded.wav',2)]);
    > 31 |  const review=page.getByRole('dialog',{name:'Import audio',exact:true});await review.getByLabel('Root note for chosen.wav',{exact:true}).fill('65');await review.getByLabel('Include chosen.wav',{exact:true}).check();await review.getByLabel('Include excluded.wav',{exact:true}).uncheck();await review.getByRole('button',{name:'Apply import',exact:true}).click();await expect(review.getByLabel('Include chosen.wav',{exact:true})).toHaveCount(0);await expect(review.getByLabel('Include excluded.wav',{exact:true})).toBeVisible();await review.getByRole('button',{name:'Cancel import',exact:true}).click();
         |                                                                                                                                          ^
      32 |  await expect(page.getByRole('region',{name:'Multisample instrument, 1 of 24 loaded',exact:true})).toBeVisible();await page.getByRole('button',{name:'Table',exact:true}).click();await expect(page.getByPlaceholder('C4 or 60').first()).toHaveValue('F3');await page.getByRole('button',{name:'Undo',exact:true}).click();await expect(page.getByRole('region',{name:'Multisample instrument, 0 of 24 loaded',exact:true})).toBeVisible();
      33 | });
      34 |
        at /home/runner/work/op-patchstudio/op-patchstudio/tests/e2e/file-entry-audit.spec.ts:31:138
2026-10-02T22:16:43.8799805Z ##[error]  7) [firefox] › tests/e2e/file-entry-audit.spec.ts:29:1 › multisample import inclusion and root edits commit together and Undo 

    Retry #2 ───────────────────────────────────────────────────────────────────────────────────────
    Test timeout of 30000ms exceeded.
2026-10-02T22:16:43.8820091Z ##[error]  7) [firefox] › tests/e2e/file-entry-audit.spec.ts:29:1 › multisample import inclusion and root edits commit together and Undo 

    Retry #2 ───────────────────────────────────────────────────────────────────────────────────────
    Error: locator.fill: Test timeout of 30000ms exceeded.
    Call log:
      - waiting for getByRole('dialog', { name: 'Import audio', exact: true }).getByLabel('Root note for chosen.wav', { exact: true })


      29 | test('multisample import inclusion and root edits commit together and Undo',async({page})=>{
      30 |  await gotoWorkspace(page,'multisample');const choosing=page.waitForEvent('filechooser');await page.getByRole('button',{name:'Add samples',exact:true}).click();await(await choosing).setFiles([tone('chosen.wav'),tone('excluded.wav',2)]);
    > 31 |  const review=page.getByRole('dialog',{name:'Import audio',exact:true});await review.getByLabel('Root note for chosen.wav',{exact:true}).fill('65');await review.getByLabel('Include chosen.wav',{exact:true}).check();await review.getByLabel('Include excluded.wav',{exact:true}).uncheck();await review.getByRole('button',{name:'Apply import',exact:true}).click();await expect(review.getByLabel('Include chosen.wav',{exact:true})).toHaveCount(0);await expect(review.getByLabel('Include excluded.wav',{exact:true})).toBeVisible();await review.getByRole('button',{name:'Cancel import',exact:true}).click();
         |                                                                                                                                          ^
      32 |  await expect(page.getByRole('region',{name:'Multisample instrument, 1 of 24 loaded',exact:true})).toBeVisible();await page.getByRole('button',{name:'Table',exact:true}).click();await expect(page.getByPlaceholder('C4 or 60').first()).toHaveValue('F3');await page.getByRole('button',{name:'Undo',exact:true}).click();await expect(page.getByRole('region',{name:'Multisample instrument, 0 of 24 loaded',exact:true})).toBeVisible();
      33 | });
      34 |
        at /home/runner/work/op-patchstudio/op-patchstudio/tests/e2e/file-entry-audit.spec.ts:31:138
2026-10-02T22:16:43.8828231Z   ✘  28 [firefox] › tests/e2e/file-entry-audit.spec.ts:29:1 › multisample import inclusion and root edits commit together and Undo (retry #2) (30.2s)
2026-10-02T22:17:15.2721915Z   ✘  29 [firefox] › tests/e2e/file-entry-audit.spec.ts:35:1 › export preflight edits name and includes unassigned sound only when requested (30.1s)
2026-10-02T22:17:47.1605192Z   ✘  30 [firefox] › tests/e2e/file-entry-audit.spec.ts:35:1 › export preflight edits name and includes unassigned sound only when requested (retry #1) (30.4s)
2026-10-02T22:18:18.5538973Z 
2026-10-02T22:18:18.5546777Z ##[error]  8) [firefox] › tests/e2e/file-entry-audit.spec.ts:35:1 › export preflight edits name and includes unassigned sound only when requested 
    Test timeout of 30000ms exceeded.
2026-10-02T22:18:18.5570440Z ##[error]  8) [firefox] › tests/e2e/file-entry-audit.spec.ts:35:1 › export preflight edits name and includes unassigned sound only when requested 
    Error: locator.selectOption: Test timeout of 30000ms exceeded.
    Call log:
      - waiting for getByRole('dialog', { name: 'Import audio', exact: true }).getByLabel('Destination for kick.wav', { exact: true })


      36 |  await context.route(/^https:\/\//,route=>route.fulfill({status:200,contentType:'text/html',body:'Isolated guide'}));
      37 |  await gotoWorkspace(page,'drum');const choosing=page.waitForEvent('filechooser');await page.getByRole('button',{name:'Add sounds',exact:true}).click();await(await choosing).setFiles([tone('kick.wav'),tone('spare.wav',2)]);
    > 38 |  const review=page.getByRole('dialog',{name:'Import audio',exact:true});await review.getByLabel('Destination for kick.wav',{exact:true}).selectOption('pad:0');await review.getByLabel('Destination for spare.wav',{exact:true}).selectOption('unassigned');await applyAudioImport(page);
         |                                                                                                                                          ^
      39 |  await page.getByRole('button',{name:'Export OP-XY',exact:true}).click();const dialog=page.getByRole('dialog',{name:'Export OP-XY preset',exact:true});await dialog.getByLabel('Instrument name',{exact:true}).fill('Audited export');await dialog.getByText('File naming and format',{exact:true}).click();await expect(dialog.getByRole('combobox',{name:'Audio format',exact:true})).toBeVisible();
      40 |  const option=dialog.getByRole('checkbox',{name:/Include 1 unassigned sample/});await expect(option).not.toBeChecked();
      41 |  for(const include of [false,true]){
        at /home/runner/work/op-patchstudio/op-patchstudio/tests/e2e/file-entry-audit.spec.ts:38:138
2026-10-02T22:18:18.5579495Z ##[error]  8) [firefox] › tests/e2e/file-entry-audit.spec.ts:35:1 › export preflight edits name and includes unassigned sound only when requested 

    Retry #1 ───────────────────────────────────────────────────────────────────────────────────────
    Test timeout of 30000ms exceeded.
2026-10-02T22:18:18.5602941Z ##[error]  8) [firefox] › tests/e2e/file-entry-audit.spec.ts:35:1 › export preflight edits name and includes unassigned sound only when requested 

    Retry #1 ───────────────────────────────────────────────────────────────────────────────────────
    Error: locator.selectOption: Test timeout of 30000ms exceeded.
    Call log:
      - waiting for getByRole('dialog', { name: 'Import audio', exact: true }).getByLabel('Destination for kick.wav', { exact: true })


      36 |  await context.route(/^https:\/\//,route=>route.fulfill({status:200,contentType:'text/html',body:'Isolated guide'}));
      37 |  await gotoWorkspace(page,'drum');const choosing=page.waitForEvent('filechooser');await page.getByRole('button',{name:'Add sounds',exact:true}).click();await(await choosing).setFiles([tone('kick.wav'),tone('spare.wav',2)]);
    > 38 |  const review=page.getByRole('dialog',{name:'Import audio',exact:true});await review.getByLabel('Destination for kick.wav',{exact:true}).selectOption('pad:0');await review.getByLabel('Destination for spare.wav',{exact:true}).selectOption('unassigned');await applyAudioImport(page);
         |                                                                                                                                          ^
      39 |  await page.getByRole('button',{name:'Export OP-XY',exact:true}).click();const dialog=page.getByRole('dialog',{name:'Export OP-XY preset',exact:true});await dialog.getByLabel('Instrument name',{exact:true}).fill('Audited export');await dialog.getByText('File naming and format',{exact:true}).click();await expect(dialog.getByRole('combobox',{name:'Audio format',exact:true})).toBeVisible();
      40 |  const option=dialog.getByRole('checkbox',{name:/Include 1 unassigned sample/});await expect(option).not.toBeChecked();
      41 |  for(const include of [false,true]){
        at /home/runner/work/op-patchstudio/op-patchstudio/tests/e2e/file-entry-audit.spec.ts:38:138
2026-10-02T22:18:18.5617662Z ##[error]  8) [firefox] › tests/e2e/file-entry-audit.spec.ts:35:1 › export preflight edits name and includes unassigned sound only when requested 

    Retry #2 ───────────────────────────────────────────────────────────────────────────────────────
    Test timeout of 30000ms exceeded.
2026-10-02T22:18:18.5641811Z ##[error]  8) [firefox] › tests/e2e/file-entry-audit.spec.ts:35:1 › export preflight edits name and includes unassigned sound only when requested 

    Retry #2 ───────────────────────────────────────────────────────────────────────────────────────
    Error: locator.selectOption: Test timeout of 30000ms exceeded.
    Call log:
      - waiting for getByRole('dialog', { name: 'Import audio', exact: true }).getByLabel('Destination for kick.wav', { exact: true })


      36 |  await context.route(/^https:\/\//,route=>route.fulfill({status:200,contentType:'text/html',body:'Isolated guide'}));
      37 |  await gotoWorkspace(page,'drum');const choosing=page.waitForEvent('filechooser');await page.getByRole('button',{name:'Add sounds',exact:true}).click();await(await choosing).setFiles([tone('kick.wav'),tone('spare.wav',2)]);
    > 38 |  const review=page.getByRole('dialog',{name:'Import audio',exact:true});await review.getByLabel('Destination for kick.wav',{exact:true}).selectOption('pad:0');await review.getByLabel('Destination for spare.wav',{exact:true}).selectOption('unassigned');await applyAudioImport(page);
         |                                                                                                                                          ^
      39 |  await page.getByRole('button',{name:'Export OP-XY',exact:true}).click();const dialog=page.getByRole('dialog',{name:'Export OP-XY preset',exact:true});await dialog.getByLabel('Instrument name',{exact:true}).fill('Audited export');await dialog.getByText('File naming and format',{exact:true}).click();await expect(dialog.getByRole('combobox',{name:'Audio format',exact:true})).toBeVisible();
      40 |  const option=dialog.getByRole('checkbox',{name:/Include 1 unassigned sample/});await expect(option).not.toBeChecked();
      41 |  for(const include of [false,true]){
        at /home/runner/work/op-patchstudio/op-patchstudio/tests/e2e/file-entry-audit.spec.ts:38:138
2026-10-02T22:18:18.5654029Z   ✘  31 [firefox] › tests/e2e/file-entry-audit.spec.ts:35:1 › export preflight edits name and includes unassigned sound only when requested (retry #2) (30.2s)
2026-10-02T22:18:26.7979079Z   ✘  32 [firefox] › tests/e2e/file-entry-audit.spec.ts:47:1 › multisample zone selection and note naming do not change roots (7.0s)
2026-10-02T22:18:35.4743322Z   ✘  33 [firefox] › tests/e2e/file-entry-audit.spec.ts:47:1 › multisample zone selection and note naming do not change roots (retry #1) (7.3s)
2026-10-02T22:18:43.6521391Z 
2026-10-02T22:18:43.6537831Z ##[error]  9) [firefox] › tests/e2e/file-entry-audit.spec.ts:47:1 › multisample zone selection and note naming do not change roots 
    Error: expect(locator).toBeEnabled() failed

    Locator: getByRole('dialog', { name: 'Import audio' }).getByRole('button', { name: 'Apply import' })
    Expected: enabled
    Timeout: 5000ms
    Error: element(s) not found

    Call log:
      - Expect "toBeEnabled" getByRole('dialog', { name: 'Import audio' }).getByRole('button', { name: 'Apply import' }) with timeout 5000ms
      - waiting for getByRole('dialog', { name: 'Import audio' }).getByRole('button', { name: 'Apply import' })


       at import-helpers.ts:7

       5 |   const dialog=page.getByRole('dialog',{name:'Import audio'});
       6 |   await expect(dialog).toBeVisible();
    >  7 |   await expect(dialog.getByRole('button',{name:'Apply import'})).toBeEnabled();
         |                                                                  ^
       8 |   await dialog.getByRole('button',{name:'Apply import'}).click();
       9 |   await expect(dialog).not.toBeVisible();
      10 | }
        at applyAudioImport (/home/runner/work/op-patchstudio/op-patchstudio/tests/e2e/import-helpers.ts:7:66)
        at /home/runner/work/op-patchstudio/op-patchstudio/tests/e2e/file-entry-audit.spec.ts:48:240
2026-10-02T22:18:43.6563179Z ##[error]  9) [firefox] › tests/e2e/file-entry-audit.spec.ts:47:1 › multisample zone selection and note naming do not change roots 

    Retry #1 ───────────────────────────────────────────────────────────────────────────────────────
    Error: expect(locator).toBeEnabled() failed

    Locator: getByRole('dialog', { name: 'Import audio' }).getByRole('button', { name: 'Apply import' })
    Expected: enabled
    Timeout: 5000ms
    Error: element(s) not found

    Call log:
      - Expect "toBeEnabled" getByRole('dialog', { name: 'Import audio' }).getByRole('button', { name: 'Apply import' }) with timeout 5000ms
      - waiting for getByRole('dialog', { name: 'Import audio' }).getByRole('button', { name: 'Apply import' })


       at import-helpers.ts:7

       5 |   const dialog=page.getByRole('dialog',{name:'Import audio'});
       6 |   await expect(dialog).toBeVisible();
    >  7 |   await expect(dialog.getByRole('button',{name:'Apply import'})).toBeEnabled();
         |                                                                  ^
       8 |   await dialog.getByRole('button',{name:'Apply import'}).click();
       9 |   await expect(dialog).not.toBeVisible();
      10 | }
        at applyAudioImport (/home/runner/work/op-patchstudio/op-patchstudio/tests/e2e/import-helpers.ts:7:66)
        at /home/runner/work/op-patchstudio/op-patchstudio/tests/e2e/file-entry-audit.spec.ts:48:240
2026-10-02T22:18:43.6587030Z ##[error]  9) [firefox] › tests/e2e/file-entry-audit.spec.ts:47:1 › multisample zone selection and note naming do not change roots 

    Retry #2 ───────────────────────────────────────────────────────────────────────────────────────
    Error: expect(locator).toBeEnabled() failed

    Locator: getByRole('dialog', { name: 'Import audio' }).getByRole('button', { name: 'Apply import' })
    Expected: enabled
    Timeout: 5000ms
    Error: element(s) not found

    Call log:
      - Expect "toBeEnabled" getByRole('dialog', { name: 'Import audio' }).getByRole('button', { name: 'Apply import' }) with timeout 5000ms
      - waiting for getByRole('dialog', { name: 'Import audio' }).getByRole('button', { name: 'Apply import' })


       at import-helpers.ts:7

       5 |   const dialog=page.getByRole('dialog',{name:'Import audio'});
       6 |   await expect(dialog).toBeVisible();
    >  7 |   await expect(dialog.getByRole('button',{name:'Apply import'})).toBeEnabled();
         |                                                                  ^
       8 |   await dialog.getByRole('button',{name:'Apply import'}).click();
       9 |   await expect(dialog).not.toBeVisible();
      10 | }
        at applyAudioImport (/home/runner/work/op-patchstudio/op-patchstudio/tests/e2e/import-helpers.ts:7:66)
        at /home/runner/work/op-patchstudio/op-patchstudio/tests/e2e/file-entry-audit.spec.ts:48:240
2026-10-02T22:18:43.6598148Z   ✘  34 [firefox] › tests/e2e/file-entry-audit.spec.ts:47:1 › multisample zone selection and note naming do not change roots (retry #2) (7.0s)
2026-10-02T22:18:51.9260055Z   ✘  35 [firefox] › tests/e2e/file-entry-audit.spec.ts:52:31 › multisample empty table 1440px browse and waveform draft cancellation (7.0s)
2026-10-02T22:19:00.7929562Z   ✘  36 [firefox] › tests/e2e/file-entry-audit.spec.ts:52:31 › multisample empty table 1440px browse and waveform draft cancellation (retry #1) (7.5s)
2026-10-02T22:19:09.0761089Z 
2026-10-02T22:19:09.0774160Z ##[error]  10) [firefox] › tests/e2e/file-entry-audit.spec.ts:52:31 › multisample empty table 1440px browse and waveform draft cancellation 
    Error: expect(locator).toBeEnabled() failed

    Locator: getByRole('dialog', { name: 'Import audio' }).getByRole('button', { name: 'Apply import' })
    Expected: enabled
    Timeout: 5000ms
    Error: element(s) not found

    Call log:
      - Expect "toBeEnabled" getByRole('dialog', { name: 'Import audio' }).getByRole('button', { name: 'Apply import' }) with timeout 5000ms
      - waiting for getByRole('dialog', { name: 'Import audio' }).getByRole('button', { name: 'Apply import' })


       at import-helpers.ts:7

       5 |   const dialog=page.getByRole('dialog',{name:'Import audio'});
       6 |   await expect(dialog).toBeVisible();
    >  7 |   await expect(dialog.getByRole('button',{name:'Apply import'})).toBeEnabled();
         |                                                                  ^
       8 |   await dialog.getByRole('button',{name:'Apply import'}).click();
       9 |   await expect(dialog).not.toBeVisible();
      10 | }
        at applyAudioImport (/home/runner/work/op-patchstudio/op-patchstudio/tests/e2e/import-helpers.ts:7:66)
        at /home/runner/work/op-patchstudio/op-patchstudio/tests/e2e/file-entry-audit.spec.ts:53:319
2026-10-02T22:19:09.0790557Z ##[error]  10) [firefox] › tests/e2e/file-entry-audit.spec.ts:52:31 › multisample empty table 1440px browse and waveform draft cancellation 

    Retry #1 ───────────────────────────────────────────────────────────────────────────────────────
    Error: expect(locator).toBeEnabled() failed

    Locator: getByRole('dialog', { name: 'Import audio' }).getByRole('button', { name: 'Apply import' })
    Expected: enabled
    Timeout: 5000ms
    Error: element(s) not found

    Call log:
      - Expect "toBeEnabled" getByRole('dialog', { name: 'Import audio' }).getByRole('button', { name: 'Apply import' }) with timeout 5000ms
      - waiting for getByRole('dialog', { name: 'Import audio' }).getByRole('button', { name: 'Apply import' })


       at import-helpers.ts:7

       5 |   const dialog=page.getByRole('dialog',{name:'Import audio'});
       6 |   await expect(dialog).toBeVisible();
    >  7 |   await expect(dialog.getByRole('button',{name:'Apply import'})).toBeEnabled();
         |                                                                  ^
       8 |   await dialog.getByRole('button',{name:'Apply import'}).click();
       9 |   await expect(dialog).not.toBeVisible();
      10 | }
        at applyAudioImport (/home/runner/work/op-patchstudio/op-patchstudio/tests/e2e/import-helpers.ts:7:66)
        at /home/runner/work/op-patchstudio/op-patchstudio/tests/e2e/file-entry-audit.spec.ts:53:319
2026-10-02T22:19:09.0804976Z ##[error]  10) [firefox] › tests/e2e/file-entry-audit.spec.ts:52:31 › multisample empty table 1440px browse and waveform draft cancellation 

    Retry #2 ───────────────────────────────────────────────────────────────────────────────────────
    Error: expect(locator).toBeEnabled() failed

    Locator: getByRole('dialog', { name: 'Import audio' }).getByRole('button', { name: 'Apply import' })
    Expected: enabled
    Timeout: 5000ms
    Error: element(s) not found

    Call log:
      - Expect "toBeEnabled" getByRole('dialog', { name: 'Import audio' }).getByRole('button', { name: 'Apply import' }) with timeout 5000ms
      - waiting for getByRole('dialog', { name: 'Import audio' }).getByRole('button', { name: 'Apply import' })


       at import-helpers.ts:7

       5 |   const dialog=page.getByRole('dialog',{name:'Import audio'});
       6 |   await expect(dialog).toBeVisible();
    >  7 |   await expect(dialog.getByRole('button',{name:'Apply import'})).toBeEnabled();
         |                                                                  ^
       8 |   await dialog.getByRole('button',{name:'Apply import'}).click();
       9 |   await expect(dialog).not.toBeVisible();
      10 | }
        at applyAudioImport (/home/runner/work/op-patchstudio/op-patchstudio/tests/e2e/import-helpers.ts:7:66)
        at /home/runner/work/op-patchstudio/op-patchstudio/tests/e2e/file-entry-audit.spec.ts:53:319
2026-10-02T22:19:09.0812968Z   ✘  37 [firefox] › tests/e2e/file-entry-audit.spec.ts:52:31 › multisample empty table 1440px browse and waveform draft cancellation (retry #2) (7.0s)
2026-10-02T22:19:17.3189436Z   ✘  38 [firefox] › tests/e2e/file-entry-audit.spec.ts:52:31 › multisample empty table 390px browse and waveform draft cancellation (7.0s)
2026-10-02T22:19:26.0068439Z   ✘  39 [firefox] › tests/e2e/file-entry-audit.spec.ts:52:31 › multisample empty table 390px browse and waveform draft cancellation (retry #1) (7.4s)
2026-10-02T22:19:34.2887462Z 
2026-10-02T22:19:34.2900482Z ##[error]  11) [firefox] › tests/e2e/file-entry-audit.spec.ts:52:31 › multisample empty table 390px browse and waveform draft cancellation 
    Error: expect(locator).toBeEnabled() failed

    Locator: getByRole('dialog', { name: 'Import audio' }).getByRole('button', { name: 'Apply import' })
    Expected: enabled
    Timeout: 5000ms
    Error: element(s) not found

    Call log:
      - Expect "toBeEnabled" getByRole('dialog', { name: 'Import audio' }).getByRole('button', { name: 'Apply import' }) with timeout 5000ms
      - waiting for getByRole('dialog', { name: 'Import audio' }).getByRole('button', { name: 'Apply import' })


       at import-helpers.ts:7

       5 |   const dialog=page.getByRole('dialog',{name:'Import audio'});
       6 |   await expect(dialog).toBeVisible();
    >  7 |   await expect(dialog.getByRole('button',{name:'Apply import'})).toBeEnabled();
         |                                                                  ^
       8 |   await dialog.getByRole('button',{name:'Apply import'}).click();
       9 |   await expect(dialog).not.toBeVisible();
      10 | }
        at applyAudioImport (/home/runner/work/op-patchstudio/op-patchstudio/tests/e2e/import-helpers.ts:7:66)
        at /home/runner/work/op-patchstudio/op-patchstudio/tests/e2e/file-entry-audit.spec.ts:53:319
2026-10-02T22:19:34.2915371Z ##[error]  11) [firefox] › tests/e2e/file-entry-audit.spec.ts:52:31 › multisample empty table 390px browse and waveform draft cancellation 

    Retry #1 ───────────────────────────────────────────────────────────────────────────────────────
    Error: expect(locator).toBeEnabled() failed

    Locator: getByRole('dialog', { name: 'Import audio' }).getByRole('button', { name: 'Apply import' })
    Expected: enabled
    Timeout: 5000ms
    Error: element(s) not found

    Call log:
      - Expect "toBeEnabled" getByRole('dialog', { name: 'Import audio' }).getByRole('button', { name: 'Apply import' }) with timeout 5000ms
      - waiting for getByRole('dialog', { name: 'Import audio' }).getByRole('button', { name: 'Apply import' })


       at import-helpers.ts:7

       5 |   const dialog=page.getByRole('dialog',{name:'Import audio'});
       6 |   await expect(dialog).toBeVisible();
    >  7 |   await expect(dialog.getByRole('button',{name:'Apply import'})).toBeEnabled();
         |                                                                  ^
       8 |   await dialog.getByRole('button',{name:'Apply import'}).click();
       9 |   await expect(dialog).not.toBeVisible();
      10 | }
        at applyAudioImport (/home/runner/work/op-patchstudio/op-patchstudio/tests/e2e/import-helpers.ts:7:66)
        at /home/runner/work/op-patchstudio/op-patchstudio/tests/e2e/file-entry-audit.spec.ts:53:319
2026-10-02T22:19:34.2930971Z ##[error]  11) [firefox] › tests/e2e/file-entry-audit.spec.ts:52:31 › multisample empty table 390px browse and waveform draft cancellation 

    Retry #2 ───────────────────────────────────────────────────────────────────────────────────────
    Error: expect(locator).toBeEnabled() failed

    Locator: getByRole('dialog', { name: 'Import audio' }).getByRole('button', { name: 'Apply import' })
    Expected: enabled
    Timeout: 5000ms
    Error: element(s) not found

    Call log:
      - Expect "toBeEnabled" getByRole('dialog', { name: 'Import audio' }).getByRole('button', { name: 'Apply import' }) with timeout 5000ms
      - waiting for getByRole('dialog', { name: 'Import audio' }).getByRole('button', { name: 'Apply import' })


       at import-helpers.ts:7

       5 |   const dialog=page.getByRole('dialog',{name:'Import audio'});
       6 |   await expect(dialog).toBeVisible();
    >  7 |   await expect(dialog.getByRole('button',{name:'Apply import'})).toBeEnabled();
         |                                                                  ^
       8 |   await dialog.getByRole('button',{name:'Apply import'}).click();
       9 |   await expect(dialog).not.toBeVisible();
      10 | }
        at applyAudioImport (/home/runner/work/op-patchstudio/op-patchstudio/tests/e2e/import-helpers.ts:7:66)
        at /home/runner/work/op-patchstudio/op-patchstudio/tests/e2e/file-entry-audit.spec.ts:53:319
2026-10-02T22:19:34.2936733Z   ✘  40 [firefox] › tests/e2e/file-entry-audit.spec.ts:52:31 › multisample empty table 390px browse and waveform draft cancellation (retry #2) (7.1s)
2026-10-02T22:19:42.4712861Z   ✘  41 [firefox] › tests/e2e/file-entry-audit.spec.ts:56:1 › organize row drops choose the intended empty pads (7.0s)
2026-10-02T22:19:51.1487659Z   ✘  42 [firefox] › tests/e2e/file-entry-audit.spec.ts:56:1 › organize row drops choose the intended empty pads (retry #1) (7.3s)
2026-10-02T22:19:59.3418292Z 
2026-10-02T22:19:59.3431306Z ##[error]  12) [firefox] › tests/e2e/file-entry-audit.spec.ts:56:1 › organize row drops choose the intended empty pads 
    Error: expect(locator).toBeEnabled() failed

    Locator: getByRole('dialog', { name: 'Import audio' }).getByRole('button', { name: 'Apply import' })
    Expected: enabled
    Timeout: 5000ms
    Error: element(s) not found

    Call log:
      - Expect "toBeEnabled" getByRole('dialog', { name: 'Import audio' }).getByRole('button', { name: 'Apply import' }) with timeout 5000ms
      - waiting for getByRole('dialog', { name: 'Import audio' }).getByRole('button', { name: 'Apply import' })


       at import-helpers.ts:7

       5 |   const dialog=page.getByRole('dialog',{name:'Import audio'});
       6 |   await expect(dialog).toBeVisible();
    >  7 |   await expect(dialog.getByRole('button',{name:'Apply import'})).toBeEnabled();
         |                                                                  ^
       8 |   await dialog.getByRole('button',{name:'Apply import'}).click();
       9 |   await expect(dialog).not.toBeVisible();
      10 | }
        at applyAudioImport (/home/runner/work/op-patchstudio/op-patchstudio/tests/e2e/import-helpers.ts:7:66)
        at /home/runner/work/op-patchstudio/op-patchstudio/tests/e2e/file-entry-audit.spec.ts:58:599
2026-10-02T22:19:59.3447173Z ##[error]  12) [firefox] › tests/e2e/file-entry-audit.spec.ts:56:1 › organize row drops choose the intended empty pads 

    Retry #1 ───────────────────────────────────────────────────────────────────────────────────────
    Error: expect(locator).toBeEnabled() failed

    Locator: getByRole('dialog', { name: 'Import audio' }).getByRole('button', { name: 'Apply import' })
    Expected: enabled
    Timeout: 5000ms
    Error: element(s) not found

    Call log:
      - Expect "toBeEnabled" getByRole('dialog', { name: 'Import audio' }).getByRole('button', { name: 'Apply import' }) with timeout 5000ms
      - waiting for getByRole('dialog', { name: 'Import audio' }).getByRole('button', { name: 'Apply import' })


       at import-helpers.ts:7

       5 |   const dialog=page.getByRole('dialog',{name:'Import audio'});
       6 |   await expect(dialog).toBeVisible();
    >  7 |   await expect(dialog.getByRole('button',{name:'Apply import'})).toBeEnabled();
         |                                                                  ^
       8 |   await dialog.getByRole('button',{name:'Apply import'}).click();
       9 |   await expect(dialog).not.toBeVisible();
      10 | }
        at applyAudioImport (/home/runner/work/op-patchstudio/op-patchstudio/tests/e2e/import-helpers.ts:7:66)
        at /home/runner/work/op-patchstudio/op-patchstudio/tests/e2e/file-entry-audit.spec.ts:58:599
2026-10-02T22:19:59.3467897Z ##[error]  12) [firefox] › tests/e2e/file-entry-audit.spec.ts:56:1 › organize row drops choose the intended empty pads 

    Retry #2 ───────────────────────────────────────────────────────────────────────────────────────
    Error: expect(locator).toBeEnabled() failed

    Locator: getByRole('dialog', { name: 'Import audio' }).getByRole('button', { name: 'Apply import' })
    Expected: enabled
    Timeout: 5000ms
    Error: element(s) not found

    Call log:
      - Expect "toBeEnabled" getByRole('dialog', { name: 'Import audio' }).getByRole('button', { name: 'Apply import' }) with timeout 5000ms
      - waiting for getByRole('dialog', { name: 'Import audio' }).getByRole('button', { name: 'Apply import' })


       at import-helpers.ts:7

       5 |   const dialog=page.getByRole('dialog',{name:'Import audio'});
       6 |   await expect(dialog).toBeVisible();
    >  7 |   await expect(dialog.getByRole('button',{name:'Apply import'})).toBeEnabled();
         |                                                                  ^
       8 |   await dialog.getByRole('button',{name:'Apply import'}).click();
       9 |   await expect(dialog).not.toBeVisible();
      10 | }
        at applyAudioImport (/home/runner/work/op-patchstudio/op-patchstudio/tests/e2e/import-helpers.ts:7:66)
        at /home/runner/work/op-patchstudio/op-patchstudio/tests/e2e/file-entry-audit.spec.ts:58:599
2026-10-02T22:19:59.3477022Z   ✘  43 [firefox] › tests/e2e/file-entry-audit.spec.ts:56:1 › organize row drops choose the intended empty pads (retry #2) (7.0s)
2026-10-02T22:20:02.1782334Z   ✓  44 [firefox] › tests/e2e/file-entry-audit.spec.ts:61:1 › wide drum MIDI audition channel persists with an isolated MIDI stub (2.0s)
2026-10-02T22:20:09.6523959Z   ✘  45 [firefox] › tests/e2e/file-entry-audit.spec.ts:66:1 › an empty multisample key selects the root for the nearby Add sounds chooser (7.1s)
2026-10-02T22:20:19.4410151Z   ✘  46 [firefox] › tests/e2e/file-entry-audit.spec.ts:66:1 › an empty multisample key selects the root for the nearby Add sounds chooser (retry #1) (8.4s)
2026-10-02T22:20:28.6034361Z 
2026-10-02T22:20:28.6048683Z ##[error]  13) [firefox] › tests/e2e/file-entry-audit.spec.ts:66:1 › an empty multisample key selects the root for the nearby Add sounds chooser 
    Error: expect(locator).toBeEnabled() failed

    Locator: getByRole('dialog', { name: 'Import audio' }).getByRole('button', { name: 'Apply import' })
    Expected: enabled
    Timeout: 5000ms
    Error: element(s) not found

    Call log:
      - Expect "toBeEnabled" getByRole('dialog', { name: 'Import audio' }).getByRole('button', { name: 'Apply import' }) with timeout 5000ms
      - waiting for getByRole('dialog', { name: 'Import audio' }).getByRole('button', { name: 'Apply import' })


       at import-helpers.ts:7

       5 |   const dialog=page.getByRole('dialog',{name:'Import audio'});
       6 |   await expect(dialog).toBeVisible();
    >  7 |   await expect(dialog.getByRole('button',{name:'Apply import'})).toBeEnabled();
         |                                                                  ^
       8 |   await dialog.getByRole('button',{name:'Apply import'}).click();
       9 |   await expect(dialog).not.toBeVisible();
      10 | }
        at applyAudioImport (/home/runner/work/op-patchstudio/op-patchstudio/tests/e2e/import-helpers.ts:7:66)
        at /home/runner/work/op-patchstudio/op-patchstudio/tests/e2e/file-entry-audit.spec.ts:67:373
2026-10-02T22:20:28.6064047Z ##[error]  13) [firefox] › tests/e2e/file-entry-audit.spec.ts:66:1 › an empty multisample key selects the root for the nearby Add sounds chooser 

    Retry #1 ───────────────────────────────────────────────────────────────────────────────────────
    Error: expect(locator).toBeEnabled() failed

    Locator: getByRole('dialog', { name: 'Import audio' }).getByRole('button', { name: 'Apply import' })
    Expected: enabled
    Timeout: 5000ms
    Error: element(s) not found

    Call log:
      - Expect "toBeEnabled" getByRole('dialog', { name: 'Import audio' }).getByRole('button', { name: 'Apply import' }) with timeout 5000ms
      - waiting for getByRole('dialog', { name: 'Import audio' }).getByRole('button', { name: 'Apply import' })


       at import-helpers.ts:7

       5 |   const dialog=page.getByRole('dialog',{name:'Import audio'});
       6 |   await expect(dialog).toBeVisible();
    >  7 |   await expect(dialog.getByRole('button',{name:'Apply import'})).toBeEnabled();
         |                                                                  ^
       8 |   await dialog.getByRole('button',{name:'Apply import'}).click();
       9 |   await expect(dialog).not.toBeVisible();
      10 | }
        at applyAudioImport (/home/runner/work/op-patchstudio/op-patchstudio/tests/e2e/import-helpers.ts:7:66)
        at /home/runner/work/op-patchstudio/op-patchstudio/tests/e2e/file-entry-audit.spec.ts:67:373
2026-10-02T22:20:28.6085447Z ##[error]  13) [firefox] › tests/e2e/file-entry-audit.spec.ts:66:1 › an empty multisample key selects the root for the nearby Add sounds chooser 

    Retry #2 ───────────────────────────────────────────────────────────────────────────────────────
    Error: expect(locator).toBeEnabled() failed

    Locator: getByRole('dialog', { name: 'Import audio' }).getByRole('button', { name: 'Apply import' })
    Expected: enabled
    Timeout: 5000ms
    Error: element(s) not found

    Call log:
      - Expect "toBeEnabled" getByRole('dialog', { name: 'Import audio' }).getByRole('button', { name: 'Apply import' }) with timeout 5000ms
      - waiting for getByRole('dialog', { name: 'Import audio' }).getByRole('button', { name: 'Apply import' })


       at import-helpers.ts:7

       5 |   const dialog=page.getByRole('dialog',{name:'Import audio'});
       6 |   await expect(dialog).toBeVisible();
    >  7 |   await expect(dialog.getByRole('button',{name:'Apply import'})).toBeEnabled();
         |                                                                  ^
       8 |   await dialog.getByRole('button',{name:'Apply import'}).click();
       9 |   await expect(dialog).not.toBeVisible();
      10 | }
        at applyAudioImport (/home/runner/work/op-patchstudio/op-patchstudio/tests/e2e/import-helpers.ts:7:66)
        at /home/runner/work/op-patchstudio/op-patchstudio/tests/e2e/file-entry-audit.spec.ts:67:373
2026-10-02T22:20:28.6096895Z   ✘  47 [firefox] › tests/e2e/file-entry-audit.spec.ts:66:1 › an empty multisample key selects the root for the nearby Add sounds chooser (retry #2) (7.9s)
2026-10-02T22:20:32.0118081Z   ✓  48 [firefox] › tests/e2e/file-entry-audit.spec.ts:70:1 › sample settings waveform drag is saved once and Undo restores markers (2.5s)
2026-10-02T22:20:34.1217336Z   ✓  49 [firefox] › tests/e2e/focus-control-audit.spec.ts:4:1 › focused drum controls persist modes trim and slider gestures with Undo (2.1s)
2026-10-02T22:20:35.5587315Z   ✓  50 [firefox] › tests/e2e/focus-control-audit.spec.ts:28:1 › focused drum moves a sound to an empty pad then Undo restores its position (1.4s)
2026-10-02T22:20:37.1838367Z   ✓  51 [firefox] › tests/e2e/focus-control-audit.spec.ts:43:1 › focused drum clear cancellation preserves sound and confirmation is undoable (1.6s)
2026-10-02T22:20:43.7440325Z   ✘  52 [firefox] › tests/e2e/focus-entry-audit.spec.ts:5:56 › drum focus import record and clear entry points preserve reviewed audio (6.2s)
2026-10-02T22:20:52.5126111Z   ✘  53 [firefox] › tests/e2e/focus-entry-audit.spec.ts:5:56 › drum focus import record and clear entry points preserve reviewed audio (retry #1) (7.4s)
2026-10-02T22:21:00.7379439Z 
2026-10-02T22:21:00.7410641Z ##[error]  14) [firefox] › tests/e2e/focus-entry-audit.spec.ts:5:56 › drum focus import record and clear entry points preserve reviewed audio 
    Error: expect(locator).toBeVisible() failed

    Locator: getByRole('region', { name: 'Drum pad instrument, 1 of 24 loaded', exact: true })
    Expected: visible
    Timeout: 5000ms
    Error: element(s) not found

    Call log:
      - Expect "toBeVisible" getByRole('region', { name: 'Drum pad instrument, 1 of 24 loaded', exact: true }) with timeout 5000ms
      - waiting for getByRole('region', { name: 'Drum pad instrument, 1 of 24 loaded', exact: true })


       7 |  if(workspace==='drum'){await page.getByRole('button',{name:'Record here',exact:true}).click();const recorder=page.getByRole('dialog',{name:'Record takes',exact:true});await expect(recorder).toBeVisible();await recorder.getByRole('button',{name:'Close',exact:true}).click();}
       8 |  const importButton=page.getByRole('button',{name:workspace==='drum'?'Add sample':'Add samples',exact:true});
    >  9 |  const choosing=page.waitForEvent('filechooser');await importButton.click();await(await choosing).setFiles(tone());if(workspace==='multisample')await applyAudioImport(page);else await expect(page.getByRole('region',{name:'Drum pad instrument, 1 of 24 loaded',exact:true})).toBeVisible();
         |                                                                                                                                                                                                                                                                                  ^
      10 |  const record=page.getByRole('button',{name:workspace==='drum'?'Record here':'Record at root',exact:true});
      11 |  if(workspace==='multisample'){await record.click();const recorder=page.getByRole('dialog',{name:'Record takes',exact:true});await expect(recorder).toBeVisible();await recorder.getByRole('button',{name:'Close',exact:true}).click();await expect(recorder).toBeHidden();}
      12 |  if(workspace==='drum'){
        at /home/runner/work/op-patchstudio/op-patchstudio/tests/e2e/focus-entry-audit.spec.ts:9:274
2026-10-02T22:21:00.7442651Z ##[error]  14) [firefox] › tests/e2e/focus-entry-audit.spec.ts:5:56 › drum focus import record and clear entry points preserve reviewed audio 

    Retry #1 ───────────────────────────────────────────────────────────────────────────────────────
    Error: expect(locator).toBeVisible() failed

    Locator: getByRole('region', { name: 'Drum pad instrument, 1 of 24 loaded', exact: true })
    Expected: visible
    Timeout: 5000ms
    Error: element(s) not found

    Call log:
      - Expect "toBeVisible" getByRole('region', { name: 'Drum pad instrument, 1 of 24 loaded', exact: true }) with timeout 5000ms
      - waiting for getByRole('region', { name: 'Drum pad instrument, 1 of 24 loaded', exact: true })


       7 |  if(workspace==='drum'){await page.getByRole('button',{name:'Record here',exact:true}).click();const recorder=page.getByRole('dialog',{name:'Record takes',exact:true});await expect(recorder).toBeVisible();await recorder.getByRole('button',{name:'Close',exact:true}).click();}
       8 |  const importButton=page.getByRole('button',{name:workspace==='drum'?'Add sample':'Add samples',exact:true});
    >  9 |  const choosing=page.waitForEvent('filechooser');await importButton.click();await(await choosing).setFiles(tone());if(workspace==='multisample')await applyAudioImport(page);else await expect(page.getByRole('region',{name:'Drum pad instrument, 1 of 24 loaded',exact:true})).toBeVisible();
         |                                                                                                                                                                                                                                                                                  ^
      10 |  const record=page.getByRole('button',{name:workspace==='drum'?'Record here':'Record at root',exact:true});
      11 |  if(workspace==='multisample'){await record.click();const recorder=page.getByRole('dialog',{name:'Record takes',exact:true});await expect(recorder).toBeVisible();await recorder.getByRole('button',{name:'Close',exact:true}).click();await expect(recorder).toBeHidden();}
      12 |  if(workspace==='drum'){
        at /home/runner/work/op-patchstudio/op-patchstudio/tests/e2e/focus-entry-audit.spec.ts:9:274
2026-10-02T22:21:00.7479261Z ##[error]  14) [firefox] › tests/e2e/focus-entry-audit.spec.ts:5:56 › drum focus import record and clear entry points preserve reviewed audio 

    Retry #2 ───────────────────────────────────────────────────────────────────────────────────────
    Error: expect(locator).toBeVisible() failed

    Locator: getByRole('region', { name: 'Drum pad instrument, 1 of 24 loaded', exact: true })
    Expected: visible
    Timeout: 5000ms
    Error: element(s) not found

    Call log:
      - Expect "toBeVisible" getByRole('region', { name: 'Drum pad instrument, 1 of 24 loaded', exact: true }) with timeout 5000ms
      - waiting for getByRole('region', { name: 'Drum pad instrument, 1 of 24 loaded', exact: true })


       7 |  if(workspace==='drum'){await page.getByRole('button',{name:'Record here',exact:true}).click();const recorder=page.getByRole('dialog',{name:'Record takes',exact:true});await expect(recorder).toBeVisible();await recorder.getByRole('button',{name:'Close',exact:true}).click();}
       8 |  const importButton=page.getByRole('button',{name:workspace==='drum'?'Add sample':'Add samples',exact:true});
    >  9 |  const choosing=page.waitForEvent('filechooser');await importButton.click();await(await choosing).setFiles(tone());if(workspace==='multisample')await applyAudioImport(page);else await expect(page.getByRole('region',{name:'Drum pad instrument, 1 of 24 loaded',exact:true})).toBeVisible();
         |                                                                                                                                                                                                                                                                                  ^
      10 |  const record=page.getByRole('button',{name:workspace==='drum'?'Record here':'Record at root',exact:true});
      11 |  if(workspace==='multisample'){await record.click();const recorder=page.getByRole('dialog',{name:'Record takes',exact:true});await expect(recorder).toBeVisible();await recorder.getByRole('button',{name:'Close',exact:true}).click();await expect(recorder).toBeHidden();}
      12 |  if(workspace==='drum'){
        at /home/runner/work/op-patchstudio/op-patchstudio/tests/e2e/focus-entry-audit.spec.ts:9:274
2026-10-02T22:21:00.7492763Z   ✘  54 [firefox] › tests/e2e/focus-entry-audit.spec.ts:5:56 › drum focus import record and clear entry points preserve reviewed audio (retry #2) (7.0s)
2026-10-02T22:21:08.9296683Z   ✘  55 [firefox] › tests/e2e/focus-entry-audit.spec.ts:5:56 › multisample focus import record and clear entry points preserve reviewed audio (7.0s)
2026-10-02T22:21:17.5852694Z   ✘  56 [firefox] › tests/e2e/focus-entry-audit.spec.ts:5:56 › multisample focus import record and clear entry points preserve reviewed audio (retry #1) (7.3s)
2026-10-02T22:21:25.7805402Z 
2026-10-02T22:21:25.7827860Z ##[error]  15) [firefox] › tests/e2e/focus-entry-audit.spec.ts:5:56 › multisample focus import record and clear entry points preserve reviewed audio 
    Error: expect(locator).toBeEnabled() failed

    Locator: getByRole('dialog', { name: 'Import audio' }).getByRole('button', { name: 'Apply import' })
    Expected: enabled
    Timeout: 5000ms
    Error: element(s) not found

    Call log:
      - Expect "toBeEnabled" getByRole('dialog', { name: 'Import audio' }).getByRole('button', { name: 'Apply import' }) with timeout 5000ms
      - waiting for getByRole('dialog', { name: 'Import audio' }).getByRole('button', { name: 'Apply import' })


       at import-helpers.ts:7

       5 |   const dialog=page.getByRole('dialog',{name:'Import audio'});
       6 |   await expect(dialog).toBeVisible();
    >  7 |   await expect(dialog.getByRole('button',{name:'Apply import'})).toBeEnabled();
         |                                                                  ^
       8 |   await dialog.getByRole('button',{name:'Apply import'}).click();
       9 |   await expect(dialog).not.toBeVisible();
      10 | }
        at applyAudioImport (/home/runner/work/op-patchstudio/op-patchstudio/tests/e2e/import-helpers.ts:7:66)
        at /home/runner/work/op-patchstudio/op-patchstudio/tests/e2e/focus-entry-audit.spec.ts:9:145
2026-10-02T22:21:25.7845639Z ##[error]  15) [firefox] › tests/e2e/focus-entry-audit.spec.ts:5:56 › multisample focus import record and clear entry points preserve reviewed audio 

    Retry #1 ───────────────────────────────────────────────────────────────────────────────────────
    Error: expect(locator).toBeEnabled() failed

    Locator: getByRole('dialog', { name: 'Import audio' }).getByRole('button', { name: 'Apply import' })
    Expected: enabled
    Timeout: 5000ms
    Error: element(s) not found

    Call log:
      - Expect "toBeEnabled" getByRole('dialog', { name: 'Import audio' }).getByRole('button', { name: 'Apply import' }) with timeout 5000ms
      - waiting for getByRole('dialog', { name: 'Import audio' }).getByRole('button', { name: 'Apply import' })


       at import-helpers.ts:7

       5 |   const dialog=page.getByRole('dialog',{name:'Import audio'});
       6 |   await expect(dialog).toBeVisible();
    >  7 |   await expect(dialog.getByRole('button',{name:'Apply import'})).toBeEnabled();
         |                                                                  ^
       8 |   await dialog.getByRole('button',{name:'Apply import'}).click();
       9 |   await expect(dialog).not.toBeVisible();
      10 | }
        at applyAudioImport (/home/runner/work/op-patchstudio/op-patchstudio/tests/e2e/import-helpers.ts:7:66)
        at /home/runner/work/op-patchstudio/op-patchstudio/tests/e2e/focus-entry-audit.spec.ts:9:145
2026-10-02T22:21:25.7860193Z ##[error]  15) [firefox] › tests/e2e/focus-entry-audit.spec.ts:5:56 › multisample focus import record and clear entry points preserve reviewed audio 

    Retry #2 ───────────────────────────────────────────────────────────────────────────────────────
    Error: expect(locator).toBeEnabled() failed

    Locator: getByRole('dialog', { name: 'Import audio' }).getByRole('button', { name: 'Apply import' })
    Expected: enabled
    Timeout: 5000ms
    Error: element(s) not found

    Call log:
      - Expect "toBeEnabled" getByRole('dialog', { name: 'Import audio' }).getByRole('button', { name: 'Apply import' }) with timeout 5000ms
      - waiting for getByRole('dialog', { name: 'Import audio' }).getByRole('button', { name: 'Apply import' })


       at import-helpers.ts:7

       5 |   const dialog=page.getByRole('dialog',{name:'Import audio'});
       6 |   await expect(dialog).toBeVisible();
    >  7 |   await expect(dialog.getByRole('button',{name:'Apply import'})).toBeEnabled();
         |                                                                  ^
       8 |   await dialog.getByRole('button',{name:'Apply import'}).click();
       9 |   await expect(dialog).not.toBeVisible();
      10 | }
        at applyAudioImport (/home/runner/work/op-patchstudio/op-patchstudio/tests/e2e/import-helpers.ts:7:66)
        at /home/runner/work/op-patchstudio/op-patchstudio/tests/e2e/focus-entry-audit.spec.ts:9:145
2026-10-02T22:21:25.7865694Z   ✘  57 [firefox] › tests/e2e/focus-entry-audit.spec.ts:5:56 › multisample focus import record and clear entry points preserve reviewed audio (retry #2) (7.0s)
2026-10-02T22:21:28.4176465Z   ✓  58 [firefox] › tests/e2e/guide-control-audit.spec.ts:3:79 › guided Multisample a synth navigation help and import entry (1.8s)
2026-10-02T22:21:29.4094291Z   ✓  59 [firefox] › tests/e2e/guide-control-audit.spec.ts:3:79 › guided Sample a sound navigation help and import entry (974ms)
2026-10-02T22:21:30.1585257Z   ✓  60 [firefox] › tests/e2e/guide-control-audit.spec.ts:3:79 › guided Build a drum kit navigation help and import entry (731ms)
2026-10-02T22:21:30.9554444Z   ✓  61 [firefox] › tests/e2e/guide-control-audit.spec.ts:22:1 › transfer actions open the expected workspace (781ms)
2026-10-02T22:21:31.7886657Z   ✓  62 [firefox] › tests/e2e/guide-control-audit.spec.ts:30:1 › guided Back controls retain task choice without opening a recorder (817ms)
2026-10-02T22:21:35.2691350Z   ✓  63 [firefox] › tests/e2e/instrument-utility-audit.spec.ts:7:56 › drum clear reset defaults and pin controls preserve Undo and persistence (3.5s)
2026-10-02T22:21:41.9479174Z   ✘  64 [firefox] › tests/e2e/instrument-utility-audit.spec.ts:7:56 › multisample clear reset defaults and pin controls preserve Undo and persistence (6.3s)
2026-10-02T22:21:50.5036693Z   ✘  65 [firefox] › tests/e2e/instrument-utility-audit.spec.ts:7:56 › multisample clear reset defaults and pin controls preserve Undo and persistence (retry #1) (7.2s)
2026-10-02T22:21:58.5191267Z 
2026-10-02T22:21:58.5205700Z ##[error]  16) [firefox] › tests/e2e/instrument-utility-audit.spec.ts:7:56 › multisample clear reset defaults and pin controls preserve Undo and persistence 
    Error: expect(locator).toBeEnabled() failed

    Locator: getByRole('dialog', { name: 'Import audio' }).getByRole('button', { name: 'Apply import' })
    Expected: enabled
    Timeout: 5000ms
    Error: element(s) not found

    Call log:
      - Expect "toBeEnabled" getByRole('dialog', { name: 'Import audio' }).getByRole('button', { name: 'Apply import' }) with timeout 5000ms
      - waiting for getByRole('dialog', { name: 'Import audio' }).getByRole('button', { name: 'Apply import' })


       at import-helpers.ts:7

       5 |   const dialog=page.getByRole('dialog',{name:'Import audio'});
       6 |   await expect(dialog).toBeVisible();
    >  7 |   await expect(dialog.getByRole('button',{name:'Apply import'})).toBeEnabled();
         |                                                                  ^
       8 |   await dialog.getByRole('button',{name:'Apply import'}).click();
       9 |   await expect(dialog).not.toBeVisible();
      10 | }
        at applyAudioImport (/home/runner/work/op-patchstudio/op-patchstudio/tests/e2e/import-helpers.ts:7:66)
        at /home/runner/work/op-patchstudio/op-patchstudio/tests/e2e/instrument-utility-audit.spec.ts:10:85
2026-10-02T22:21:58.5225634Z ##[error]  16) [firefox] › tests/e2e/instrument-utility-audit.spec.ts:7:56 › multisample clear reset defaults and pin controls preserve Undo and persistence 

    Retry #1 ───────────────────────────────────────────────────────────────────────────────────────
    Error: expect(locator).toBeEnabled() failed

    Locator: getByRole('dialog', { name: 'Import audio' }).getByRole('button', { name: 'Apply import' })
    Expected: enabled
    Timeout: 5000ms
    Error: element(s) not found

    Call log:
      - Expect "toBeEnabled" getByRole('dialog', { name: 'Import audio' }).getByRole('button', { name: 'Apply import' }) with timeout 5000ms
      - waiting for getByRole('dialog', { name: 'Import audio' }).getByRole('button', { name: 'Apply import' })


       at import-helpers.ts:7

       5 |   const dialog=page.getByRole('dialog',{name:'Import audio'});
       6 |   await expect(dialog).toBeVisible();
    >  7 |   await expect(dialog.getByRole('button',{name:'Apply import'})).toBeEnabled();
         |                                                                  ^
       8 |   await dialog.getByRole('button',{name:'Apply import'}).click();
       9 |   await expect(dialog).not.toBeVisible();
      10 | }
        at applyAudioImport (/home/runner/work/op-patchstudio/op-patchstudio/tests/e2e/import-helpers.ts:7:66)
        at /home/runner/work/op-patchstudio/op-patchstudio/tests/e2e/instrument-utility-audit.spec.ts:10:85
2026-10-02T22:21:58.5242932Z ##[error]  16) [firefox] › tests/e2e/instrument-utility-audit.spec.ts:7:56 › multisample clear reset defaults and pin controls preserve Undo and persistence 

    Retry #2 ───────────────────────────────────────────────────────────────────────────────────────
    Error: expect(locator).toBeEnabled() failed

    Locator: getByRole('dialog', { name: 'Import audio' }).getByRole('button', { name: 'Apply import' })
    Expected: enabled
    Timeout: 5000ms
    Error: element(s) not found

    Call log:
      - Expect "toBeEnabled" getByRole('dialog', { name: 'Import audio' }).getByRole('button', { name: 'Apply import' }) with timeout 5000ms
      - waiting for getByRole('dialog', { name: 'Import audio' }).getByRole('button', { name: 'Apply import' })


       at import-helpers.ts:7

       5 |   const dialog=page.getByRole('dialog',{name:'Import audio'});
       6 |   await expect(dialog).toBeVisible();
    >  7 |   await expect(dialog.getByRole('button',{name:'Apply import'})).toBeEnabled();
         |                                                                  ^
       8 |   await dialog.getByRole('button',{name:'Apply import'}).click();
       9 |   await expect(dialog).not.toBeVisible();
      10 | }
        at applyAudioImport (/home/runner/work/op-patchstudio/op-patchstudio/tests/e2e/import-helpers.ts:7:66)
        at /home/runner/work/op-patchstudio/op-patchstudio/tests/e2e/instrument-utility-audit.spec.ts:10:85
2026-10-02T22:21:58.5248886Z   ✘  66 [firefox] › tests/e2e/instrument-utility-audit.spec.ts:7:56 › multisample clear reset defaults and pin controls preserve Undo and persistence (retry #2) (6.8s)
2026-10-02T22:22:01.3789369Z   ✓  67 [firefox] › tests/e2e/instrument-utility-audit.spec.ts:31:1 › drum organize control reveals both row drop zones and returns to playing (2.0s)
2026-10-02T22:22:01.7084954Z   ✓  68 [firefox] › tests/e2e/keyboard-platform.spec.ts:4:1 › native full-control keyboard navigation reaches buttons after heading focus (312ms)
2026-10-02T22:22:04.7540030Z   ✓  69 [firefox] › tests/e2e/library-control-audit.spec.ts:6:31 › library 1440px cancel details collections download and confirmed deletion (3.0s)
2026-10-02T22:22:07.6399297Z   ✓  70 [firefox] › tests/e2e/library-control-audit.spec.ts:6:31 › library 390px cancel details collections download and confirmed deletion (2.9s)
2026-10-02T22:22:11.0491660Z   ✓  71 [firefox] › tests/e2e/library-order-audit.spec.ts:3:31 › library 1440px favorites and collection down/remove retain saved presets (3.4s)
2026-10-02T22:22:14.4262286Z   ✓  72 [firefox] › tests/e2e/library-order-audit.spec.ts:3:31 › library 390px favorites and collection down/remove retain saved presets (3.4s)
2026-10-02T22:22:20.8021017Z   ✘  73 [firefox] › tests/e2e/marker-actions-audit.spec.ts:5:56 › drum zero-crossing action changes markers atomically and Undo restores them (6.0s)
2026-10-02T22:22:29.3704788Z   ✘  74 [firefox] › tests/e2e/marker-actions-audit.spec.ts:5:56 › drum zero-crossing action changes markers atomically and Undo restores them (retry #1) (7.2s)
2026-10-02T22:22:37.4451398Z 
2026-10-02T22:22:37.4474882Z ##[error]  17) [firefox] › tests/e2e/marker-actions-audit.spec.ts:5:56 › drum zero-crossing action changes markers atomically and Undo restores them 
    Error: expect(locator).toBeVisible() failed

    Locator: getByRole('region', { name: 'Drum pad instrument, 1 of 24 loaded', exact: true })
    Expected: visible
    Timeout: 5000ms
    Error: element(s) not found

    Call log:
      - Expect "toBeVisible" getByRole('region', { name: 'Drum pad instrument, 1 of 24 loaded', exact: true }) with timeout 5000ms
      - waiting for getByRole('region', { name: 'Drum pad instrument, 1 of 24 loaded', exact: true })


       5 | for(const workspace of ['drum','multisample'] as const)test(`${workspace} zero-crossing action changes markers atomically and Undo restores them`,async({page})=>{
       6 |  await gotoWorkspace(page,workspace);
    >  7 |  if(workspace==='drum'){const chooser=page.waitForEvent('filechooser');await page.getByRole('button',{name:'Add sample',exact:true}).click();await(await chooser).setFiles(tone());await expect(page.getByRole('region',{name:'Drum pad instrument, 1 of 24 loaded',exact:true})).toBeVisible();}
         |                                                                                                                                                                                                                                                                                   ^
       8 |  else{await page.getByLabel('choose multisample audio files').setInputFiles(tone());await applyAudioImport(page);}
       9 |  const editor=page.getByRole('region',{name:workspace==='drum'?'Focused sample editor':'Focused multisample editor',exact:true});const start=editor.getByRole('spinbutton',{name:/^In point/i});const end=editor.getByRole('spinbutton',{name:/^Out point/i});await start.fill('0.002');await start.blur();await end.fill('0.09');await end.blur();const before=[await start.inputValue(),await end.inputValue()];
      10 |  if(workspace==='multisample'){await editor.getByRole('button',{name:'Analyze sound',exact:true}).click();await editor.getByRole('button',{name:'Discard suggestion',exact:true}).click();await expect(editor.getByRole('button',{name:'Discard suggestion',exact:true})).toHaveCount(0);expect([await start.inputValue(),await end.inputValue()]).toEqual(before);}
        at /home/runner/work/op-patchstudio/op-patchstudio/tests/e2e/marker-actions-audit.spec.ts:7:275
2026-10-02T22:22:37.4505423Z ##[error]  17) [firefox] › tests/e2e/marker-actions-audit.spec.ts:5:56 › drum zero-crossing action changes markers atomically and Undo restores them 

    Retry #1 ───────────────────────────────────────────────────────────────────────────────────────
    Error: expect(locator).toBeVisible() failed

    Locator: getByRole('region', { name: 'Drum pad instrument, 1 of 24 loaded', exact: true })
    Expected: visible
    Timeout: 5000ms
    Error: element(s) not found

    Call log:
      - Expect "toBeVisible" getByRole('region', { name: 'Drum pad instrument, 1 of 24 loaded', exact: true }) with timeout 5000ms
      - waiting for getByRole('region', { name: 'Drum pad instrument, 1 of 24 loaded', exact: true })


       5 | for(const workspace of ['drum','multisample'] as const)test(`${workspace} zero-crossing action changes markers atomically and Undo restores them`,async({page})=>{
       6 |  await gotoWorkspace(page,workspace);
    >  7 |  if(workspace==='drum'){const chooser=page.waitForEvent('filechooser');await page.getByRole('button',{name:'Add sample',exact:true}).click();await(await chooser).setFiles(tone());await expect(page.getByRole('region',{name:'Drum pad instrument, 1 of 24 loaded',exact:true})).toBeVisible();}
         |                                                                                                                                                                                                                                                                                   ^
       8 |  else{await page.getByLabel('choose multisample audio files').setInputFiles(tone());await applyAudioImport(page);}
       9 |  const editor=page.getByRole('region',{name:workspace==='drum'?'Focused sample editor':'Focused multisample editor',exact:true});const start=editor.getByRole('spinbutton',{name:/^In point/i});const end=editor.getByRole('spinbutton',{name:/^Out point/i});await start.fill('0.002');await start.blur();await end.fill('0.09');await end.blur();const before=[await start.inputValue(),await end.inputValue()];
      10 |  if(workspace==='multisample'){await editor.getByRole('button',{name:'Analyze sound',exact:true}).click();await editor.getByRole('button',{name:'Discard suggestion',exact:true}).click();await expect(editor.getByRole('button',{name:'Discard suggestion',exact:true})).toHaveCount(0);expect([await start.inputValue(),await end.inputValue()]).toEqual(before);}
        at /home/runner/work/op-patchstudio/op-patchstudio/tests/e2e/marker-actions-audit.spec.ts:7:275
2026-10-02T22:22:37.4530658Z ##[error]  17) [firefox] › tests/e2e/marker-actions-audit.spec.ts:5:56 › drum zero-crossing action changes markers atomically and Undo restores them 

    Retry #2 ───────────────────────────────────────────────────────────────────────────────────────
    Error: expect(locator).toBeVisible() failed

    Locator: getByRole('region', { name: 'Drum pad instrument, 1 of 24 loaded', exact: true })
    Expected: visible
    Timeout: 5000ms
    Error: element(s) not found

    Call log:
      - Expect "toBeVisible" getByRole('region', { name: 'Drum pad instrument, 1 of 24 loaded', exact: true }) with timeout 5000ms
      - waiting for getByRole('region', { name: 'Drum pad instrument, 1 of 24 loaded', exact: true })


       5 | for(const workspace of ['drum','multisample'] as const)test(`${workspace} zero-crossing action changes markers atomically and Undo restores them`,async({page})=>{
       6 |  await gotoWorkspace(page,workspace);
    >  7 |  if(workspace==='drum'){const chooser=page.waitForEvent('filechooser');await page.getByRole('button',{name:'Add sample',exact:true}).click();await(await chooser).setFiles(tone());await expect(page.getByRole('region',{name:'Drum pad instrument, 1 of 24 loaded',exact:true})).toBeVisible();}
         |                                                                                                                                                                                                                                                                                   ^
       8 |  else{await page.getByLabel('choose multisample audio files').setInputFiles(tone());await applyAudioImport(page);}
       9 |  const editor=page.getByRole('region',{name:workspace==='drum'?'Focused sample editor':'Focused multisample editor',exact:true});const start=editor.getByRole('spinbutton',{name:/^In point/i});const end=editor.getByRole('spinbutton',{name:/^Out point/i});await start.fill('0.002');await start.blur();await end.fill('0.09');await end.blur();const before=[await start.inputValue(),await end.inputValue()];
      10 |  if(workspace==='multisample'){await editor.getByRole('button',{name:'Analyze sound',exact:true}).click();await editor.getByRole('button',{name:'Discard suggestion',exact:true}).click();await expect(editor.getByRole('button',{name:'Discard suggestion',exact:true})).toHaveCount(0);expect([await start.inputValue(),await end.inputValue()]).toEqual(before);}
        at /home/runner/work/op-patchstudio/op-patchstudio/tests/e2e/marker-actions-audit.spec.ts:7:275
2026-10-02T22:22:37.4541267Z   ✘  75 [firefox] › tests/e2e/marker-actions-audit.spec.ts:5:56 › drum zero-crossing action changes markers atomically and Undo restores them (retry #2) (6.9s)
2026-10-02T22:22:45.4881209Z   ✘  76 [firefox] › tests/e2e/marker-actions-audit.spec.ts:5:56 › multisample zero-crossing action changes markers atomically and Undo restores them (6.9s)
2026-10-02T22:22:54.1095775Z   ✘  77 [firefox] › tests/e2e/marker-actions-audit.spec.ts:5:56 › multisample zero-crossing action changes markers atomically and Undo restores them (retry #1) (7.3s)
2026-10-02T22:23:02.1558284Z 
2026-10-02T22:23:02.1570725Z ##[error]  18) [firefox] › tests/e2e/marker-actions-audit.spec.ts:5:56 › multisample zero-crossing action changes markers atomically and Undo restores them 
    Error: expect(locator).toBeEnabled() failed

    Locator: getByRole('dialog', { name: 'Import audio' }).getByRole('button', { name: 'Apply import' })
    Expected: enabled
    Timeout: 5000ms
    Error: element(s) not found

    Call log:
      - Expect "toBeEnabled" getByRole('dialog', { name: 'Import audio' }).getByRole('button', { name: 'Apply import' }) with timeout 5000ms
      - waiting for getByRole('dialog', { name: 'Import audio' }).getByRole('button', { name: 'Apply import' })


       at import-helpers.ts:7

       5 |   const dialog=page.getByRole('dialog',{name:'Import audio'});
       6 |   await expect(dialog).toBeVisible();
    >  7 |   await expect(dialog.getByRole('button',{name:'Apply import'})).toBeEnabled();
         |                                                                  ^
       8 |   await dialog.getByRole('button',{name:'Apply import'}).click();
       9 |   await expect(dialog).not.toBeVisible();
      10 | }
        at applyAudioImport (/home/runner/work/op-patchstudio/op-patchstudio/tests/e2e/import-helpers.ts:7:66)
        at /home/runner/work/op-patchstudio/op-patchstudio/tests/e2e/marker-actions-audit.spec.ts:8:85
2026-10-02T22:23:02.1587181Z ##[error]  18) [firefox] › tests/e2e/marker-actions-audit.spec.ts:5:56 › multisample zero-crossing action changes markers atomically and Undo restores them 

    Retry #1 ───────────────────────────────────────────────────────────────────────────────────────
    Error: expect(locator).toBeEnabled() failed

    Locator: getByRole('dialog', { name: 'Import audio' }).getByRole('button', { name: 'Apply import' })
    Expected: enabled
    Timeout: 5000ms
    Error: element(s) not found

    Call log:
      - Expect "toBeEnabled" getByRole('dialog', { name: 'Import audio' }).getByRole('button', { name: 'Apply import' }) with timeout 5000ms
      - waiting for getByRole('dialog', { name: 'Import audio' }).getByRole('button', { name: 'Apply import' })


       at import-helpers.ts:7

       5 |   const dialog=page.getByRole('dialog',{name:'Import audio'});
       6 |   await expect(dialog).toBeVisible();
    >  7 |   await expect(dialog.getByRole('button',{name:'Apply import'})).toBeEnabled();
         |                                                                  ^
       8 |   await dialog.getByRole('button',{name:'Apply import'}).click();
       9 |   await expect(dialog).not.toBeVisible();
      10 | }
        at applyAudioImport (/home/runner/work/op-patchstudio/op-patchstudio/tests/e2e/import-helpers.ts:7:66)
        at /home/runner/work/op-patchstudio/op-patchstudio/tests/e2e/marker-actions-audit.spec.ts:8:85
2026-10-02T22:23:02.1610476Z ##[error]  18) [firefox] › tests/e2e/marker-actions-audit.spec.ts:5:56 › multisample zero-crossing action changes markers atomically and Undo restores them 

    Retry #2 ───────────────────────────────────────────────────────────────────────────────────────
    Error: expect(locator).toBeEnabled() failed

    Locator: getByRole('dialog', { name: 'Import audio' }).getByRole('button', { name: 'Apply import' })
    Expected: enabled
    Timeout: 5000ms
    Error: element(s) not found

    Call log:
      - Expect "toBeEnabled" getByRole('dialog', { name: 'Import audio' }).getByRole('button', { name: 'Apply import' }) with timeout 5000ms
      - waiting for getByRole('dialog', { name: 'Import audio' }).getByRole('button', { name: 'Apply import' })


       at import-helpers.ts:7

       5 |   const dialog=page.getByRole('dialog',{name:'Import audio'});
       6 |   await expect(dialog).toBeVisible();
    >  7 |   await expect(dialog.getByRole('button',{name:'Apply import'})).toBeEnabled();
         |                                                                  ^
       8 |   await dialog.getByRole('button',{name:'Apply import'}).click();
       9 |   await expect(dialog).not.toBeVisible();
      10 | }
        at applyAudioImport (/home/runner/work/op-patchstudio/op-patchstudio/tests/e2e/import-helpers.ts:7:66)
        at /home/runner/work/op-patchstudio/op-patchstudio/tests/e2e/marker-actions-audit.spec.ts:8:85
2026-10-02T22:23:02.1619908Z   ✘  78 [firefox] › tests/e2e/marker-actions-audit.spec.ts:5:56 › multisample zero-crossing action changes markers atomically and Undo restores them (retry #2) (6.9s)
2026-10-02T22:23:10.1886502Z   ✘  79 [firefox] › tests/e2e/mobile-row-drop-audit.spec.ts:5:1 › dropping onto an occupied mobile multisample row requires review and Cancel preserves it (6.8s)
2026-10-02T22:23:18.6736438Z   ✘  80 [firefox] › tests/e2e/mobile-row-drop-audit.spec.ts:5:1 › dropping onto an occupied mobile multisample row requires review and Cancel preserves it (retry #1) (7.2s)
2026-10-02T22:23:26.7742371Z 
2026-10-02T22:23:26.7754664Z ##[error]  19) [firefox] › tests/e2e/mobile-row-drop-audit.spec.ts:5:1 › dropping onto an occupied mobile multisample row requires review and Cancel preserves it 
    Error: expect(locator).toBeEnabled() failed

    Locator: getByRole('dialog', { name: 'Import audio' }).getByRole('button', { name: 'Apply import' })
    Expected: enabled
    Timeout: 5000ms
    Error: element(s) not found

    Call log:
      - Expect "toBeEnabled" getByRole('dialog', { name: 'Import audio' }).getByRole('button', { name: 'Apply import' }) with timeout 5000ms
      - waiting for getByRole('dialog', { name: 'Import audio' }).getByRole('button', { name: 'Apply import' })


       at import-helpers.ts:7

       5 |   const dialog=page.getByRole('dialog',{name:'Import audio'});
       6 |   await expect(dialog).toBeVisible();
    >  7 |   await expect(dialog.getByRole('button',{name:'Apply import'})).toBeEnabled();
         |                                                                  ^
       8 |   await dialog.getByRole('button',{name:'Apply import'}).click();
       9 |   await expect(dialog).not.toBeVisible();
      10 | }
        at applyAudioImport (/home/runner/work/op-patchstudio/op-patchstudio/tests/e2e/import-helpers.ts:7:66)
        at /home/runner/work/op-patchstudio/op-patchstudio/tests/e2e/mobile-row-drop-audit.spec.ts:6:193
2026-10-02T22:23:26.7770729Z ##[error]  19) [firefox] › tests/e2e/mobile-row-drop-audit.spec.ts:5:1 › dropping onto an occupied mobile multisample row requires review and Cancel preserves it 

    Retry #1 ───────────────────────────────────────────────────────────────────────────────────────
    Error: expect(locator).toBeEnabled() failed

    Locator: getByRole('dialog', { name: 'Import audio' }).getByRole('button', { name: 'Apply import' })
    Expected: enabled
    Timeout: 5000ms
    Error: element(s) not found

    Call log:
      - Expect "toBeEnabled" getByRole('dialog', { name: 'Import audio' }).getByRole('button', { name: 'Apply import' }) with timeout 5000ms
      - waiting for getByRole('dialog', { name: 'Import audio' }).getByRole('button', { name: 'Apply import' })


       at import-helpers.ts:7

       5 |   const dialog=page.getByRole('dialog',{name:'Import audio'});
       6 |   await expect(dialog).toBeVisible();
    >  7 |   await expect(dialog.getByRole('button',{name:'Apply import'})).toBeEnabled();
         |                                                                  ^
       8 |   await dialog.getByRole('button',{name:'Apply import'}).click();
       9 |   await expect(dialog).not.toBeVisible();
      10 | }
        at applyAudioImport (/home/runner/work/op-patchstudio/op-patchstudio/tests/e2e/import-helpers.ts:7:66)
        at /home/runner/work/op-patchstudio/op-patchstudio/tests/e2e/mobile-row-drop-audit.spec.ts:6:193
2026-10-02T22:23:26.7792004Z ##[error]  19) [firefox] › tests/e2e/mobile-row-drop-audit.spec.ts:5:1 › dropping onto an occupied mobile multisample row requires review and Cancel preserves it 

    Retry #2 ───────────────────────────────────────────────────────────────────────────────────────
    Error: expect(locator).toBeEnabled() failed

    Locator: getByRole('dialog', { name: 'Import audio' }).getByRole('button', { name: 'Apply import' })
    Expected: enabled
    Timeout: 5000ms
    Error: element(s) not found

    Call log:
      - Expect "toBeEnabled" getByRole('dialog', { name: 'Import audio' }).getByRole('button', { name: 'Apply import' }) with timeout 5000ms
      - waiting for getByRole('dialog', { name: 'Import audio' }).getByRole('button', { name: 'Apply import' })


       at import-helpers.ts:7

       5 |   const dialog=page.getByRole('dialog',{name:'Import audio'});
       6 |   await expect(dialog).toBeVisible();
    >  7 |   await expect(dialog.getByRole('button',{name:'Apply import'})).toBeEnabled();
         |                                                                  ^
       8 |   await dialog.getByRole('button',{name:'Apply import'}).click();
       9 |   await expect(dialog).not.toBeVisible();
      10 | }
        at applyAudioImport (/home/runner/work/op-patchstudio/op-patchstudio/tests/e2e/import-helpers.ts:7:66)
        at /home/runner/work/op-patchstudio/op-patchstudio/tests/e2e/mobile-row-drop-audit.spec.ts:6:193
2026-10-02T22:23:26.7801544Z   ✘  81 [firefox] › tests/e2e/mobile-row-drop-audit.spec.ts:5:1 › dropping onto an occupied mobile multisample row requires review and Cancel preserves it (retry #2) (6.9s)
2026-10-02T22:23:30.7644257Z   ✓  82 [firefox] › tests/e2e/modal-cancellation-audit.spec.ts:4:1 › Escape discards demo and library dialog drafts without changing saved content (3.1s)
2026-10-02T22:23:33.0386608Z   ✓  83 [firefox] › tests/e2e/modal-cancellation-audit.spec.ts:11:1 › recording connection checklist and official track links are reachable without hardware (2.3s)
2026-10-02T22:23:35.9916665Z   ✓  84 [firefox] › tests/e2e/modal-cancellation-audit.spec.ts:16:1 › instrument and library help tooltips reveal explanations and dismiss on pointer exit (2.9s)
2026-10-02T22:23:42.4350320Z   ✘  85 [firefox] › tests/e2e/multisample-table-audit.spec.ts:7:31 › multisample table 1440px root editing replace clear and Undo (6.1s)
2026-10-02T22:23:50.9863494Z   ✘  86 [firefox] › tests/e2e/multisample-table-audit.spec.ts:7:31 › multisample table 1440px root editing replace clear and Undo (retry #1) (7.2s)
2026-10-02T22:23:59.0960533Z 
2026-10-02T22:23:59.0975404Z ##[error]  20) [firefox] › tests/e2e/multisample-table-audit.spec.ts:7:31 › multisample table 1440px root editing replace clear and Undo 
    Error: expect(locator).toBeEnabled() failed

    Locator: getByRole('dialog', { name: 'Import audio' }).getByRole('button', { name: 'Apply import' })
    Expected: enabled
    Timeout: 5000ms
    Error: element(s) not found

    Call log:
      - Expect "toBeEnabled" getByRole('dialog', { name: 'Import audio' }).getByRole('button', { name: 'Apply import' }) with timeout 5000ms
      - waiting for getByRole('dialog', { name: 'Import audio' }).getByRole('button', { name: 'Apply import' })


       at import-helpers.ts:7

       5 |   const dialog=page.getByRole('dialog',{name:'Import audio'});
       6 |   await expect(dialog).toBeVisible();
    >  7 |   await expect(dialog.getByRole('button',{name:'Apply import'})).toBeEnabled();
         |                                                                  ^
       8 |   await dialog.getByRole('button',{name:'Apply import'}).click();
       9 |   await expect(dialog).not.toBeVisible();
      10 | }
        at applyAudioImport (/home/runner/work/op-patchstudio/op-patchstudio/tests/e2e/import-helpers.ts:7:66)
        at /home/runner/work/op-patchstudio/op-patchstudio/tests/e2e/multisample-table-audit.spec.ts:9:80
2026-10-02T22:23:59.0991952Z ##[error]  20) [firefox] › tests/e2e/multisample-table-audit.spec.ts:7:31 › multisample table 1440px root editing replace clear and Undo 

    Retry #1 ───────────────────────────────────────────────────────────────────────────────────────
    Error: expect(locator).toBeEnabled() failed

    Locator: getByRole('dialog', { name: 'Import audio' }).getByRole('button', { name: 'Apply import' })
    Expected: enabled
    Timeout: 5000ms
    Error: element(s) not found

    Call log:
      - Expect "toBeEnabled" getByRole('dialog', { name: 'Import audio' }).getByRole('button', { name: 'Apply import' }) with timeout 5000ms
      - waiting for getByRole('dialog', { name: 'Import audio' }).getByRole('button', { name: 'Apply import' })


       at import-helpers.ts:7

       5 |   const dialog=page.getByRole('dialog',{name:'Import audio'});
       6 |   await expect(dialog).toBeVisible();
    >  7 |   await expect(dialog.getByRole('button',{name:'Apply import'})).toBeEnabled();
         |                                                                  ^
       8 |   await dialog.getByRole('button',{name:'Apply import'}).click();
       9 |   await expect(dialog).not.toBeVisible();
      10 | }
        at applyAudioImport (/home/runner/work/op-patchstudio/op-patchstudio/tests/e2e/import-helpers.ts:7:66)
        at /home/runner/work/op-patchstudio/op-patchstudio/tests/e2e/multisample-table-audit.spec.ts:9:80
2026-10-02T22:23:59.1013332Z ##[error]  20) [firefox] › tests/e2e/multisample-table-audit.spec.ts:7:31 › multisample table 1440px root editing replace clear and Undo 

    Retry #2 ───────────────────────────────────────────────────────────────────────────────────────
    Error: expect(locator).toBeEnabled() failed

    Locator: getByRole('dialog', { name: 'Import audio' }).getByRole('button', { name: 'Apply import' })
    Expected: enabled
    Timeout: 5000ms
    Error: element(s) not found

    Call log:
      - Expect "toBeEnabled" getByRole('dialog', { name: 'Import audio' }).getByRole('button', { name: 'Apply import' }) with timeout 5000ms
      - waiting for getByRole('dialog', { name: 'Import audio' }).getByRole('button', { name: 'Apply import' })


       at import-helpers.ts:7

       5 |   const dialog=page.getByRole('dialog',{name:'Import audio'});
       6 |   await expect(dialog).toBeVisible();
    >  7 |   await expect(dialog.getByRole('button',{name:'Apply import'})).toBeEnabled();
         |                                                                  ^
       8 |   await dialog.getByRole('button',{name:'Apply import'}).click();
       9 |   await expect(dialog).not.toBeVisible();
      10 | }
        at applyAudioImport (/home/runner/work/op-patchstudio/op-patchstudio/tests/e2e/import-helpers.ts:7:66)
        at /home/runner/work/op-patchstudio/op-patchstudio/tests/e2e/multisample-table-audit.spec.ts:9:80
2026-10-02T22:23:59.1020518Z   ✘  87 [firefox] › tests/e2e/multisample-table-audit.spec.ts:7:31 › multisample table 1440px root editing replace clear and Undo (retry #2) (6.9s)
2026-10-02T22:24:07.2694642Z   ✘  88 [firefox] › tests/e2e/multisample-table-audit.spec.ts:7:31 › multisample table 390px root editing replace clear and Undo (7.0s)
2026-10-02T22:24:15.8117599Z   ✘  89 [firefox] › tests/e2e/multisample-table-audit.spec.ts:7:31 › multisample table 390px root editing replace clear and Undo (retry #1) (7.3s)
2026-10-02T22:24:23.8634359Z 
2026-10-02T22:24:23.8650411Z ##[error]  21) [firefox] › tests/e2e/multisample-table-audit.spec.ts:7:31 › multisample table 390px root editing replace clear and Undo 
    Error: expect(locator).toBeEnabled() failed

    Locator: getByRole('dialog', { name: 'Import audio' }).getByRole('button', { name: 'Apply import' })
    Expected: enabled
    Timeout: 5000ms
    Error: element(s) not found

    Call log:
      - Expect "toBeEnabled" getByRole('dialog', { name: 'Import audio' }).getByRole('button', { name: 'Apply import' }) with timeout 5000ms
      - waiting for getByRole('dialog', { name: 'Import audio' }).getByRole('button', { name: 'Apply import' })


       at import-helpers.ts:7

       5 |   const dialog=page.getByRole('dialog',{name:'Import audio'});
       6 |   await expect(dialog).toBeVisible();
    >  7 |   await expect(dialog.getByRole('button',{name:'Apply import'})).toBeEnabled();
         |                                                                  ^
       8 |   await dialog.getByRole('button',{name:'Apply import'}).click();
       9 |   await expect(dialog).not.toBeVisible();
      10 | }
        at applyAudioImport (/home/runner/work/op-patchstudio/op-patchstudio/tests/e2e/import-helpers.ts:7:66)
        at /home/runner/work/op-patchstudio/op-patchstudio/tests/e2e/multisample-table-audit.spec.ts:9:80
2026-10-02T22:24:23.8675811Z ##[error]  21) [firefox] › tests/e2e/multisample-table-audit.spec.ts:7:31 › multisample table 390px root editing replace clear and Undo 

    Retry #1 ───────────────────────────────────────────────────────────────────────────────────────
    Error: expect(locator).toBeEnabled() failed

    Locator: getByRole('dialog', { name: 'Import audio' }).getByRole('button', { name: 'Apply import' })
    Expected: enabled
    Timeout: 5000ms
    Error: element(s) not found

    Call log:
      - Expect "toBeEnabled" getByRole('dialog', { name: 'Import audio' }).getByRole('button', { name: 'Apply import' }) with timeout 5000ms
      - waiting for getByRole('dialog', { name: 'Import audio' }).getByRole('button', { name: 'Apply import' })


       at import-helpers.ts:7

       5 |   const dialog=page.getByRole('dialog',{name:'Import audio'});
       6 |   await expect(dialog).toBeVisible();
    >  7 |   await expect(dialog.getByRole('button',{name:'Apply import'})).toBeEnabled();
         |                                                                  ^
       8 |   await dialog.getByRole('button',{name:'Apply import'}).click();
       9 |   await expect(dialog).not.toBeVisible();
      10 | }
        at applyAudioImport (/home/runner/work/op-patchstudio/op-patchstudio/tests/e2e/import-helpers.ts:7:66)
        at /home/runner/work/op-patchstudio/op-patchstudio/tests/e2e/multisample-table-audit.spec.ts:9:80
2026-10-02T22:24:23.8700175Z ##[error]  21) [firefox] › tests/e2e/multisample-table-audit.spec.ts:7:31 › multisample table 390px root editing replace clear and Undo 

    Retry #2 ───────────────────────────────────────────────────────────────────────────────────────
    Error: expect(locator).toBeEnabled() failed

    Locator: getByRole('dialog', { name: 'Import audio' }).getByRole('button', { name: 'Apply import' })
    Expected: enabled
    Timeout: 5000ms
    Error: element(s) not found

    Call log:
      - Expect "toBeEnabled" getByRole('dialog', { name: 'Import audio' }).getByRole('button', { name: 'Apply import' }) with timeout 5000ms
      - waiting for getByRole('dialog', { name: 'Import audio' }).getByRole('button', { name: 'Apply import' })


       at import-helpers.ts:7

       5 |   const dialog=page.getByRole('dialog',{name:'Import audio'});
       6 |   await expect(dialog).toBeVisible();
    >  7 |   await expect(dialog.getByRole('button',{name:'Apply import'})).toBeEnabled();
         |                                                                  ^
       8 |   await dialog.getByRole('button',{name:'Apply import'}).click();
       9 |   await expect(dialog).not.toBeVisible();
      10 | }
        at applyAudioImport (/home/runner/work/op-patchstudio/op-patchstudio/tests/e2e/import-helpers.ts:7:66)
        at /home/runner/work/op-patchstudio/op-patchstudio/tests/e2e/multisample-table-audit.spec.ts:9:80
2026-10-02T22:24:23.8709469Z   ✘  90 [firefox] › tests/e2e/multisample-table-audit.spec.ts:7:31 › multisample table 390px root editing replace clear and Undo (retry #2) (6.9s)
2026-10-02T22:24:31.9002029Z   ✘  91 [firefox] › tests/e2e/multisample-table-audit.spec.ts:32:131 › multisample table 1440px supports keyboard audition (6.8s)
2026-10-02T22:24:40.4650599Z   ✘  92 [firefox] › tests/e2e/multisample-table-audit.spec.ts:32:131 › multisample table 1440px supports keyboard audition (retry #1) (7.2s)
2026-10-02T22:24:48.5274200Z 
2026-10-02T22:24:48.5288641Z ##[error]  22) [firefox] › tests/e2e/multisample-table-audit.spec.ts:32:131 › multisample table 1440px supports keyboard audition 
    Error: expect(locator).toBeEnabled() failed

    Locator: getByRole('dialog', { name: 'Import audio' }).getByRole('button', { name: 'Apply import' })
    Expected: enabled
    Timeout: 5000ms
    Error: element(s) not found

    Call log:
      - Expect "toBeEnabled" getByRole('dialog', { name: 'Import audio' }).getByRole('button', { name: 'Apply import' }) with timeout 5000ms
      - waiting for getByRole('dialog', { name: 'Import audio' }).getByRole('button', { name: 'Apply import' })


       at import-helpers.ts:7

       5 |   const dialog=page.getByRole('dialog',{name:'Import audio'});
       6 |   await expect(dialog).toBeVisible();
    >  7 |   await expect(dialog.getByRole('button',{name:'Apply import'})).toBeEnabled();
         |                                                                  ^
       8 |   await dialog.getByRole('button',{name:'Apply import'}).click();
       9 |   await expect(dialog).not.toBeVisible();
      10 | }
        at applyAudioImport (/home/runner/work/op-patchstudio/op-patchstudio/tests/e2e/import-helpers.ts:7:66)
        at /home/runner/work/op-patchstudio/op-patchstudio/tests/e2e/multisample-table-audit.spec.ts:40:80
2026-10-02T22:24:48.5309455Z ##[error]  22) [firefox] › tests/e2e/multisample-table-audit.spec.ts:32:131 › multisample table 1440px supports keyboard audition 

    Retry #1 ───────────────────────────────────────────────────────────────────────────────────────
    Error: expect(locator).toBeEnabled() failed

    Locator: getByRole('dialog', { name: 'Import audio' }).getByRole('button', { name: 'Apply import' })
    Expected: enabled
    Timeout: 5000ms
    Error: element(s) not found

    Call log:
      - Expect "toBeEnabled" getByRole('dialog', { name: 'Import audio' }).getByRole('button', { name: 'Apply import' }) with timeout 5000ms
      - waiting for getByRole('dialog', { name: 'Import audio' }).getByRole('button', { name: 'Apply import' })


       at import-helpers.ts:7

       5 |   const dialog=page.getByRole('dialog',{name:'Import audio'});
       6 |   await expect(dialog).toBeVisible();
    >  7 |   await expect(dialog.getByRole('button',{name:'Apply import'})).toBeEnabled();
         |                                                                  ^
       8 |   await dialog.getByRole('button',{name:'Apply import'}).click();
       9 |   await expect(dialog).not.toBeVisible();
      10 | }
        at applyAudioImport (/home/runner/work/op-patchstudio/op-patchstudio/tests/e2e/import-helpers.ts:7:66)
        at /home/runner/work/op-patchstudio/op-patchstudio/tests/e2e/multisample-table-audit.spec.ts:40:80
2026-10-02T22:24:48.5333742Z ##[error]  22) [firefox] › tests/e2e/multisample-table-audit.spec.ts:32:131 › multisample table 1440px supports keyboard audition 

    Retry #2 ───────────────────────────────────────────────────────────────────────────────────────
    Error: expect(locator).toBeEnabled() failed

    Locator: getByRole('dialog', { name: 'Import audio' }).getByRole('button', { name: 'Apply import' })
    Expected: enabled
    Timeout: 5000ms
    Error: element(s) not found

    Call log:
      - Expect "toBeEnabled" getByRole('dialog', { name: 'Import audio' }).getByRole('button', { name: 'Apply import' }) with timeout 5000ms
      - waiting for getByRole('dialog', { name: 'Import audio' }).getByRole('button', { name: 'Apply import' })


       at import-helpers.ts:7

       5 |   const dialog=page.getByRole('dialog',{name:'Import audio'});
       6 |   await expect(dialog).toBeVisible();
    >  7 |   await expect(dialog.getByRole('button',{name:'Apply import'})).toBeEnabled();
         |                                                                  ^
       8 |   await dialog.getByRole('button',{name:'Apply import'}).click();
       9 |   await expect(dialog).not.toBeVisible();
      10 | }
        at applyAudioImport (/home/runner/work/op-patchstudio/op-patchstudio/tests/e2e/import-helpers.ts:7:66)
        at /home/runner/work/op-patchstudio/op-patchstudio/tests/e2e/multisample-table-audit.spec.ts:40:80
2026-10-02T22:24:48.5342800Z   ✘  93 [firefox] › tests/e2e/multisample-table-audit.spec.ts:32:131 › multisample table 1440px supports keyboard audition (retry #2) (6.9s)
2026-10-02T22:24:56.6329091Z   ✘  94 [firefox] › tests/e2e/multisample-table-audit.spec.ts:32:131 › multisample table 390px supports keyboard audition (6.9s)
2026-10-02T22:25:05.1887494Z   ✘  95 [firefox] › tests/e2e/multisample-table-audit.spec.ts:32:131 › multisample table 390px supports keyboard audition (retry #1) (7.2s)
2026-10-02T22:25:13.2506762Z 
2026-10-02T22:25:13.2530925Z ##[error]  23) [firefox] › tests/e2e/multisample-table-audit.spec.ts:32:131 › multisample table 390px supports keyboard audition 
    Error: expect(locator).toBeEnabled() failed

    Locator: getByRole('dialog', { name: 'Import audio' }).getByRole('button', { name: 'Apply import' })
    Expected: enabled
    Timeout: 5000ms
    Error: element(s) not found

    Call log:
      - Expect "toBeEnabled" getByRole('dialog', { name: 'Import audio' }).getByRole('button', { name: 'Apply import' }) with timeout 5000ms
      - waiting for getByRole('dialog', { name: 'Import audio' }).getByRole('button', { name: 'Apply import' })


       at import-helpers.ts:7

       5 |   const dialog=page.getByRole('dialog',{name:'Import audio'});
       6 |   await expect(dialog).toBeVisible();
    >  7 |   await expect(dialog.getByRole('button',{name:'Apply import'})).toBeEnabled();
         |                                                                  ^
       8 |   await dialog.getByRole('button',{name:'Apply import'}).click();
       9 |   await expect(dialog).not.toBeVisible();
      10 | }
        at applyAudioImport (/home/runner/work/op-patchstudio/op-patchstudio/tests/e2e/import-helpers.ts:7:66)
        at /home/runner/work/op-patchstudio/op-patchstudio/tests/e2e/multisample-table-audit.spec.ts:40:80
2026-10-02T22:25:13.2548065Z ##[error]  23) [firefox] › tests/e2e/multisample-table-audit.spec.ts:32:131 › multisample table 390px supports keyboard audition 

    Retry #1 ───────────────────────────────────────────────────────────────────────────────────────
    Error: expect(locator).toBeEnabled() failed

    Locator: getByRole('dialog', { name: 'Import audio' }).getByRole('button', { name: 'Apply import' })
    Expected: enabled
    Timeout: 5000ms
    Error: element(s) not found

    Call log:
      - Expect "toBeEnabled" getByRole('dialog', { name: 'Import audio' }).getByRole('button', { name: 'Apply import' }) with timeout 5000ms
      - waiting for getByRole('dialog', { name: 'Import audio' }).getByRole('button', { name: 'Apply import' })


       at import-helpers.ts:7

       5 |   const dialog=page.getByRole('dialog',{name:'Import audio'});
       6 |   await expect(dialog).toBeVisible();
    >  7 |   await expect(dialog.getByRole('button',{name:'Apply import'})).toBeEnabled();
         |                                                                  ^
       8 |   await dialog.getByRole('button',{name:'Apply import'}).click();
       9 |   await expect(dialog).not.toBeVisible();
      10 | }
        at applyAudioImport (/home/runner/work/op-patchstudio/op-patchstudio/tests/e2e/import-helpers.ts:7:66)
        at /home/runner/work/op-patchstudio/op-patchstudio/tests/e2e/multisample-table-audit.spec.ts:40:80
2026-10-02T22:25:13.2570255Z ##[error]  23) [firefox] › tests/e2e/multisample-table-audit.spec.ts:32:131 › multisample table 390px supports keyboard audition 

    Retry #2 ───────────────────────────────────────────────────────────────────────────────────────
    Error: expect(locator).toBeEnabled() failed

    Locator: getByRole('dialog', { name: 'Import audio' }).getByRole('button', { name: 'Apply import' })
    Expected: enabled
    Timeout: 5000ms
    Error: element(s) not found

    Call log:
      - Expect "toBeEnabled" getByRole('dialog', { name: 'Import audio' }).getByRole('button', { name: 'Apply import' }) with timeout 5000ms
      - waiting for getByRole('dialog', { name: 'Import audio' }).getByRole('button', { name: 'Apply import' })


       at import-helpers.ts:7

       5 |   const dialog=page.getByRole('dialog',{name:'Import audio'});
       6 |   await expect(dialog).toBeVisible();
    >  7 |   await expect(dialog.getByRole('button',{name:'Apply import'})).toBeEnabled();
         |                                                                  ^
       8 |   await dialog.getByRole('button',{name:'Apply import'}).click();
       9 |   await expect(dialog).not.toBeVisible();
      10 | }
        at applyAudioImport (/home/runner/work/op-patchstudio/op-patchstudio/tests/e2e/import-helpers.ts:7:66)
        at /home/runner/work/op-patchstudio/op-patchstudio/tests/e2e/multisample-table-audit.spec.ts:40:80
2026-10-02T22:25:13.2579502Z   ✘  96 [firefox] › tests/e2e/multisample-table-audit.spec.ts:32:131 › multisample table 390px supports keyboard audition (retry #2) (6.9s)
2026-10-02T22:25:14.8576558Z   -  97 [firefox] › tests/e2e/multisample-table-audit.spec.ts:32:131 › multisample table 1440px supports keyboard audition while the audio clock advances
2026-10-02T22:25:17.0574778Z   ✓  98 [firefox] › tests/e2e/settings-control-audit.spec.ts:7:3 › drum: every persisted preset select option is editable and undoable (2.2s)
2026-10-02T22:25:19.1040259Z   ✓  99 [firefox] › tests/e2e/settings-control-audit.spec.ts:32:3 › drum: every visible preset slider supports keyboard change and undo (2.0s)
2026-10-02T22:25:24.8715713Z   ✓  100 [firefox] › tests/e2e/settings-control-audit.spec.ts:7:3 › multisample: every persisted preset select option is editable and undoable (5.8s)
2026-10-02T22:25:29.0940344Z   ✓  101 [firefox] › tests/e2e/settings-control-audit.spec.ts:32:3 › multisample: every visible preset slider supports keyboard change and undo (4.2s)
2026-10-02T22:25:31.0275335Z   ✓  102 [firefox] › tests/e2e/settings-control-audit.spec.ts:55:1 › Project menu Open library synchronizes the route and survives reload (1.9s)
2026-10-02T22:25:31.9860508Z   ✓  103 [firefox] › tests/e2e/settings-control-audit.spec.ts:64:1 › repeated Back while recording does not grow browser history (943ms)
2026-10-02T22:25:32.9507375Z   ✓  104 [firefox] › tests/e2e/shell-utility-audit.spec.ts:4:1 › theme picker persists explicit choices and follows system changes (943ms)
2026-10-02T22:25:35.4562222Z   ✓  105 [firefox] › tests/e2e/shell-utility-audit.spec.ts:13:1 › start new discards the offered session while retaining library presets (2.5s)
2026-10-02T22:25:40.1170722Z   ✓  106 [firefox] › tests/e2e/slicing.spec.ts:76:1 › direct slice replacement and existing-pad unassignment preserve originals, cancel, and atomic Undo/Redo (4.6s)
2026-10-02T22:25:46.6712299Z   ✘  107 [firefox] › tests/e2e/slicing.spec.ts:124:1 › slice source, live clock mark, apply, export, undo, and portable provenance round trip (6.2s)
2026-10-02T22:25:55.4898816Z   ✘  108 [firefox] › tests/e2e/slicing.spec.ts:124:1 › slice source, live clock mark, apply, export, undo, and portable provenance round trip (retry #1) (7.4s)
2026-10-02T22:26:03.6621026Z 
2026-10-02T22:26:03.6633647Z ##[error]  24) [firefox] › tests/e2e/slicing.spec.ts:124:1 › slice source, live clock mark, apply, export, undo, and portable provenance round trip 
    Error: expect(locator).toBeVisible() failed

    Locator: getByRole('dialog', { name: 'slice audio' }).getByText('Sound 1 of 3', { exact: true })
    Expected: visible
    Timeout: 5000ms
    Error: element(s) not found

    Call log:
      - Expect "toBeVisible" getByRole('dialog', { name: 'slice audio' }).getByText('Sound 1 of 3', { exact: true }) with timeout 5000ms
      - waiting for getByRole('dialog', { name: 'slice audio' }).getByText('Sound 1 of 3', { exact: true })


      24 |   const dialog=page.getByRole('dialog',{name:'slice audio'});
      25 |   await expect(dialog).toBeVisible();
    > 26 |   await expect(dialog.getByText('Sound 1 of 3',{exact:true})).toBeVisible();
         |                                                               ^
      27 |   return dialog;
      28 | }
      29 |
        at openExternalSlicer (/home/runner/work/op-patchstudio/op-patchstudio/tests/e2e/slicing.spec.ts:26:63)
        at /home/runner/work/op-patchstudio/op-patchstudio/tests/e2e/slicing.spec.ts:131:14
2026-10-02T22:26:03.6647696Z ##[error]  24) [firefox] › tests/e2e/slicing.spec.ts:124:1 › slice source, live clock mark, apply, export, undo, and portable provenance round trip 

    Retry #1 ───────────────────────────────────────────────────────────────────────────────────────
    Error: expect(locator).toBeVisible() failed

    Locator: getByRole('dialog', { name: 'slice audio' }).getByText('Sound 1 of 3', { exact: true })
    Expected: visible
    Timeout: 5000ms
    Error: element(s) not found

    Call log:
      - Expect "toBeVisible" getByRole('dialog', { name: 'slice audio' }).getByText('Sound 1 of 3', { exact: true }) with timeout 5000ms
      - waiting for getByRole('dialog', { name: 'slice audio' }).getByText('Sound 1 of 3', { exact: true })


      24 |   const dialog=page.getByRole('dialog',{name:'slice audio'});
      25 |   await expect(dialog).toBeVisible();
    > 26 |   await expect(dialog.getByText('Sound 1 of 3',{exact:true})).toBeVisible();
         |                                                               ^
      27 |   return dialog;
      28 | }
      29 |
        at openExternalSlicer (/home/runner/work/op-patchstudio/op-patchstudio/tests/e2e/slicing.spec.ts:26:63)
        at /home/runner/work/op-patchstudio/op-patchstudio/tests/e2e/slicing.spec.ts:131:14
2026-10-02T22:26:03.6662581Z ##[error]  24) [firefox] › tests/e2e/slicing.spec.ts:124:1 › slice source, live clock mark, apply, export, undo, and portable provenance round trip 

    Retry #2 ───────────────────────────────────────────────────────────────────────────────────────
    Error: expect(locator).toBeVisible() failed

    Locator: getByRole('dialog', { name: 'slice audio' }).getByText('Sound 1 of 3', { exact: true })
    Expected: visible
    Timeout: 5000ms
    Error: element(s) not found

    Call log:
      - Expect "toBeVisible" getByRole('dialog', { name: 'slice audio' }).getByText('Sound 1 of 3', { exact: true }) with timeout 5000ms
      - waiting for getByRole('dialog', { name: 'slice audio' }).getByText('Sound 1 of 3', { exact: true })


      24 |   const dialog=page.getByRole('dialog',{name:'slice audio'});
      25 |   await expect(dialog).toBeVisible();
    > 26 |   await expect(dialog.getByText('Sound 1 of 3',{exact:true})).toBeVisible();
         |                                                               ^
      27 |   return dialog;
      28 | }
      29 |
        at openExternalSlicer (/home/runner/work/op-patchstudio/op-patchstudio/tests/e2e/slicing.spec.ts:26:63)
        at /home/runner/work/op-patchstudio/op-patchstudio/tests/e2e/slicing.spec.ts:131:14
2026-10-02T22:26:03.6668019Z   ✘  109 [firefox] › tests/e2e/slicing.spec.ts:124:1 › slice source, live clock mark, apply, export, undo, and portable provenance round trip (retry #2) (6.9s)
2026-10-02T22:26:11.7584138Z   ✘  110 [firefox] › tests/e2e/slicing.spec.ts:256:1 › edited slicing session survives browser Back until explicitly discarded (6.9s)
2026-10-02T22:26:20.3780026Z   ✘  111 [firefox] › tests/e2e/slicing.spec.ts:256:1 › edited slicing session survives browser Back until explicitly discarded (retry #1) (7.2s)
2026-10-02T22:26:28.4665271Z 
2026-10-02T22:26:28.4677054Z ##[error]  25) [firefox] › tests/e2e/slicing.spec.ts:256:1 › edited slicing session survives browser Back until explicitly discarded 
    Error: expect(locator).toBeVisible() failed

    Locator: getByRole('dialog', { name: 'slice audio' }).getByText('Sound 1 of 3', { exact: true })
    Expected: visible
    Timeout: 5000ms
    Error: element(s) not found

    Call log:
      - Expect "toBeVisible" getByRole('dialog', { name: 'slice audio' }).getByText('Sound 1 of 3', { exact: true }) with timeout 5000ms
      - waiting for getByRole('dialog', { name: 'slice audio' }).getByText('Sound 1 of 3', { exact: true })


      24 |   const dialog=page.getByRole('dialog',{name:'slice audio'});
      25 |   await expect(dialog).toBeVisible();
    > 26 |   await expect(dialog.getByText('Sound 1 of 3',{exact:true})).toBeVisible();
         |                                                               ^
      27 |   return dialog;
      28 | }
      29 |
        at openExternalSlicer (/home/runner/work/op-patchstudio/op-patchstudio/tests/e2e/slicing.spec.ts:26:63)
        at /home/runner/work/op-patchstudio/op-patchstudio/tests/e2e/slicing.spec.ts:258:16
2026-10-02T22:26:28.4695487Z ##[error]  25) [firefox] › tests/e2e/slicing.spec.ts:256:1 › edited slicing session survives browser Back until explicitly discarded 

    Retry #1 ───────────────────────────────────────────────────────────────────────────────────────
    Error: expect(locator).toBeVisible() failed

    Locator: getByRole('dialog', { name: 'slice audio' }).getByText('Sound 1 of 3', { exact: true })
    Expected: visible
    Timeout: 5000ms
    Error: element(s) not found

    Call log:
      - Expect "toBeVisible" getByRole('dialog', { name: 'slice audio' }).getByText('Sound 1 of 3', { exact: true }) with timeout 5000ms
      - waiting for getByRole('dialog', { name: 'slice audio' }).getByText('Sound 1 of 3', { exact: true })


      24 |   const dialog=page.getByRole('dialog',{name:'slice audio'});
      25 |   await expect(dialog).toBeVisible();
    > 26 |   await expect(dialog.getByText('Sound 1 of 3',{exact:true})).toBeVisible();
         |                                                               ^
      27 |   return dialog;
      28 | }
      29 |
        at openExternalSlicer (/home/runner/work/op-patchstudio/op-patchstudio/tests/e2e/slicing.spec.ts:26:63)
        at /home/runner/work/op-patchstudio/op-patchstudio/tests/e2e/slicing.spec.ts:258:16
2026-10-02T22:26:28.4717082Z ##[error]  25) [firefox] › tests/e2e/slicing.spec.ts:256:1 › edited slicing session survives browser Back until explicitly discarded 

    Retry #2 ───────────────────────────────────────────────────────────────────────────────────────
    Error: expect(locator).toBeVisible() failed

    Locator: getByRole('dialog', { name: 'slice audio' }).getByText('Sound 1 of 3', { exact: true })
    Expected: visible
    Timeout: 5000ms
    Error: element(s) not found

    Call log:
      - Expect "toBeVisible" getByRole('dialog', { name: 'slice audio' }).getByText('Sound 1 of 3', { exact: true }) with timeout 5000ms
      - waiting for getByRole('dialog', { name: 'slice audio' }).getByText('Sound 1 of 3', { exact: true })


      24 |   const dialog=page.getByRole('dialog',{name:'slice audio'});
      25 |   await expect(dialog).toBeVisible();
    > 26 |   await expect(dialog.getByText('Sound 1 of 3',{exact:true})).toBeVisible();
         |                                                               ^
      27 |   return dialog;
      28 | }
      29 |
        at openExternalSlicer (/home/runner/work/op-patchstudio/op-patchstudio/tests/e2e/slicing.spec.ts:26:63)
        at /home/runner/work/op-patchstudio/op-patchstudio/tests/e2e/slicing.spec.ts:258:16
2026-10-02T22:26:28.4725329Z   ✘  112 [firefox] › tests/e2e/slicing.spec.ts:256:1 › edited slicing session survives browser Back until explicitly discarded (retry #2) (6.9s)
2026-10-02T22:26:36.5504693Z   ✘  113 [firefox] › tests/e2e/slicing.spec.ts:273:3 › slicer groups, disclosure keyboard access and fixed footer at 1280x720 (6.9s)
2026-10-02T22:26:45.1179575Z   ✘  114 [firefox] › tests/e2e/slicing.spec.ts:273:3 › slicer groups, disclosure keyboard access and fixed footer at 1280x720 (retry #1) (7.2s)
2026-10-02T22:26:53.2505191Z 
2026-10-02T22:26:53.2521523Z ##[error]  26) [firefox] › tests/e2e/slicing.spec.ts:273:3 › slicer groups, disclosure keyboard access and fixed footer at 1280x720 
    Error: expect(locator).toBeVisible() failed

    Locator: getByRole('dialog', { name: 'slice audio' }).getByText('Sound 1 of 3', { exact: true })
    Expected: visible
    Timeout: 5000ms
    Error: element(s) not found

    Call log:
      - Expect "toBeVisible" getByRole('dialog', { name: 'slice audio' }).getByText('Sound 1 of 3', { exact: true }) with timeout 5000ms
      - waiting for getByRole('dialog', { name: 'slice audio' }).getByText('Sound 1 of 3', { exact: true })


      24 |   const dialog=page.getByRole('dialog',{name:'slice audio'});
      25 |   await expect(dialog).toBeVisible();
    > 26 |   await expect(dialog.getByText('Sound 1 of 3',{exact:true})).toBeVisible();
         |                                                               ^
      27 |   return dialog;
      28 | }
      29 |
        at openExternalSlicer (/home/runner/work/op-patchstudio/op-patchstudio/tests/e2e/slicing.spec.ts:26:63)
        at /home/runner/work/op-patchstudio/op-patchstudio/tests/e2e/slicing.spec.ts:274:88
2026-10-02T22:26:53.2535430Z ##[error]  26) [firefox] › tests/e2e/slicing.spec.ts:273:3 › slicer groups, disclosure keyboard access and fixed footer at 1280x720 

    Retry #1 ───────────────────────────────────────────────────────────────────────────────────────
    Error: expect(locator).toBeVisible() failed

    Locator: getByRole('dialog', { name: 'slice audio' }).getByText('Sound 1 of 3', { exact: true })
    Expected: visible
    Timeout: 5000ms
    Error: element(s) not found

    Call log:
      - Expect "toBeVisible" getByRole('dialog', { name: 'slice audio' }).getByText('Sound 1 of 3', { exact: true }) with timeout 5000ms
      - waiting for getByRole('dialog', { name: 'slice audio' }).getByText('Sound 1 of 3', { exact: true })


      24 |   const dialog=page.getByRole('dialog',{name:'slice audio'});
      25 |   await expect(dialog).toBeVisible();
    > 26 |   await expect(dialog.getByText('Sound 1 of 3',{exact:true})).toBeVisible();
         |                                                               ^
      27 |   return dialog;
      28 | }
      29 |
        at openExternalSlicer (/home/runner/work/op-patchstudio/op-patchstudio/tests/e2e/slicing.spec.ts:26:63)
        at /home/runner/work/op-patchstudio/op-patchstudio/tests/e2e/slicing.spec.ts:274:88
2026-10-02T22:26:53.2548038Z ##[error]  26) [firefox] › tests/e2e/slicing.spec.ts:273:3 › slicer groups, disclosure keyboard access and fixed footer at 1280x720 

    Retry #2 ───────────────────────────────────────────────────────────────────────────────────────
    Error: expect(locator).toBeVisible() failed

    Locator: getByRole('dialog', { name: 'slice audio' }).getByText('Sound 1 of 3', { exact: true })
    Expected: visible
    Timeout: 5000ms
    Error: element(s) not found

    Call log:
      - Expect "toBeVisible" getByRole('dialog', { name: 'slice audio' }).getByText('Sound 1 of 3', { exact: true }) with timeout 5000ms
      - waiting for getByRole('dialog', { name: 'slice audio' }).getByText('Sound 1 of 3', { exact: true })


      24 |   const dialog=page.getByRole('dialog',{name:'slice audio'});
      25 |   await expect(dialog).toBeVisible();
    > 26 |   await expect(dialog.getByText('Sound 1 of 3',{exact:true})).toBeVisible();
         |                                                               ^
      27 |   return dialog;
      28 | }
      29 |
        at openExternalSlicer (/home/runner/work/op-patchstudio/op-patchstudio/tests/e2e/slicing.spec.ts:26:63)
        at /home/runner/work/op-patchstudio/op-patchstudio/tests/e2e/slicing.spec.ts:274:88
2026-10-02T22:26:53.2552868Z   ✘  115 [firefox] › tests/e2e/slicing.spec.ts:273:3 › slicer groups, disclosure keyboard access and fixed footer at 1280x720 (retry #2) (6.9s)
2026-10-02T22:27:01.2908789Z   ✘  116 [firefox] › tests/e2e/slicing.spec.ts:273:3 › slicer groups, disclosure keyboard access and fixed footer at 390x640 (6.8s)
2026-10-02T22:27:10.0748062Z   ✘  117 [firefox] › tests/e2e/slicing.spec.ts:273:3 › slicer groups, disclosure keyboard access and fixed footer at 390x640 (retry #1) (7.4s)
2026-10-02T22:27:18.1652570Z 
2026-10-02T22:27:18.1663863Z ##[error]  27) [firefox] › tests/e2e/slicing.spec.ts:273:3 › slicer groups, disclosure keyboard access and fixed footer at 390x640 
    Error: expect(locator).toBeVisible() failed

    Locator: getByRole('dialog', { name: 'slice audio' }).getByText('Sound 1 of 3', { exact: true })
    Expected: visible
    Timeout: 5000ms
    Error: element(s) not found

    Call log:
      - Expect "toBeVisible" getByRole('dialog', { name: 'slice audio' }).getByText('Sound 1 of 3', { exact: true }) with timeout 5000ms
      - waiting for getByRole('dialog', { name: 'slice audio' }).getByText('Sound 1 of 3', { exact: true })


      24 |   const dialog=page.getByRole('dialog',{name:'slice audio'});
      25 |   await expect(dialog).toBeVisible();
    > 26 |   await expect(dialog.getByText('Sound 1 of 3',{exact:true})).toBeVisible();
         |                                                               ^
      27 |   return dialog;
      28 | }
      29 |
        at openExternalSlicer (/home/runner/work/op-patchstudio/op-patchstudio/tests/e2e/slicing.spec.ts:26:63)
        at /home/runner/work/op-patchstudio/op-patchstudio/tests/e2e/slicing.spec.ts:274:88
2026-10-02T22:27:18.1678112Z ##[error]  27) [firefox] › tests/e2e/slicing.spec.ts:273:3 › slicer groups, disclosure keyboard access and fixed footer at 390x640 

    Retry #1 ───────────────────────────────────────────────────────────────────────────────────────
    Error: expect(locator).toBeVisible() failed

    Locator: getByRole('dialog', { name: 'slice audio' }).getByText('Sound 1 of 3', { exact: true })
    Expected: visible
    Timeout: 5000ms
    Error: element(s) not found

    Call log:
      - Expect "toBeVisible" getByRole('dialog', { name: 'slice audio' }).getByText('Sound 1 of 3', { exact: true }) with timeout 5000ms
      - waiting for getByRole('dialog', { name: 'slice audio' }).getByText('Sound 1 of 3', { exact: true })


      24 |   const dialog=page.getByRole('dialog',{name:'slice audio'});
      25 |   await expect(dialog).toBeVisible();
    > 26 |   await expect(dialog.getByText('Sound 1 of 3',{exact:true})).toBeVisible();
         |                                                               ^
      27 |   return dialog;
      28 | }
      29 |
        at openExternalSlicer (/home/runner/work/op-patchstudio/op-patchstudio/tests/e2e/slicing.spec.ts:26:63)
        at /home/runner/work/op-patchstudio/op-patchstudio/tests/e2e/slicing.spec.ts:274:88
2026-10-02T22:27:18.1694384Z ##[error]  27) [firefox] › tests/e2e/slicing.spec.ts:273:3 › slicer groups, disclosure keyboard access and fixed footer at 390x640 

    Retry #2 ───────────────────────────────────────────────────────────────────────────────────────
    Error: expect(locator).toBeVisible() failed

    Locator: getByRole('dialog', { name: 'slice audio' }).getByText('Sound 1 of 3', { exact: true })
    Expected: visible
    Timeout: 5000ms
    Error: element(s) not found

    Call log:
      - Expect "toBeVisible" getByRole('dialog', { name: 'slice audio' }).getByText('Sound 1 of 3', { exact: true }) with timeout 5000ms
      - waiting for getByRole('dialog', { name: 'slice audio' }).getByText('Sound 1 of 3', { exact: true })


      24 |   const dialog=page.getByRole('dialog',{name:'slice audio'});
      25 |   await expect(dialog).toBeVisible();
    > 26 |   await expect(dialog.getByText('Sound 1 of 3',{exact:true})).toBeVisible();
         |                                                               ^
      27 |   return dialog;
      28 | }
      29 |
        at openExternalSlicer (/home/runner/work/op-patchstudio/op-patchstudio/tests/e2e/slicing.spec.ts:26:63)
        at /home/runner/work/op-patchstudio/op-patchstudio/tests/e2e/slicing.spec.ts:274:88
2026-10-02T22:27:18.1703060Z   ✘  118 [firefox] › tests/e2e/slicing.spec.ts:273:3 › slicer groups, disclosure keyboard access and fixed footer at 390x640 (retry #2) (6.8s)
2026-10-02T22:27:20.8189034Z   ✓  119 [firefox] › tests/e2e/studio-design-contract.spec.ts:54:3 › unified launch surface › desktop: one horizontal header, one launch row, gear strip, then secondary shortcuts (1.8s)
2026-10-02T22:27:22.2313612Z   ✓  120 [firefox] › tests/e2e/studio-design-contract.spec.ts:131:3 › unified launch surface › keyboard order follows the launch hierarchy and every target is operable (1.4s)
2026-10-02T22:27:24.7150971Z   ✓  121 [firefox] › tests/e2e/studio-design-contract.spec.ts:161:3 › unified launch surface › task calls to action open their tools directly; setup guidance stays optional (2.5s)
2026-10-02T22:27:26.1055515Z   ✓  122 [firefox] › tests/e2e/studio-design-contract.spec.ts:205:3 › unified launch surface › semantic colour: neutral actions, cyan loaded, orange selected, red destructive (1.4s)
2026-10-02T22:27:26.5937856Z   ✓  123 [firefox] › tests/e2e/studio-design-contract.spec.ts:237:3 › unified launch surface › build identity is exposed and matches the server that delivered it (467ms)
2026-10-02T22:27:27.1808168Z   ✓  124 [firefox] › tests/e2e/studio-design-contract.spec.ts:255:3 › narrow launch and drum workbench › medium launch uses two equal rows with aligned actions (571ms)
2026-10-02T22:27:28.0485061Z   ✓  125 [firefox] › tests/e2e/studio-design-contract.spec.ts:270:3 › narrow launch and drum workbench › narrow launch stacks modules without overflow and keeps 44px targets (854ms)
2026-10-02T22:27:29.3572075Z   ✓  126 [firefox] › tests/e2e/studio-design-contract.spec.ts:291:5 › narrow launch and drum workbench › desktop drum workbench at 1440px: compact header zone, stacked banks left, editor right, quiet EMPTY labels (1.3s)
2026-10-02T22:27:30.3556652Z   ✓  127 [firefox] › tests/e2e/studio-design-contract.spec.ts:291:5 › narrow launch and drum workbench › desktop drum workbench at 1024px: compact header zone, stacked banks left, editor right, quiet EMPTY labels (985ms)
2026-10-02T22:27:31.6868863Z   ✓  128 [firefox] › tests/e2e/studio-design-contract.spec.ts:338:5 › narrow launch and drum workbench › drum workbench collapses to one column without overflow at 900px (1.3s)
2026-10-02T22:27:32.6129706Z   ✓  129 [firefox] › tests/e2e/studio-design-contract.spec.ts:338:5 › narrow launch and drum workbench › drum workbench collapses to one column without overflow at 390px (910ms)
2026-10-02T22:27:34.8913793Z   ✓  130 [firefox] › tests/e2e/table-control-audit.spec.ts:5:3 › drum table 1440px settings Save Cancel and Undo preserve edits (2.3s)
2026-10-02T22:27:36.4421913Z   ✓  131 [firefox] › tests/e2e/table-control-audit.spec.ts:36:3 › drum table 1440px clear and undo restore a loaded pad (1.5s)
2026-10-02T22:27:38.6741142Z   ✓  132 [firefox] › tests/e2e/table-control-audit.spec.ts:5:3 › drum table 390px settings Save Cancel and Undo preserve edits (2.2s)
2026-10-02T22:27:40.2881913Z   ✓  133 [firefox] › tests/e2e/table-control-audit.spec.ts:36:3 › drum table 390px clear and undo restore a loaded pad (1.6s)
2026-10-02T22:27:41.9535122Z   ✓  134 [firefox] › tests/e2e/table-control-audit.spec.ts:50:1 › bulk editing all ten demo sounds is one undoable operation (1.7s)
2026-10-02T22:27:42.3555426Z ##[notice]  27 failed
    [firefox] › tests/e2e/drum-row-actions-audit.spec.ts:3:31 › drum 1440px row Play Record Slice and settings preview retain the instrument 
    [firefox] › tests/e2e/drum-row-actions-audit.spec.ts:3:31 › drum 390px row Play Record Slice and settings preview retain the instrument 
    [firefox] › tests/e2e/file-entry-audit.spec.ts:9:56 › drum Browse folder reviews files and Cancel keeps the empty instrument 
    [firefox] › tests/e2e/file-entry-audit.spec.ts:9:56 › multisample Browse folder reviews files and Cancel keeps the empty instrument 
    [firefox] › tests/e2e/file-entry-audit.spec.ts:19:1 › drum import rejects malformed OP-1 files, auditions unassigned audio, and opens setup help 
    [firefox] › tests/e2e/file-entry-audit.spec.ts:25:1 › mobile empty drum table browse loads the chosen pad 
    [firefox] › tests/e2e/file-entry-audit.spec.ts:29:1 › multisample import inclusion and root edits commit together and Undo 
    [firefox] › tests/e2e/file-entry-audit.spec.ts:35:1 › export preflight edits name and includes unassigned sound only when requested 
    [firefox] › tests/e2e/file-entry-audit.spec.ts:47:1 › multisample zone selection and note naming do not change roots 
    [firefox] › tests/e2e/file-entry-audit.spec.ts:52:31 › multisample empty table 1440px browse and waveform draft cancellation 
    [firefox] › tests/e2e/file-entry-audit.spec.ts:52:31 › multisample empty table 390px browse and waveform draft cancellation 
    [firefox] › tests/e2e/file-entry-audit.spec.ts:56:1 › organize row drops choose the intended empty pads 
    [firefox] › tests/e2e/file-entry-audit.spec.ts:66:1 › an empty multisample key selects the root for the nearby Add sounds chooser 
    [firefox] › tests/e2e/focus-entry-audit.spec.ts:5:56 › drum focus import record and clear entry points preserve reviewed audio 
    [firefox] › tests/e2e/focus-entry-audit.spec.ts:5:56 › multisample focus import record and clear entry points preserve reviewed audio 
    [firefox] › tests/e2e/instrument-utility-audit.spec.ts:7:56 › multisample clear reset defaults and pin controls preserve Undo and persistence 
    [firefox] › tests/e2e/marker-actions-audit.spec.ts:5:56 › drum zero-crossing action changes markers atomically and Undo restores them 
    [firefox] › tests/e2e/marker-actions-audit.spec.ts:5:56 › multisample zero-crossing action changes markers atomically and Undo restores them 
    [firefox] › tests/e2e/mobile-row-drop-audit.spec.ts:5:1 › dropping onto an occupied mobile multisample row requires review and Cancel preserves it 
    [firefox] › tests/e2e/multisample-table-audit.spec.ts:7:31 › multisample table 1440px root editing replace clear and Undo 
    [firefox] › tests/e2e/multisample-table-audit.spec.ts:7:31 › multisample table 390px root editing replace clear and Undo 
    [firefox] › tests/e2e/multisample-table-audit.spec.ts:32:131 › multisample table 1440px supports keyboard audition 
    [firefox] › tests/e2e/multisample-table-audit.spec.ts:32:131 › multisample table 390px supports keyboard audition 
    [firefox] › tests/e2e/slicing.spec.ts:124:1 › slice source, live clock mark, apply, export, undo, and portable provenance round trip 
    [firefox] › tests/e2e/slicing.spec.ts:256:1 › edited slicing session survives browser Back until explicitly discarded 
    [firefox] › tests/e2e/slicing.spec.ts:273:3 › slicer groups, disclosure keyboard access and fixed footer at 1280x720 
    [firefox] › tests/e2e/slicing.spec.ts:273:3 › slicer groups, disclosure keyboard access and fixed footer at 390x640 
  1 skipped
  52 passed (16.5m)
2026-10-02T22:27:42.3577696Z 
2026-10-02T22:27:42.3577711Z 
2026-10-02T22:27:42.3578938Z   1) [firefox] › tests/e2e/drum-row-actions-audit.spec.ts:3:31 › drum 1440px row Play Record Slice and settings preview retain the instrument 
2026-10-02T22:27:42.3580153Z 
2026-10-02T22:27:42.3580465Z     Error: expect(received).toBeGreaterThan(expected)
2026-10-02T22:27:42.3580858Z 
2026-10-02T22:27:42.3581017Z     Expected: > 0
2026-10-02T22:27:42.3581377Z     Received:   0
2026-10-02T22:27:42.3581590Z 
2026-10-02T22:27:42.3581727Z     Call Log:
2026-10-02T22:27:42.3582265Z     - Timeout 5000ms exceeded while waiting on the predicate
2026-10-02T22:27:42.3582701Z 
2026-10-02T22:27:42.3583825Z        9 |  await gotoWorkspace(page,'drum');await page.getByRole('button',{name:'Load demo kit',exact:true}).click();await page.getByRole('button',{name:'Table',exact:true}).click();
2026-10-02T22:27:42.3585538Z       10 |  const plays=()=>page.evaluate(()=>(window as unknown as {__auditPlayback:number}).__auditPlayback);
2026-10-02T22:27:42.3587296Z     > 11 |  const before=await plays();await page.getByTitle('play',{exact:true}).first().click();await expect.poll(plays).toBeGreaterThan(before);
2026-10-02T22:27:42.3588713Z          |                                                                                                                 ^
2026-10-02T22:27:42.3591056Z       12 |  await page.getByTitle('record',{exact:true}).first().click();const recorder=page.getByRole('dialog',{name:'Record takes',exact:true});await expect(recorder).toBeVisible();await recorder.getByRole('button',{name:'Close',exact:true}).click();await expect(recorder).toBeHidden();
2026-10-02T22:27:42.3594977Z       13 |  await page.getByTitle('slice this sample',{exact:true}).first().click();const slice=page.getByRole('dialog',{name:'slice audio',exact:true});await expect(slice).toBeVisible();await expect(slice.locator('canvas').first()).toBeVisible();await slice.getByRole('button',{name:'Cancel',exact:true}).click();await expect(slice).toBeHidden();
2026-10-02T22:27:42.3599253Z       14 |  await page.getByTitle('settings',{exact:true}).first().click();const settings=page.getByRole('dialog',{name:'sample options',exact:true});const beforePreview=await plays();await settings.getByRole('button',{name:/play.*\(p\)/i}).click();await expect.poll(plays).toBeGreaterThan(beforePreview);await settings.getByRole('button',{name:'cancel',exact:true}).click();
2026-10-02T22:27:42.3600952Z         at /home/runner/work/op-patchstudio/op-patchstudio/tests/e2e/drum-row-actions-audit.spec.ts:11:113
2026-10-02T22:27:42.3601632Z 
2026-10-02T22:27:42.3602215Z     Error Context: test-results/drum-row-actions-audit-dru-ed2ea-eview-retain-the-instrument-firefox/error-context.md
2026-10-02T22:27:42.3602728Z 
2026-10-02T22:27:42.3603159Z     Retry #1 ───────────────────────────────────────────────────────────────────────────────────────
2026-10-02T22:27:42.3603460Z 
2026-10-02T22:27:42.3603631Z     Error: expect(received).toBeGreaterThan(expected)
2026-10-02T22:27:42.3603863Z 
2026-10-02T22:27:42.3603953Z     Expected: > 0
2026-10-02T22:27:42.3604174Z     Received:   0
2026-10-02T22:27:42.3604302Z 
2026-10-02T22:27:42.3604389Z     Call Log:
2026-10-02T22:27:42.3604687Z     - Timeout 5000ms exceeded while waiting on the predicate
2026-10-02T22:27:42.3605152Z 
2026-10-02T22:27:42.3606060Z        9 |  await gotoWorkspace(page,'drum');await page.getByRole('button',{name:'Load demo kit',exact:true}).click();await page.getByRole('button',{name:'Table',exact:true}).click();
2026-10-02T22:27:42.3607377Z       10 |  const plays=()=>page.evaluate(()=>(window as unknown as {__auditPlayback:number}).__auditPlayback);
2026-10-02T22:27:42.3608276Z     > 11 |  const before=await plays();await page.getByTitle('play',{exact:true}).first().click();await expect.poll(plays).toBeGreaterThan(before);
2026-10-02T22:27:42.3609042Z          |                                                                                                                 ^
2026-10-02T22:27:42.3610351Z       12 |  await page.getByTitle('record',{exact:true}).first().click();const recorder=page.getByRole('dialog',{name:'Record takes',exact:true});await expect(recorder).toBeVisible();await recorder.getByRole('button',{name:'Close',exact:true}).click();await expect(recorder).toBeHidden();
2026-10-02T22:27:42.3613162Z       13 |  await page.getByTitle('slice this sample',{exact:true}).first().click();const slice=page.getByRole('dialog',{name:'slice audio',exact:true});await expect(slice).toBeVisible();await expect(slice.locator('canvas').first()).toBeVisible();await slice.getByRole('button',{name:'Cancel',exact:true}).click();await expect(slice).toBeHidden();
2026-10-02T22:27:42.3618231Z       14 |  await page.getByTitle('settings',{exact:true}).first().click();const settings=page.getByRole('dialog',{name:'sample options',exact:true});const beforePreview=await plays();await settings.getByRole('button',{name:/play.*\(p\)/i}).click();await expect.poll(plays).toBeGreaterThan(beforePreview);await settings.getByRole('button',{name:'cancel',exact:true}).click();
2026-10-02T22:27:42.3621019Z         at /home/runner/work/op-patchstudio/op-patchstudio/tests/e2e/drum-row-actions-audit.spec.ts:11:113
2026-10-02T22:27:42.3621705Z 
2026-10-02T22:27:42.3622545Z     Error Context: test-results/drum-row-actions-audit-dru-ed2ea-eview-retain-the-instrument-firefox-retry1/error-context.md
2026-10-02T22:27:42.3623429Z 
2026-10-02T22:27:42.3624145Z     attachment #2: trace (application/zip) ─────────────────────────────────────────────────────────
2026-10-02T22:27:42.3625426Z     test-results/drum-row-actions-audit-dru-ed2ea-eview-retain-the-instrument-firefox-retry1/trace.zip
2026-10-02T22:27:42.3626567Z     Usage:
2026-10-02T22:27:42.3626742Z 
2026-10-02T22:27:42.3627652Z         npx playwright show-trace test-results/drum-row-actions-audit-dru-ed2ea-eview-retain-the-instrument-firefox-retry1/trace.zip
2026-10-02T22:27:42.3628625Z 
2026-10-02T22:27:42.3629222Z     ────────────────────────────────────────────────────────────────────────────────────────────────
2026-10-02T22:27:42.3629664Z 
2026-10-02T22:27:42.3630246Z     Retry #2 ───────────────────────────────────────────────────────────────────────────────────────
2026-10-02T22:27:42.3630758Z 
2026-10-02T22:27:42.3631032Z     Error: expect(received).toBeGreaterThan(expected)
2026-10-02T22:27:42.3631389Z 
2026-10-02T22:27:42.3631536Z     Expected: > 0
2026-10-02T22:27:42.3631874Z     Received:   0
2026-10-02T22:27:42.3632075Z 
2026-10-02T22:27:42.3632203Z     Call Log:
2026-10-02T22:27:42.3632707Z     - Timeout 5000ms exceeded while waiting on the predicate
2026-10-02T22:27:42.3633113Z 
2026-10-02T22:27:42.3634348Z        9 |  await gotoWorkspace(page,'drum');await page.getByRole('button',{name:'Load demo kit',exact:true}).click();await page.getByRole('button',{name:'Table',exact:true}).click();
2026-10-02T22:27:42.3636201Z       10 |  const plays=()=>page.evaluate(()=>(window as unknown as {__auditPlayback:number}).__auditPlayback);
2026-10-02T22:27:42.3637632Z     > 11 |  const before=await plays();await page.getByTitle('play',{exact:true}).first().click();await expect.poll(plays).toBeGreaterThan(before);
2026-10-02T22:27:42.3638984Z          |                                                                                                                 ^
2026-10-02T22:27:42.3641314Z       12 |  await page.getByTitle('record',{exact:true}).first().click();const recorder=page.getByRole('dialog',{name:'Record takes',exact:true});await expect(recorder).toBeVisible();await recorder.getByRole('button',{name:'Close',exact:true}).click();await expect(recorder).toBeHidden();
2026-10-02T22:27:42.3645275Z       13 |  await page.getByTitle('slice this sample',{exact:true}).first().click();const slice=page.getByRole('dialog',{name:'slice audio',exact:true});await expect(slice).toBeVisible();await expect(slice.locator('canvas').first()).toBeVisible();await slice.getByRole('button',{name:'Cancel',exact:true}).click();await expect(slice).toBeHidden();
2026-10-02T22:27:42.3650095Z       14 |  await page.getByTitle('settings',{exact:true}).first().click();const settings=page.getByRole('dialog',{name:'sample options',exact:true});const beforePreview=await plays();await settings.getByRole('button',{name:/play.*\(p\)/i}).click();await expect.poll(plays).toBeGreaterThan(beforePreview);await settings.getByRole('button',{name:'cancel',exact:true}).click();
2026-10-02T22:27:42.3653170Z         at /home/runner/work/op-patchstudio/op-patchstudio/tests/e2e/drum-row-actions-audit.spec.ts:11:113
2026-10-02T22:27:42.3653845Z 
2026-10-02T22:27:42.3654736Z     Error Context: test-results/drum-row-actions-audit-dru-ed2ea-eview-retain-the-instrument-firefox-retry2/error-context.md
2026-10-02T22:27:42.3655637Z 
2026-10-02T22:27:42.3656894Z   2) [firefox] › tests/e2e/drum-row-actions-audit.spec.ts:3:31 › drum 390px row Play Record Slice and settings preview retain the instrument 
2026-10-02T22:27:42.3657752Z 
2026-10-02T22:27:42.3658022Z     Error: expect(received).toBeGreaterThan(expected)
2026-10-02T22:27:42.3658396Z 
2026-10-02T22:27:42.3658538Z     Expected: > 0
2026-10-02T22:27:42.3658863Z     Received:   0
2026-10-02T22:27:42.3659048Z 
2026-10-02T22:27:42.3659187Z     Call Log:
2026-10-02T22:27:42.3659658Z     - Timeout 5000ms exceeded while waiting on the predicate
2026-10-02T22:27:42.3660061Z 
2026-10-02T22:27:42.3661114Z        9 |  await gotoWorkspace(page,'drum');await page.getByRole('button',{name:'Load demo kit',exact:true}).click();await page.getByRole('button',{name:'Table',exact:true}).click();
2026-10-02T22:27:42.3662725Z       10 |  const plays=()=>page.evaluate(()=>(window as unknown as {__auditPlayback:number}).__auditPlayback);
2026-10-02T22:27:42.3664202Z     > 11 |  const before=await plays();await page.getByTitle('play',{exact:true}).first().click();await expect.poll(plays).toBeGreaterThan(before);
2026-10-02T22:27:42.3665444Z          |                                                                                                                 ^
2026-10-02T22:27:42.3667859Z       12 |  await page.getByTitle('record',{exact:true}).first().click();const recorder=page.getByRole('dialog',{name:'Record takes',exact:true});await expect(recorder).toBeVisible();await recorder.getByRole('button',{name:'Close',exact:true}).click();await expect(recorder).toBeHidden();
2026-10-02T22:27:42.3671854Z       13 |  await page.getByTitle('slice this sample',{exact:true}).first().click();const slice=page.getByRole('dialog',{name:'slice audio',exact:true});await expect(slice).toBeVisible();await expect(slice.locator('canvas').first()).toBeVisible();await slice.getByRole('button',{name:'Cancel',exact:true}).click();await expect(slice).toBeHidden();
2026-10-02T22:27:42.3676469Z       14 |  await page.getByTitle('settings',{exact:true}).first().click();const settings=page.getByRole('dialog',{name:'sample options',exact:true});const beforePreview=await plays();await settings.getByRole('button',{name:/play.*\(p\)/i}).click();await expect.poll(plays).toBeGreaterThan(beforePreview);await settings.getByRole('button',{name:'cancel',exact:true}).click();
2026-10-02T22:27:42.3679381Z         at /home/runner/work/op-patchstudio/op-patchstudio/tests/e2e/drum-row-actions-audit.spec.ts:11:113
2026-10-02T22:27:42.3680120Z 
2026-10-02T22:27:42.3680971Z     Error Context: test-results/drum-row-actions-audit-dru-c0f98-eview-retain-the-instrument-firefox/error-context.md
2026-10-02T22:27:42.3681866Z 
2026-10-02T22:27:42.3682484Z     Retry #1 ───────────────────────────────────────────────────────────────────────────────────────
2026-10-02T22:27:42.3682956Z 
2026-10-02T22:27:42.3683223Z     Error: expect(received).toBeGreaterThan(expected)
2026-10-02T22:27:42.3683591Z 
2026-10-02T22:27:42.3683735Z     Expected: > 0
2026-10-02T22:27:42.3684060Z     Received:   0
2026-10-02T22:27:42.3684263Z 
2026-10-02T22:27:42.3684396Z     Call Log:
2026-10-02T22:27:42.3684908Z     - Timeout 5000ms exceeded while waiting on the predicate
2026-10-02T22:27:42.3685336Z 
2026-10-02T22:27:42.3686646Z        9 |  await gotoWorkspace(page,'drum');await page.getByRole('button',{name:'Load demo kit',exact:true}).click();await page.getByRole('button',{name:'Table',exact:true}).click();
2026-10-02T22:27:42.3688226Z       10 |  const plays=()=>page.evaluate(()=>(window as unknown as {__auditPlayback:number}).__auditPlayback);
2026-10-02T22:27:42.3690027Z     > 11 |  const before=await plays();await page.getByTitle('play',{exact:true}).first().click();await expect.poll(plays).toBeGreaterThan(before);
2026-10-02T22:27:42.3691383Z          |                                                                                                                 ^
2026-10-02T22:27:42.3693695Z       12 |  await page.getByTitle('record',{exact:true}).first().click();const recorder=page.getByRole('dialog',{name:'Record takes',exact:true});await expect(recorder).toBeVisible();await recorder.getByRole('button',{name:'Close',exact:true}).click();await expect(recorder).toBeHidden();
2026-10-02T22:27:42.3697655Z       13 |  await page.getByTitle('slice this sample',{exact:true}).first().click();const slice=page.getByRole('dialog',{name:'slice audio',exact:true});await expect(slice).toBeVisible();await expect(slice.locator('canvas').first()).toBeVisible();await slice.getByRole('button',{name:'Cancel',exact:true}).click();await expect(slice).toBeHidden();
2026-10-02T22:27:42.3702006Z       14 |  await page.getByTitle('settings',{exact:true}).first().click();const settings=page.getByRole('dialog',{name:'sample options',exact:true});const beforePreview=await plays();await settings.getByRole('button',{name:/play.*\(p\)/i}).click();await expect.poll(plays).toBeGreaterThan(beforePreview);await settings.getByRole('button',{name:'cancel',exact:true}).click();
2026-10-02T22:27:42.3704791Z         at /home/runner/work/op-patchstudio/op-patchstudio/tests/e2e/drum-row-actions-audit.spec.ts:11:113
2026-10-02T22:27:42.3705472Z 
2026-10-02T22:27:42.3706520Z     Error Context: test-results/drum-row-actions-audit-dru-c0f98-eview-retain-the-instrument-firefox-retry1/error-context.md
2026-10-02T22:27:42.3707452Z 
2026-10-02T22:27:42.3708131Z     attachment #2: trace (application/zip) ─────────────────────────────────────────────────────────
2026-10-02T22:27:42.3709393Z     test-results/drum-row-actions-audit-dru-c0f98-eview-retain-the-instrument-firefox-retry1/trace.zip
2026-10-02T22:27:42.3710307Z     Usage:
2026-10-02T22:27:42.3710481Z 
2026-10-02T22:27:42.3711390Z         npx playwright show-trace test-results/drum-row-actions-audit-dru-c0f98-eview-retain-the-instrument-firefox-retry1/trace.zip
2026-10-02T22:27:42.3712331Z 
2026-10-02T22:27:42.3713092Z     ────────────────────────────────────────────────────────────────────────────────────────────────
2026-10-02T22:27:42.3713563Z 
2026-10-02T22:27:42.3714144Z     Retry #2 ───────────────────────────────────────────────────────────────────────────────────────
2026-10-02T22:27:42.3714617Z 
2026-10-02T22:27:42.3714884Z     Error: expect(received).toBeGreaterThan(expected)
2026-10-02T22:27:42.3715257Z 
2026-10-02T22:27:42.3715398Z     Expected: > 0
2026-10-02T22:27:42.3715722Z     Received:   0
2026-10-02T22:27:42.3716085Z 
2026-10-02T22:27:42.3716221Z     Call Log:
2026-10-02T22:27:42.3716753Z     - Timeout 5000ms exceeded while waiting on the predicate
2026-10-02T22:27:42.3717352Z 
2026-10-02T22:27:42.3718473Z        9 |  await gotoWorkspace(page,'drum');await page.getByRole('button',{name:'Load demo kit',exact:true}).click();await page.getByRole('button',{name:'Table',exact:true}).click();
2026-10-02T22:27:42.3720138Z       10 |  const plays=()=>page.evaluate(()=>(window as unknown as {__auditPlayback:number}).__auditPlayback);
2026-10-02T22:27:42.3721568Z     > 11 |  const before=await plays();await page.getByTitle('play',{exact:true}).first().click();await expect.poll(plays).toBeGreaterThan(before);
2026-10-02T22:27:42.3722875Z          |                                                                                                                 ^
2026-10-02T22:27:42.3725220Z       12 |  await page.getByTitle('record',{exact:true}).first().click();const recorder=page.getByRole('dialog',{name:'Record takes',exact:true});await expect(recorder).toBeVisible();await recorder.getByRole('button',{name:'Close',exact:true}).click();await expect(recorder).toBeHidden();
2026-10-02T22:27:42.3729247Z       13 |  await page.getByTitle('slice this sample',{exact:true}).first().click();const slice=page.getByRole('dialog',{name:'slice audio',exact:true});await expect(slice).toBeVisible();await expect(slice.locator('canvas').first()).toBeVisible();await slice.getByRole('button',{name:'Cancel',exact:true}).click();await expect(slice).toBeHidden();
2026-10-02T22:27:42.3733659Z       14 |  await page.getByTitle('settings',{exact:true}).first().click();const settings=page.getByRole('dialog',{name:'sample options',exact:true});const beforePreview=await plays();await settings.getByRole('button',{name:/play.*\(p\)/i}).click();await expect.poll(plays).toBeGreaterThan(beforePreview);await settings.getByRole('button',{name:'cancel',exact:true}).click();
2026-10-02T22:27:42.3736721Z         at /home/runner/work/op-patchstudio/op-patchstudio/tests/e2e/drum-row-actions-audit.spec.ts:11:113
2026-10-02T22:27:42.3737367Z 
2026-10-02T22:27:42.3738210Z     Error Context: test-results/drum-row-actions-audit-dru-c0f98-eview-retain-the-instrument-firefox-retry2/error-context.md
2026-10-02T22:27:42.3739168Z 
2026-10-02T22:27:42.3740158Z   3) [firefox] › tests/e2e/file-entry-audit.spec.ts:9:56 › drum Browse folder reviews files and Cancel keeps the empty instrument 
2026-10-02T22:27:42.3740992Z 
2026-10-02T22:27:42.3741247Z     Error: expect(locator).toBeVisible() failed
2026-10-02T22:27:42.3741606Z 
2026-10-02T22:27:42.3742277Z     Locator: getByRole('dialog', { name: 'Import audio', exact: true }).getByText('first-C4.wav', { exact: true })
2026-10-02T22:27:42.3743105Z     Expected: visible
2026-10-02T22:27:42.3743453Z     Timeout: 5000ms
2026-10-02T22:27:42.3743842Z     Error: element(s) not found
2026-10-02T22:27:42.3744088Z 
2026-10-02T22:27:42.3744218Z     Call log:
2026-10-02T22:27:42.3745222Z       - Expect "toBeVisible" getByRole('dialog', { name: 'Import audio', exact: true }).getByText('first-C4.wav', { exact: true }) with timeout 5000ms
2026-10-02T22:27:42.3747030Z       - waiting for getByRole('dialog', { name: 'Import audio', exact: true }).getByText('first-C4.wav', { exact: true })
2026-10-02T22:27:42.3747774Z 
2026-10-02T22:27:42.3747783Z 
2026-10-02T22:27:42.3748635Z       11 |   for(const [index,name] of ['first-C4.wav','second-D4.wav'].entries())await writeFile(path.join(folder,name),tone(name,index).buffer);
2026-10-02T22:27:42.3750924Z       12 |   await gotoWorkspace(page,workspace);const choosing=page.waitForEvent('filechooser');await page.getByRole('button',{name:'browse folder',exact:true}).click();await(await choosing).setFiles(folder);
2026-10-02T22:27:42.3755187Z     > 13 |   const review=page.getByRole('dialog',{name:'Import audio',exact:true});for(const name of ['first-C4.wav','second-D4.wav'])await expect(review.getByText(name,{exact:true})).toBeVisible();await review.getByRole('button',{name:'Cancel import',exact:true}).click();await expect(review).toBeHidden();await expect(page.getByRole('region',{name:workspace==='drum'?'Drum pad instrument, 0 of 24 loaded':'Multisample instrument, 0 of 24 loaded',exact:true})).toBeVisible();
2026-10-02T22:27:42.3758853Z          |                                                                                                                                                                               ^
2026-10-02T22:27:42.3759764Z       14 |  }finally{await rm(folder,{recursive:true,force:true});}
2026-10-02T22:27:42.3760344Z       15 | });
2026-10-02T22:27:42.3761182Z       16 | test('multisample patch settings chooser imports atomically and supports Undo',async({page})=>{
2026-10-02T22:27:42.3762496Z         at /home/runner/work/op-patchstudio/op-patchstudio/tests/e2e/file-entry-audit.spec.ts:13:175
2026-10-02T22:27:42.3763146Z 
2026-10-02T22:27:42.3763922Z     Error Context: test-results/file-entry-audit-drum-Brow-5e519--keeps-the-empty-instrument-firefox/error-context.md
2026-10-02T22:27:42.3764754Z 
2026-10-02T22:27:42.3765390Z     Retry #1 ───────────────────────────────────────────────────────────────────────────────────────
2026-10-02T22:27:42.3766163Z 
2026-10-02T22:27:42.3766440Z     Error: expect(locator).toBeVisible() failed
2026-10-02T22:27:42.3766811Z 
2026-10-02T22:27:42.3767474Z     Locator: getByRole('dialog', { name: 'Import audio', exact: true }).getByText('first-C4.wav', { exact: true })
2026-10-02T22:27:42.3768347Z     Expected: visible
2026-10-02T22:27:42.3768715Z     Timeout: 5000ms
2026-10-02T22:27:42.3769163Z     Error: element(s) not found
2026-10-02T22:27:42.3769447Z 
2026-10-02T22:27:42.3769580Z     Call log:
2026-10-02T22:27:42.3770585Z       - Expect "toBeVisible" getByRole('dialog', { name: 'Import audio', exact: true }).getByText('first-C4.wav', { exact: true }) with timeout 5000ms
2026-10-02T22:27:42.3772120Z       - waiting for getByRole('dialog', { name: 'Import audio', exact: true }).getByText('first-C4.wav', { exact: true })
2026-10-02T22:27:42.3772866Z 
2026-10-02T22:27:42.3772874Z 
2026-10-02T22:27:42.3773681Z       11 |   for(const [index,name] of ['first-C4.wav','second-D4.wav'].entries())await writeFile(path.join(folder,name),tone(name,index).buffer);
2026-10-02T22:27:42.3775628Z       12 |   await gotoWorkspace(page,workspace);const choosing=page.waitForEvent('filechooser');await page.getByRole('button',{name:'browse folder',exact:true}).click();await(await choosing).setFiles(folder);
2026-10-02T22:27:42.3778440Z     > 13 |   const review=page.getByRole('dialog',{name:'Import audio',exact:true});for(const name of ['first-C4.wav','second-D4.wav'])await expect(review.getByText(name,{exact:true})).toBeVisible();await review.getByRole('button',{name:'Cancel import',exact:true}).click();await expect(review).toBeHidden();await expect(page.getByRole('region',{name:workspace==='drum'?'Drum pad instrument, 0 of 24 loaded':'Multisample instrument, 0 of 24 loaded',exact:true})).toBeVisible();
2026-10-02T22:27:42.3780354Z          |                                                                                                                                                                               ^
2026-10-02T22:27:42.3780912Z       14 |  }finally{await rm(folder,{recursive:true,force:true});}
2026-10-02T22:27:42.3781241Z       15 | });
2026-10-02T22:27:42.3781710Z       16 | test('multisample patch settings chooser imports atomically and supports Undo',async({page})=>{
2026-10-02T22:27:42.3782440Z         at /home/runner/work/op-patchstudio/op-patchstudio/tests/e2e/file-entry-audit.spec.ts:13:175
2026-10-02T22:27:42.3782822Z 
2026-10-02T22:27:42.3783487Z     Error Context: test-results/file-entry-audit-drum-Brow-5e519--keeps-the-empty-instrument-firefox-retry1/error-context.md
2026-10-02T22:27:42.3784028Z 
2026-10-02T22:27:42.3784476Z     attachment #2: trace (application/zip) ─────────────────────────────────────────────────────────
2026-10-02T22:27:42.3785253Z     test-results/file-entry-audit-drum-Brow-5e519--keeps-the-empty-instrument-firefox-retry1/trace.zip
2026-10-02T22:27:42.3785784Z     Usage:
2026-10-02T22:27:42.3786142Z 
2026-10-02T22:27:42.3786907Z         npx playwright show-trace test-results/file-entry-audit-drum-Brow-5e519--keeps-the-empty-instrument-firefox-retry1/trace.zip
2026-10-02T22:27:42.3787893Z 
2026-10-02T22:27:42.3788350Z     ────────────────────────────────────────────────────────────────────────────────────────────────
2026-10-02T22:27:42.3788788Z 
2026-10-02T22:27:42.3789348Z     Retry #2 ───────────────────────────────────────────────────────────────────────────────────────
2026-10-02T22:27:42.3789653Z 
2026-10-02T22:27:42.3789834Z     Error: expect(locator).toBeVisible() failed
2026-10-02T22:27:42.3790049Z 
2026-10-02T22:27:42.3790433Z     Locator: getByRole('dialog', { name: 'Import audio', exact: true }).getByText('first-C4.wav', { exact: true })
2026-10-02T22:27:42.3790938Z     Expected: visible
2026-10-02T22:27:42.3791162Z     Timeout: 5000ms
2026-10-02T22:27:42.3791419Z     Error: element(s) not found
2026-10-02T22:27:42.3791587Z 
2026-10-02T22:27:42.3791674Z     Call log:
2026-10-02T22:27:42.3792290Z       - Expect "toBeVisible" getByRole('dialog', { name: 'Import audio', exact: true }).getByText('first-C4.wav', { exact: true }) with timeout 5000ms
2026-10-02T22:27:42.3793201Z       - waiting for getByRole('dialog', { name: 'Import audio', exact: true }).getByText('first-C4.wav', { exact: true })
2026-10-02T22:27:42.3793624Z 
2026-10-02T22:27:42.3793629Z 
2026-10-02T22:27:42.3794113Z       11 |   for(const [index,name] of ['first-C4.wav','second-D4.wav'].entries())await writeFile(path.join(folder,name),tone(name,index).buffer);
2026-10-02T22:27:42.3795354Z       12 |   await gotoWorkspace(page,workspace);const choosing=page.waitForEvent('filechooser');await page.getByRole('button',{name:'browse folder',exact:true}).click();await(await choosing).setFiles(folder);
2026-10-02T22:27:42.3798116Z     > 13 |   const review=page.getByRole('dialog',{name:'Import audio',exact:true});for(const name of ['first-C4.wav','second-D4.wav'])await expect(review.getByText(name,{exact:true})).toBeVisible();await review.getByRole('button',{name:'Cancel import',exact:true}).click();await expect(review).toBeHidden();await expect(page.getByRole('region',{name:workspace==='drum'?'Drum pad instrument, 0 of 24 loaded':'Multisample instrument, 0 of 24 loaded',exact:true})).toBeVisible();
2026-10-02T22:27:42.3800044Z          |                                                                                                                                                                               ^
2026-10-02T22:27:42.3800841Z       14 |  }finally{await rm(folder,{recursive:true,force:true});}
2026-10-02T22:27:42.3801289Z       15 | });
2026-10-02T22:27:42.3801997Z       16 | test('multisample patch settings chooser imports atomically and supports Undo',async({page})=>{
2026-10-02T22:27:42.3815259Z         at /home/runner/work/op-patchstudio/op-patchstudio/tests/e2e/file-entry-audit.spec.ts:13:175
2026-10-02T22:27:42.3816214Z 
2026-10-02T22:27:42.3817099Z     Error Context: test-results/file-entry-audit-drum-Brow-5e519--keeps-the-empty-instrument-firefox-retry2/error-context.md
2026-10-02T22:27:42.3818271Z 
2026-10-02T22:27:42.3819398Z   4) [firefox] › tests/e2e/file-entry-audit.spec.ts:9:56 › multisample Browse folder reviews files and Cancel keeps the empty instrument 
2026-10-02T22:27:42.3820219Z 
2026-10-02T22:27:42.3820471Z     Error: expect(locator).toBeVisible() failed
2026-10-02T22:27:42.3820809Z 
2026-10-02T22:27:42.3821465Z     Locator: getByRole('dialog', { name: 'Import audio', exact: true }).getByText('first-C4.wav', { exact: true })
2026-10-02T22:27:42.3822424Z     Expected: visible
2026-10-02T22:27:42.3822717Z     Timeout: 5000ms
2026-10-02T22:27:42.3823034Z     Error: element(s) not found
2026-10-02T22:27:42.3823222Z 
2026-10-02T22:27:42.3823311Z     Call log:
2026-10-02T22:27:42.3824126Z       - Expect "toBeVisible" getByRole('dialog', { name: 'Import audio', exact: true }).getByText('first-C4.wav', { exact: true }) with timeout 5000ms
2026-10-02T22:27:42.3825057Z       - waiting for getByRole('dialog', { name: 'Import audio', exact: true }).getByText('first-C4.wav', { exact: true })
2026-10-02T22:27:42.3825496Z 
2026-10-02T22:27:42.3825501Z 
2026-10-02T22:27:42.3826563Z       11 |   for(const [index,name] of ['first-C4.wav','second-D4.wav'].entries())await writeFile(path.join(folder,name),tone(name,index).buffer);
2026-10-02T22:27:42.3828178Z       12 |   await gotoWorkspace(page,workspace);const choosing=page.waitForEvent('filechooser');await page.getByRole('button',{name:'browse folder',exact:true}).click();await(await choosing).setFiles(folder);
2026-10-02T22:27:42.3830625Z     > 13 |   const review=page.getByRole('dialog',{name:'Import audio',exact:true});for(const name of ['first-C4.wav','second-D4.wav'])await expect(review.getByText(name,{exact:true})).toBeVisible();await review.getByRole('button',{name:'Cancel import',exact:true}).click();await expect(review).toBeHidden();await expect(page.getByRole('region',{name:workspace==='drum'?'Drum pad instrument, 0 of 24 loaded':'Multisample instrument, 0 of 24 loaded',exact:true})).toBeVisible();
2026-10-02T22:27:42.3832575Z          |                                                                                                                                                                               ^
2026-10-02T22:27:42.3833125Z       14 |  }finally{await rm(folder,{recursive:true,force:true});}
2026-10-02T22:27:42.3833460Z       15 | });
2026-10-02T22:27:42.3833935Z       16 | test('multisample patch settings chooser imports atomically and supports Undo',async({page})=>{
2026-10-02T22:27:42.3834681Z         at /home/runner/work/op-patchstudio/op-patchstudio/tests/e2e/file-entry-audit.spec.ts:13:175
2026-10-02T22:27:42.3835067Z 
2026-10-02T22:27:42.3835541Z     Error Context: test-results/file-entry-audit-multisamp-4a53f--keeps-the-empty-instrument-firefox/error-context.md
2026-10-02T22:27:42.3836298Z 
2026-10-02T22:27:42.3836724Z     Retry #1 ───────────────────────────────────────────────────────────────────────────────────────
2026-10-02T22:27:42.3837029Z 
2026-10-02T22:27:42.3837184Z     Error: expect(locator).toBeVisible() failed
2026-10-02T22:27:42.3837402Z 
2026-10-02T22:27:42.3837774Z     Locator: getByRole('dialog', { name: 'Import audio', exact: true }).getByText('first-C4.wav', { exact: true })
2026-10-02T22:27:42.3838265Z     Expected: visible
2026-10-02T22:27:42.3838661Z     Timeout: 5000ms
2026-10-02T22:27:42.3839063Z     Error: element(s) not found
2026-10-02T22:27:42.3839344Z 
2026-10-02T22:27:42.3839482Z     Call log:
2026-10-02T22:27:42.3840757Z       - Expect "toBeVisible" getByRole('dialog', { name: 'Import audio', exact: true }).getByText('first-C4.wav', { exact: true }) with timeout 5000ms
2026-10-02T22:27:42.3842357Z       - waiting for getByRole('dialog', { name: 'Import audio', exact: true }).getByText('first-C4.wav', { exact: true })
2026-10-02T22:27:42.3843101Z 
2026-10-02T22:27:42.3843109Z 
2026-10-02T22:27:42.3843959Z       11 |   for(const [index,name] of ['first-C4.wav','second-D4.wav'].entries())await writeFile(path.join(folder,name),tone(name,index).buffer);
2026-10-02T22:27:42.3846389Z       12 |   await gotoWorkspace(page,workspace);const choosing=page.waitForEvent('filechooser');await page.getByRole('button',{name:'browse folder',exact:true}).click();await(await choosing).setFiles(folder);
2026-10-02T22:27:42.3851015Z     > 13 |   const review=page.getByRole('dialog',{name:'Import audio',exact:true});for(const name of ['first-C4.wav','second-D4.wav'])await expect(review.getByText(name,{exact:true})).toBeVisible();await review.getByRole('button',{name:'Cancel import',exact:true}).click();await expect(review).toBeHidden();await expect(page.getByRole('region',{name:workspace==='drum'?'Drum pad instrument, 0 of 24 loaded':'Multisample instrument, 0 of 24 loaded',exact:true})).toBeVisible();
2026-10-02T22:27:42.3854536Z          |                                                                                                                                                                               ^
2026-10-02T22:27:42.3855534Z       14 |  }finally{await rm(folder,{recursive:true,force:true});}
2026-10-02T22:27:42.3856341Z       15 | });
2026-10-02T22:27:42.3857182Z       16 | test('multisample patch settings chooser imports atomically and supports Undo',async({page})=>{
2026-10-02T22:27:42.3858497Z         at /home/runner/work/op-patchstudio/op-patchstudio/tests/e2e/file-entry-audit.spec.ts:13:175
2026-10-02T22:27:42.3859158Z 
2026-10-02T22:27:42.3860001Z     Error Context: test-results/file-entry-audit-multisamp-4a53f--keeps-the-empty-instrument-firefox-retry1/error-context.md
2026-10-02T22:27:42.3860882Z 
2026-10-02T22:27:42.3861582Z     attachment #2: trace (application/zip) ─────────────────────────────────────────────────────────
2026-10-02T22:27:42.3862800Z     test-results/file-entry-audit-multisamp-4a53f--keeps-the-empty-instrument-firefox-retry1/trace.zip
2026-10-02T22:27:42.3863676Z     Usage:
2026-10-02T22:27:42.3863840Z 
2026-10-02T22:27:42.3864697Z         npx playwright show-trace test-results/file-entry-audit-multisamp-4a53f--keeps-the-empty-instrument-firefox-retry1/trace.zip
2026-10-02T22:27:42.3865616Z 
2026-10-02T22:27:42.3866438Z     ────────────────────────────────────────────────────────────────────────────────────────────────
2026-10-02T22:27:42.3866903Z 
2026-10-02T22:27:42.3867482Z     Retry #2 ───────────────────────────────────────────────────────────────────────────────────────
2026-10-02T22:27:42.3867940Z 
2026-10-02T22:27:42.3868177Z     Error: expect(locator).toBeVisible() failed
2026-10-02T22:27:42.3868506Z 
2026-10-02T22:27:42.3869303Z     Locator: getByRole('dialog', { name: 'Import audio', exact: true }).getByText('first-C4.wav', { exact: true })
2026-10-02T22:27:42.3870108Z     Expected: visible
2026-10-02T22:27:42.3870458Z     Timeout: 5000ms
2026-10-02T22:27:42.3870865Z     Error: element(s) not found
2026-10-02T22:27:42.3871132Z 
2026-10-02T22:27:42.3871271Z     Call log:
2026-10-02T22:27:42.3872312Z       - Expect "toBeVisible" getByRole('dialog', { name: 'Import audio', exact: true }).getByText('first-C4.wav', { exact: true }) with timeout 5000ms
2026-10-02T22:27:42.3873980Z       - waiting for getByRole('dialog', { name: 'Import audio', exact: true }).getByText('first-C4.wav', { exact: true })
2026-10-02T22:27:42.3874732Z 
2026-10-02T22:27:42.3874740Z 
2026-10-02T22:27:42.3875595Z       11 |   for(const [index,name] of ['first-C4.wav','second-D4.wav'].entries())await writeFile(path.join(folder,name),tone(name,index).buffer);
2026-10-02T22:27:42.3877895Z       12 |   await gotoWorkspace(page,workspace);const choosing=page.waitForEvent('filechooser');await page.getByRole('button',{name:'browse folder',exact:true}).click();await(await choosing).setFiles(folder);
2026-10-02T22:27:42.3882274Z     > 13 |   const review=page.getByRole('dialog',{name:'Import audio',exact:true});for(const name of ['first-C4.wav','second-D4.wav'])await expect(review.getByText(name,{exact:true})).toBeVisible();await review.getByRole('button',{name:'Cancel import',exact:true}).click();await expect(review).toBeHidden();await expect(page.getByRole('region',{name:workspace==='drum'?'Drum pad instrument, 0 of 24 loaded':'Multisample instrument, 0 of 24 loaded',exact:true})).toBeVisible();
2026-10-02T22:27:42.3885650Z          |                                                                                                                                                                               ^
2026-10-02T22:27:42.3886824Z       14 |  }finally{await rm(folder,{recursive:true,force:true});}
2026-10-02T22:27:42.3887391Z       15 | });
2026-10-02T22:27:42.3888223Z       16 | test('multisample patch settings chooser imports atomically and supports Undo',async({page})=>{
2026-10-02T22:27:42.3889617Z         at /home/runner/work/op-patchstudio/op-patchstudio/tests/e2e/file-entry-audit.spec.ts:13:175
2026-10-02T22:27:42.3890256Z 
2026-10-02T22:27:42.3891176Z     Error Context: test-results/file-entry-audit-multisamp-4a53f--keeps-the-empty-instrument-firefox-retry2/error-context.md
2026-10-02T22:27:42.3892104Z 
2026-10-02T22:27:42.3892807Z   5) [firefox] › tests/e2e/file-entry-audit.spec.ts:19:1 › drum import rejects malformed OP-1 files, auditions unassigned audio, and opens setup help 
2026-10-02T22:27:42.3893388Z 
2026-10-02T22:27:42.3893526Z     Test timeout of 30000ms exceeded.
2026-10-02T22:27:42.3893706Z 
2026-10-02T22:27:42.3893926Z     Error: locator.selectOption: Test timeout of 30000ms exceeded.
2026-10-02T22:27:42.3894273Z     Call log:
2026-10-02T22:27:42.3895263Z       - waiting for getByRole('dialog', { name: 'Import audio', exact: true }).getByLabel('Destination for entry.wav', { exact: true })
2026-10-02T22:27:42.3896307Z 
2026-10-02T22:27:42.3896315Z 
2026-10-02T22:27:42.3898977Z       20 |  await page.addInitScript(()=>{const start=AudioBufferSourceNode.prototype.start;Object.defineProperty(window,'__fileEntryPlays',{value:0,writable:true});AudioBufferSourceNode.prototype.start=function(...args:Parameters<AudioBufferSourceNode['start']>){Reflect.set(window,'__fileEntryPlays',Reflect.get(window,'__fileEntryPlays')+1);return start.apply(this,args);};});
2026-10-02T22:27:42.3902195Z       21 |  await gotoWorkspace(page,'drum');let choosing=page.waitForEvent('filechooser');await page.getByRole('button',{name:'import OP-1 preset',exact:true}).click();await(await choosing).setFiles({name:'invalid.aiff',mimeType:'audio/aiff',buffer:Buffer.from('invalid')});await expect(page.getByText(/does not appear to be a valid OP-1 drum preset/)).toBeVisible();
2026-10-02T22:27:42.3906531Z     > 22 |  choosing=page.waitForEvent('filechooser');await page.getByRole('button',{name:'Add sounds',exact:true}).click();await(await choosing).setFiles([tone(),tone('spare.wav',1)]);const review=page.getByRole('dialog',{name:'Import audio',exact:true});await review.getByLabel('Destination for entry.wav',{exact:true}).selectOption('unassigned');await applyAudioImport(page);const tray=page.getByRole('region',{name:'Unassigned sounds',exact:true});await expect(tray.getByRole('button',{name:'entry.wav',exact:true})).toBeVisible();await tray.getByRole('button',{name:'Play',exact:true}).first().click();await expect.poll(()=>page.evaluate(()=>Reflect.get(window,'__fileEntryPlays'))).toBeGreaterThan(0);
2026-10-02T22:27:42.3909506Z          |                                                                                                                                                                                                                                                                                                                        ^
2026-10-02T22:27:42.3910971Z       23 |  const guide=page.locator('details[aria-label="Kit setup guide"]');await guide.locator('summary').click();await guide.getByRole('button',{name:'Setup help',exact:true}).click();await expect(page.getByRole('dialog',{name:'Help',exact:true})).toBeVisible();
2026-10-02T22:27:42.3911950Z       24 | });
2026-10-02T22:27:42.3912330Z       25 | test('mobile empty drum table browse loads the chosen pad',async({page})=>{
2026-10-02T22:27:42.3912991Z         at /home/runner/work/op-patchstudio/op-patchstudio/tests/e2e/file-entry-audit.spec.ts:22:312
2026-10-02T22:27:42.3913492Z 
2026-10-02T22:27:42.3913963Z     Error Context: test-results/file-entry-audit-drum-impo-75eec--audio-and-opens-setup-help-firefox/error-context.md
2026-10-02T22:27:42.3914467Z 
2026-10-02T22:27:42.3914880Z     Retry #1 ───────────────────────────────────────────────────────────────────────────────────────
2026-10-02T22:27:42.3915176Z 
2026-10-02T22:27:42.3915308Z     Test timeout of 30000ms exceeded.
2026-10-02T22:27:42.3915491Z 
2026-10-02T22:27:42.3915714Z     Error: locator.selectOption: Test timeout of 30000ms exceeded.
2026-10-02T22:27:42.3916347Z     Call log:
2026-10-02T22:27:42.3916922Z       - waiting for getByRole('dialog', { name: 'Import audio', exact: true }).getByLabel('Destination for entry.wav', { exact: true })
2026-10-02T22:27:42.3917406Z 
2026-10-02T22:27:42.3917412Z 
2026-10-02T22:27:42.3918874Z       20 |  await page.addInitScript(()=>{const start=AudioBufferSourceNode.prototype.start;Object.defineProperty(window,'__fileEntryPlays',{value:0,writable:true});AudioBufferSourceNode.prototype.start=function(...args:Parameters<AudioBufferSourceNode['start']>){Reflect.set(window,'__fileEntryPlays',Reflect.get(window,'__fileEntryPlays')+1);return start.apply(this,args);};});
2026-10-02T22:27:42.3921573Z       21 |  await gotoWorkspace(page,'drum');let choosing=page.waitForEvent('filechooser');await page.getByRole('button',{name:'import OP-1 preset',exact:true}).click();await(await choosing).setFiles({name:'invalid.aiff',mimeType:'audio/aiff',buffer:Buffer.from('invalid')});await expect(page.getByText(/does not appear to be a valid OP-1 drum preset/)).toBeVisible();
2026-10-02T22:27:42.3925422Z     > 22 |  choosing=page.waitForEvent('filechooser');await page.getByRole('button',{name:'Add sounds',exact:true}).click();await(await choosing).setFiles([tone(),tone('spare.wav',1)]);const review=page.getByRole('dialog',{name:'Import audio',exact:true});await review.getByLabel('Destination for entry.wav',{exact:true}).selectOption('unassigned');await applyAudioImport(page);const tray=page.getByRole('region',{name:'Unassigned sounds',exact:true});await expect(tray.getByRole('button',{name:'entry.wav',exact:true})).toBeVisible();await tray.getByRole('button',{name:'Play',exact:true}).first().click();await expect.poll(()=>page.evaluate(()=>Reflect.get(window,'__fileEntryPlays'))).toBeGreaterThan(0);
2026-10-02T22:27:42.3928710Z          |                                                                                                                                                                                                                                                                                                                        ^
2026-10-02T22:27:42.3930181Z       23 |  const guide=page.locator('details[aria-label="Kit setup guide"]');await guide.locator('summary').click();await guide.getByRole('button',{name:'Setup help',exact:true}).click();await expect(page.getByRole('dialog',{name:'Help',exact:true})).toBeVisible();
2026-10-02T22:27:42.3931156Z       24 | });
2026-10-02T22:27:42.3931656Z       25 | test('mobile empty drum table browse loads the chosen pad',async({page})=>{
2026-10-02T22:27:42.3932305Z         at /home/runner/work/op-patchstudio/op-patchstudio/tests/e2e/file-entry-audit.spec.ts:22:312
2026-10-02T22:27:42.3932694Z 
2026-10-02T22:27:42.3933192Z     Error Context: test-results/file-entry-audit-drum-impo-75eec--audio-and-opens-setup-help-firefox-retry1/error-context.md
2026-10-02T22:27:42.3933725Z 
2026-10-02T22:27:42.3934153Z     attachment #2: trace (application/zip) ─────────────────────────────────────────────────────────
2026-10-02T22:27:42.3934907Z     test-results/file-entry-audit-drum-impo-75eec--audio-and-opens-setup-help-firefox-retry1/trace.zip
2026-10-02T22:27:42.3935431Z     Usage:
2026-10-02T22:27:42.3935546Z 
2026-10-02T22:27:42.3936484Z         npx playwright show-trace test-results/file-entry-audit-drum-impo-75eec--audio-and-opens-setup-help-firefox-retry1/trace.zip
2026-10-02T22:27:42.3937393Z 
2026-10-02T22:27:42.3937982Z     ────────────────────────────────────────────────────────────────────────────────────────────────
2026-10-02T22:27:42.3938481Z 
2026-10-02T22:27:42.3939055Z     Retry #2 ───────────────────────────────────────────────────────────────────────────────────────
2026-10-02T22:27:42.3939347Z 
2026-10-02T22:27:42.3939479Z     Test timeout of 30000ms exceeded.
2026-10-02T22:27:42.3939668Z 
2026-10-02T22:27:42.3939883Z     Error: locator.selectOption: Test timeout of 30000ms exceeded.
2026-10-02T22:27:42.3940258Z     Call log:
2026-10-02T22:27:42.3940824Z       - waiting for getByRole('dialog', { name: 'Import audio', exact: true }).getByLabel('Destination for entry.wav', { exact: true })
2026-10-02T22:27:42.3941297Z 
2026-10-02T22:27:42.3941304Z 
2026-10-02T22:27:42.3942765Z       20 |  await page.addInitScript(()=>{const start=AudioBufferSourceNode.prototype.start;Object.defineProperty(window,'__fileEntryPlays',{value:0,writable:true});AudioBufferSourceNode.prototype.start=function(...args:Parameters<AudioBufferSourceNode['start']>){Reflect.set(window,'__fileEntryPlays',Reflect.get(window,'__fileEntryPlays')+1);return start.apply(this,args);};});
2026-10-02T22:27:42.3945477Z       21 |  await gotoWorkspace(page,'drum');let choosing=page.waitForEvent('filechooser');await page.getByRole('button',{name:'import OP-1 preset',exact:true}).click();await(await choosing).setFiles({name:'invalid.aiff',mimeType:'audio/aiff',buffer:Buffer.from('invalid')});await expect(page.getByText(/does not appear to be a valid OP-1 drum preset/)).toBeVisible();
2026-10-02T22:27:42.3949651Z     > 22 |  choosing=page.waitForEvent('filechooser');await page.getByRole('button',{name:'Add sounds',exact:true}).click();await(await choosing).setFiles([tone(),tone('spare.wav',1)]);const review=page.getByRole('dialog',{name:'Import audio',exact:true});await review.getByLabel('Destination for entry.wav',{exact:true}).selectOption('unassigned');await applyAudioImport(page);const tray=page.getByRole('region',{name:'Unassigned sounds',exact:true});await expect(tray.getByRole('button',{name:'entry.wav',exact:true})).toBeVisible();await tray.getByRole('button',{name:'Play',exact:true}).first().click();await expect.poll(()=>page.evaluate(()=>Reflect.get(window,'__fileEntryPlays'))).toBeGreaterThan(0);
2026-10-02T22:27:42.3952730Z          |                                                                                                                                                                                                                                                                                                                        ^
2026-10-02T22:27:42.3954197Z       23 |  const guide=page.locator('details[aria-label="Kit setup guide"]');await guide.locator('summary').click();await guide.getByRole('button',{name:'Setup help',exact:true}).click();await expect(page.getByRole('dialog',{name:'Help',exact:true})).toBeVisible();
2026-10-02T22:27:42.3955169Z       24 | });
2026-10-02T22:27:42.3955543Z       25 | test('mobile empty drum table browse loads the chosen pad',async({page})=>{
2026-10-02T22:27:42.3956581Z         at /home/runner/work/op-patchstudio/op-patchstudio/tests/e2e/file-entry-audit.spec.ts:22:312
2026-10-02T22:27:42.3956967Z 
2026-10-02T22:27:42.3957471Z     Error Context: test-results/file-entry-audit-drum-impo-75eec--audio-and-opens-setup-help-firefox-retry2/error-context.md
2026-10-02T22:27:42.3958005Z 
2026-10-02T22:27:42.3958512Z   6) [firefox] › tests/e2e/file-entry-audit.spec.ts:25:1 › mobile empty drum table browse loads the chosen pad 
2026-10-02T22:27:42.3958932Z 
2026-10-02T22:27:42.3959085Z     Error: expect(locator).toBeVisible() failed
2026-10-02T22:27:42.3959296Z 
2026-10-02T22:27:42.3959598Z     Locator: getByRole('region', { name: 'Drum pad instrument, 1 of 24 loaded', exact: true })
2026-10-02T22:27:42.3960041Z     Expected: visible
2026-10-02T22:27:42.3960260Z     Timeout: 5000ms
2026-10-02T22:27:42.3960495Z     Error: element(s) not found
2026-10-02T22:27:42.3960658Z 
2026-10-02T22:27:42.3960737Z     Call log:
2026-10-02T22:27:42.3961282Z       - Expect "toBeVisible" getByRole('region', { name: 'Drum pad instrument, 1 of 24 loaded', exact: true }) with timeout 5000ms
2026-10-02T22:27:42.3962055Z       - waiting for getByRole('region', { name: 'Drum pad instrument, 1 of 24 loaded', exact: true })
2026-10-02T22:27:42.3962415Z 
2026-10-02T22:27:42.3962420Z 
2026-10-02T22:27:42.3962497Z       24 | });
2026-10-02T22:27:42.3962863Z       25 | test('mobile empty drum table browse loads the chosen pad',async({page})=>{
2026-10-02T22:27:42.3965110Z     > 26 |  await page.setViewportSize({width:390,height:1000});await gotoWorkspace(page,'drum');await page.getByRole('button',{name:'Table',exact:true}).click();const choosing=page.waitForEvent('filechooser');await page.getByRole('button',{name:'tap to browse for audio file',exact:true}).first().click();await(await choosing).setFiles(tone());await expect(page.getByRole('region',{name:'Drum pad instrument, 1 of 24 loaded',exact:true})).toBeVisible();await expect(page.getByText('entry.wav',{exact:true}).first()).toBeVisible();
2026-10-02T22:27:42.3967885Z          |                                                                                                                                                                                                                                                                                                                                                                                                                                              ^
2026-10-02T22:27:42.3968641Z       27 | });
2026-10-02T22:27:42.3968828Z       28 |
2026-10-02T22:27:42.3969266Z       29 | test('multisample import inclusion and root edits commit together and Undo',async({page})=>{
2026-10-02T22:27:42.3969979Z         at /home/runner/work/op-patchstudio/op-patchstudio/tests/e2e/file-entry-audit.spec.ts:26:430
2026-10-02T22:27:42.3970363Z 
2026-10-02T22:27:42.3970826Z     Error Context: test-results/file-entry-audit-mobile-em-f1d1c-browse-loads-the-chosen-pad-firefox/error-context.md
2026-10-02T22:27:42.3971329Z 
2026-10-02T22:27:42.3971699Z     Retry #1 ───────────────────────────────────────────────────────────────────────────────────────
2026-10-02T22:27:42.3971996Z 
2026-10-02T22:27:42.3972143Z     Error: expect(locator).toBeVisible() failed
2026-10-02T22:27:42.3972352Z 
2026-10-02T22:27:42.3972645Z     Locator: getByRole('region', { name: 'Drum pad instrument, 1 of 24 loaded', exact: true })
2026-10-02T22:27:42.3973077Z     Expected: visible
2026-10-02T22:27:42.3973438Z     Timeout: 5000ms
2026-10-02T22:27:42.3973679Z     Error: element(s) not found
2026-10-02T22:27:42.3973841Z 
2026-10-02T22:27:42.3973919Z     Call log:
2026-10-02T22:27:42.3974452Z       - Expect "toBeVisible" getByRole('region', { name: 'Drum pad instrument, 1 of 24 loaded', exact: true }) with timeout 5000ms
2026-10-02T22:27:42.3975218Z       - waiting for getByRole('region', { name: 'Drum pad instrument, 1 of 24 loaded', exact: true })
2026-10-02T22:27:42.3975571Z 
2026-10-02T22:27:42.3975576Z 
2026-10-02T22:27:42.3975662Z       24 | });
2026-10-02T22:27:42.3976391Z       25 | test('mobile empty drum table browse loads the chosen pad',async({page})=>{
2026-10-02T22:27:42.3978654Z     > 26 |  await page.setViewportSize({width:390,height:1000});await gotoWorkspace(page,'drum');await page.getByRole('button',{name:'Table',exact:true}).click();const choosing=page.waitForEvent('filechooser');await page.getByRole('button',{name:'tap to browse for audio file',exact:true}).first().click();await(await choosing).setFiles(tone());await expect(page.getByRole('region',{name:'Drum pad instrument, 1 of 24 loaded',exact:true})).toBeVisible();await expect(page.getByText('entry.wav',{exact:true}).first()).toBeVisible();
2026-10-02T22:27:42.3981181Z          |                                                                                                                                                                                                                                                                                                                                                                                                                                              ^
2026-10-02T22:27:42.3981933Z       27 | });
2026-10-02T22:27:42.3982117Z       28 |
2026-10-02T22:27:42.3982553Z       29 | test('multisample import inclusion and root edits commit together and Undo',async({page})=>{
2026-10-02T22:27:42.3983265Z         at /home/runner/work/op-patchstudio/op-patchstudio/tests/e2e/file-entry-audit.spec.ts:26:430
2026-10-02T22:27:42.3983651Z 
2026-10-02T22:27:42.3984147Z     Error Context: test-results/file-entry-audit-mobile-em-f1d1c-browse-loads-the-chosen-pad-firefox-retry1/error-context.md
2026-10-02T22:27:42.3984682Z 
2026-10-02T22:27:42.3985095Z     attachment #2: trace (application/zip) ─────────────────────────────────────────────────────────
2026-10-02T22:27:42.3986094Z     test-results/file-entry-audit-mobile-em-f1d1c-browse-loads-the-chosen-pad-firefox-retry1/trace.zip
2026-10-02T22:27:42.3986650Z     Usage:
2026-10-02T22:27:42.3986773Z 
2026-10-02T22:27:42.3987290Z         npx playwright show-trace test-results/file-entry-audit-mobile-em-f1d1c-browse-loads-the-chosen-pad-firefox-retry1/trace.zip
2026-10-02T22:27:42.3987843Z 
2026-10-02T22:27:42.3988203Z     ────────────────────────────────────────────────────────────────────────────────────────────────
2026-10-02T22:27:42.3988481Z 
2026-10-02T22:27:42.3988868Z     Retry #2 ───────────────────────────────────────────────────────────────────────────────────────
2026-10-02T22:27:42.3989312Z 
2026-10-02T22:27:42.3989467Z     Error: expect(locator).toBeVisible() failed
2026-10-02T22:27:42.3989683Z 
2026-10-02T22:27:42.3989985Z     Locator: getByRole('region', { name: 'Drum pad instrument, 1 of 24 loaded', exact: true })
2026-10-02T22:27:42.3990420Z     Expected: visible
2026-10-02T22:27:42.3990633Z     Timeout: 5000ms
2026-10-02T22:27:42.3990867Z     Error: element(s) not found
2026-10-02T22:27:42.3991027Z 
2026-10-02T22:27:42.3991104Z     Call log:
2026-10-02T22:27:42.3991643Z       - Expect "toBeVisible" getByRole('region', { name: 'Drum pad instrument, 1 of 24 loaded', exact: true }) with timeout 5000ms
2026-10-02T22:27:42.3992528Z       - waiting for getByRole('region', { name: 'Drum pad instrument, 1 of 24 loaded', exact: true })
2026-10-02T22:27:42.3992880Z 
2026-10-02T22:27:42.3992886Z 
2026-10-02T22:27:42.3992969Z       24 | });
2026-10-02T22:27:42.3993335Z       25 | test('mobile empty drum table browse loads the chosen pad',async({page})=>{
2026-10-02T22:27:42.3995593Z     > 26 |  await page.setViewportSize({width:390,height:1000});await gotoWorkspace(page,'drum');await page.getByRole('button',{name:'Table',exact:true}).click();const choosing=page.waitForEvent('filechooser');await page.getByRole('button',{name:'tap to browse for audio file',exact:true}).first().click();await(await choosing).setFiles(tone());await expect(page.getByRole('region',{name:'Drum pad instrument, 1 of 24 loaded',exact:true})).toBeVisible();await expect(page.getByText('entry.wav',{exact:true}).first()).toBeVisible();
2026-10-02T22:27:42.3998417Z          |                                                                                                                                                                                                                                                                                                                                                                                                                                              ^
2026-10-02T22:27:42.3999165Z       27 | });
2026-10-02T22:27:42.3999351Z       28 |
2026-10-02T22:27:42.3999784Z       29 | test('multisample import inclusion and root edits commit together and Undo',async({page})=>{
2026-10-02T22:27:42.4000493Z         at /home/runner/work/op-patchstudio/op-patchstudio/tests/e2e/file-entry-audit.spec.ts:26:430
2026-10-02T22:27:42.4000873Z 
2026-10-02T22:27:42.4001369Z     Error Context: test-results/file-entry-audit-mobile-em-f1d1c-browse-loads-the-chosen-pad-firefox-retry2/error-context.md
2026-10-02T22:27:42.4001896Z 
2026-10-02T22:27:42.4002451Z   7) [firefox] › tests/e2e/file-entry-audit.spec.ts:29:1 › multisample import inclusion and root edits commit together and Undo 
2026-10-02T22:27:42.4002918Z 
2026-10-02T22:27:42.4003040Z     Test timeout of 30000ms exceeded.
2026-10-02T22:27:42.4003217Z 
2026-10-02T22:27:42.4003394Z     Error: locator.fill: Test timeout of 30000ms exceeded.
2026-10-02T22:27:42.4003726Z     Call log:
2026-10-02T22:27:42.4004283Z       - waiting for getByRole('dialog', { name: 'Import audio', exact: true }).getByLabel('Root note for chosen.wav', { exact: true })
2026-10-02T22:27:42.4004744Z 
2026-10-02T22:27:42.4004749Z 
2026-10-02T22:27:42.4005083Z       29 | test('multisample import inclusion and root edits commit together and Undo',async({page})=>{
2026-10-02T22:27:42.4006551Z       30 |  await gotoWorkspace(page,'multisample');const choosing=page.waitForEvent('filechooser');await page.getByRole('button',{name:'Add samples',exact:true}).click();await(await choosing).setFiles([tone('chosen.wav'),tone('excluded.wav',2)]);
2026-10-02T22:27:42.4010824Z     > 31 |  const review=page.getByRole('dialog',{name:'Import audio',exact:true});await review.getByLabel('Root note for chosen.wav',{exact:true}).fill('65');await review.getByLabel('Include chosen.wav',{exact:true}).check();await review.getByLabel('Include excluded.wav',{exact:true}).uncheck();await review.getByRole('button',{name:'Apply import',exact:true}).click();await expect(review.getByLabel('Include chosen.wav',{exact:true})).toHaveCount(0);await expect(review.getByLabel('Include excluded.wav',{exact:true})).toBeVisible();await review.getByRole('button',{name:'Cancel import',exact:true}).click();
2026-10-02T22:27:42.4013345Z          |                                                                                                                                          ^
2026-10-02T22:27:42.4015238Z       32 |  await expect(page.getByRole('region',{name:'Multisample instrument, 1 of 24 loaded',exact:true})).toBeVisible();await page.getByRole('button',{name:'Table',exact:true}).click();await expect(page.getByPlaceholder('C4 or 60').first()).toHaveValue('F3');await page.getByRole('button',{name:'Undo',exact:true}).click();await expect(page.getByRole('region',{name:'Multisample instrument, 0 of 24 loaded',exact:true})).toBeVisible();
2026-10-02T22:27:42.4017152Z       33 | });
2026-10-02T22:27:42.4017359Z       34 |
2026-10-02T22:27:42.4017819Z         at /home/runner/work/op-patchstudio/op-patchstudio/tests/e2e/file-entry-audit.spec.ts:31:138
2026-10-02T22:27:42.4018210Z 
2026-10-02T22:27:42.4018678Z     Error Context: test-results/file-entry-audit-multisamp-790c4-ts-commit-together-and-Undo-firefox/error-context.md
2026-10-02T22:27:42.4019181Z 
2026-10-02T22:27:42.4019585Z     Retry #1 ───────────────────────────────────────────────────────────────────────────────────────
2026-10-02T22:27:42.4019886Z 
2026-10-02T22:27:42.4020018Z     Test timeout of 30000ms exceeded.
2026-10-02T22:27:42.4020195Z 
2026-10-02T22:27:42.4020378Z     Error: locator.fill: Test timeout of 30000ms exceeded.
2026-10-02T22:27:42.4020702Z     Call log:
2026-10-02T22:27:42.4021261Z       - waiting for getByRole('dialog', { name: 'Import audio', exact: true }).getByLabel('Root note for chosen.wav', { exact: true })
2026-10-02T22:27:42.4021743Z 
2026-10-02T22:27:42.4021750Z 
2026-10-02T22:27:42.4022094Z       29 | test('multisample import inclusion and root edits commit together and Undo',async({page})=>{
2026-10-02T22:27:42.4023370Z       30 |  await gotoWorkspace(page,'multisample');const choosing=page.waitForEvent('filechooser');await page.getByRole('button',{name:'Add samples',exact:true}).click();await(await choosing).setFiles([tone('chosen.wav'),tone('excluded.wav',2)]);
2026-10-02T22:27:42.4026727Z     > 31 |  const review=page.getByRole('dialog',{name:'Import audio',exact:true});await review.getByLabel('Root note for chosen.wav',{exact:true}).fill('65');await review.getByLabel('Include chosen.wav',{exact:true}).check();await review.getByLabel('Include excluded.wav',{exact:true}).uncheck();await review.getByRole('button',{name:'Apply import',exact:true}).click();await expect(review.getByLabel('Include chosen.wav',{exact:true})).toHaveCount(0);await expect(review.getByLabel('Include excluded.wav',{exact:true})).toBeVisible();await review.getByRole('button',{name:'Cancel import',exact:true}).click();
2026-10-02T22:27:42.4029065Z          |                                                                                                                                          ^
2026-10-02T22:27:42.4030953Z       32 |  await expect(page.getByRole('region',{name:'Multisample instrument, 1 of 24 loaded',exact:true})).toBeVisible();await page.getByRole('button',{name:'Table',exact:true}).click();await expect(page.getByPlaceholder('C4 or 60').first()).toHaveValue('F3');await page.getByRole('button',{name:'Undo',exact:true}).click();await expect(page.getByRole('region',{name:'Multisample instrument, 0 of 24 loaded',exact:true})).toBeVisible();
2026-10-02T22:27:42.4032471Z       33 | });
2026-10-02T22:27:42.4032666Z       34 |
2026-10-02T22:27:42.4033115Z         at /home/runner/work/op-patchstudio/op-patchstudio/tests/e2e/file-entry-audit.spec.ts:31:138
2026-10-02T22:27:42.4033504Z 
2026-10-02T22:27:42.4034006Z     Error Context: test-results/file-entry-audit-multisamp-790c4-ts-commit-together-and-Undo-firefox-retry1/error-context.md
2026-10-02T22:27:42.4034540Z 
2026-10-02T22:27:42.4035095Z     attachment #2: trace (application/zip) ─────────────────────────────────────────────────────────
2026-10-02T22:27:42.4036104Z     test-results/file-entry-audit-multisamp-790c4-ts-commit-together-and-Undo-firefox-retry1/trace.zip
2026-10-02T22:27:42.4036673Z     Usage:
2026-10-02T22:27:42.4036787Z 
2026-10-02T22:27:42.4037299Z         npx playwright show-trace test-results/file-entry-audit-multisamp-790c4-ts-commit-together-and-Undo-firefox-retry1/trace.zip
2026-10-02T22:27:42.4037851Z 
2026-10-02T22:27:42.4038215Z     ────────────────────────────────────────────────────────────────────────────────────────────────
2026-10-02T22:27:42.4038639Z 
2026-10-02T22:27:42.4038995Z     Retry #2 ───────────────────────────────────────────────────────────────────────────────────────
2026-10-02T22:27:42.4039283Z 
2026-10-02T22:27:42.4039409Z     Test timeout of 30000ms exceeded.
2026-10-02T22:27:42.4039593Z 
2026-10-02T22:27:42.4039775Z     Error: locator.fill: Test timeout of 30000ms exceeded.
2026-10-02T22:27:42.4040109Z     Call log:
2026-10-02T22:27:42.4040677Z       - waiting for getByRole('dialog', { name: 'Import audio', exact: true }).getByLabel('Root note for chosen.wav', { exact: true })
2026-10-02T22:27:42.4041145Z 
2026-10-02T22:27:42.4041151Z 
2026-10-02T22:27:42.4041483Z       29 | test('multisample import inclusion and root edits commit together and Undo',async({page})=>{
2026-10-02T22:27:42.4042754Z       30 |  await gotoWorkspace(page,'multisample');const choosing=page.waitForEvent('filechooser');await page.getByRole('button',{name:'Add samples',exact:true}).click();await(await choosing).setFiles([tone('chosen.wav'),tone('excluded.wav',2)]);
2026-10-02T22:27:42.4046076Z     > 31 |  const review=page.getByRole('dialog',{name:'Import audio',exact:true});await review.getByLabel('Root note for chosen.wav',{exact:true}).fill('65');await review.getByLabel('Include chosen.wav',{exact:true}).check();await review.getByLabel('Include excluded.wav',{exact:true}).uncheck();await review.getByRole('button',{name:'Apply import',exact:true}).click();await expect(review.getByLabel('Include chosen.wav',{exact:true})).toHaveCount(0);await expect(review.getByLabel('Include excluded.wav',{exact:true})).toBeVisible();await review.getByRole('button',{name:'Cancel import',exact:true}).click();
2026-10-02T22:27:42.4048403Z          |                                                                                                                                          ^
2026-10-02T22:27:42.4050286Z       32 |  await expect(page.getByRole('region',{name:'Multisample instrument, 1 of 24 loaded',exact:true})).toBeVisible();await page.getByRole('button',{name:'Table',exact:true}).click();await expect(page.getByPlaceholder('C4 or 60').first()).toHaveValue('F3');await page.getByRole('button',{name:'Undo',exact:true}).click();await expect(page.getByRole('region',{name:'Multisample instrument, 0 of 24 loaded',exact:true})).toBeVisible();
2026-10-02T22:27:42.4051811Z       33 | });
2026-10-02T22:27:42.4052007Z       34 |
2026-10-02T22:27:42.4052451Z         at /home/runner/work/op-patchstudio/op-patchstudio/tests/e2e/file-entry-audit.spec.ts:31:138
2026-10-02T22:27:42.4052828Z 
2026-10-02T22:27:42.4053337Z     Error Context: test-results/file-entry-audit-multisamp-790c4-ts-commit-together-and-Undo-firefox-retry2/error-context.md
2026-10-02T22:27:42.4053868Z 
2026-10-02T22:27:42.4054453Z   8) [firefox] › tests/e2e/file-entry-audit.spec.ts:35:1 › export preflight edits name and includes unassigned sound only when requested 
2026-10-02T22:27:42.4054959Z 
2026-10-02T22:27:42.4055082Z     Test timeout of 30000ms exceeded.
2026-10-02T22:27:42.4055271Z 
2026-10-02T22:27:42.4055477Z     Error: locator.selectOption: Test timeout of 30000ms exceeded.
2026-10-02T22:27:42.4056016Z     Call log:
2026-10-02T22:27:42.4056597Z       - waiting for getByRole('dialog', { name: 'Import audio', exact: true }).getByLabel('Destination for kick.wav', { exact: true })
2026-10-02T22:27:42.4057068Z 
2026-10-02T22:27:42.4057074Z 
2026-10-02T22:27:42.4057625Z       36 |  await context.route(/^https:\/\//,route=>route.fulfill({status:200,contentType:'text/html',body:'Isolated guide'}));
2026-10-02T22:27:42.4058915Z       37 |  await gotoWorkspace(page,'drum');const choosing=page.waitForEvent('filechooser');await page.getByRole('button',{name:'Add sounds',exact:true}).click();await(await choosing).setFiles([tone('kick.wav'),tone('spare.wav',2)]);
2026-10-02T22:27:42.4060774Z     > 38 |  const review=page.getByRole('dialog',{name:'Import audio',exact:true});await review.getByLabel('Destination for kick.wav',{exact:true}).selectOption('pad:0');await review.getByLabel('Destination for spare.wav',{exact:true}).selectOption('unassigned');await applyAudioImport(page);
2026-10-02T22:27:42.4062159Z          |                                                                                                                                          ^
2026-10-02T22:27:42.4063915Z       39 |  await page.getByRole('button',{name:'Export OP-XY',exact:true}).click();const dialog=page.getByRole('dialog',{name:'Export OP-XY preset',exact:true});await dialog.getByLabel('Instrument name',{exact:true}).fill('Audited export');await dialog.getByText('File naming and format',{exact:true}).click();await expect(dialog.getByRole('combobox',{name:'Audio format',exact:true})).toBeVisible();
2026-10-02T22:27:42.4065671Z       40 |  const option=dialog.getByRole('checkbox',{name:/Include 1 unassigned sample/});await expect(option).not.toBeChecked();
2026-10-02T22:27:42.4066570Z       41 |  for(const include of [false,true]){
2026-10-02T22:27:42.4067129Z         at /home/runner/work/op-patchstudio/op-patchstudio/tests/e2e/file-entry-audit.spec.ts:38:138
2026-10-02T22:27:42.4067550Z 
2026-10-02T22:27:42.4068016Z     Error Context: test-results/file-entry-audit-export-pr-fc1db-d-sound-only-when-requested-firefox/error-context.md
2026-10-02T22:27:42.4068515Z 
2026-10-02T22:27:42.4068893Z     Retry #1 ───────────────────────────────────────────────────────────────────────────────────────
2026-10-02T22:27:42.4069188Z 
2026-10-02T22:27:42.4069310Z     Test timeout of 30000ms exceeded.
2026-10-02T22:27:42.4069501Z 
2026-10-02T22:27:42.4069714Z     Error: locator.selectOption: Test timeout of 30000ms exceeded.
2026-10-02T22:27:42.4070056Z     Call log:
2026-10-02T22:27:42.4070612Z       - waiting for getByRole('dialog', { name: 'Import audio', exact: true }).getByLabel('Destination for kick.wav', { exact: true })
2026-10-02T22:27:42.4071082Z 
2026-10-02T22:27:42.4071088Z 
2026-10-02T22:27:42.4071504Z       36 |  await context.route(/^https:\/\//,route=>route.fulfill({status:200,contentType:'text/html',body:'Isolated guide'}));
2026-10-02T22:27:42.4072786Z       37 |  await gotoWorkspace(page,'drum');const choosing=page.waitForEvent('filechooser');await page.getByRole('button',{name:'Add sounds',exact:true}).click();await(await choosing).setFiles([tone('kick.wav'),tone('spare.wav',2)]);
2026-10-02T22:27:42.4074764Z     > 38 |  const review=page.getByRole('dialog',{name:'Import audio',exact:true});await review.getByLabel('Destination for kick.wav',{exact:true}).selectOption('pad:0');await review.getByLabel('Destination for spare.wav',{exact:true}).selectOption('unassigned');await applyAudioImport(page);
2026-10-02T22:27:42.4076301Z          |                                                                                                                                          ^
2026-10-02T22:27:42.4078069Z       39 |  await page.getByRole('button',{name:'Export OP-XY',exact:true}).click();const dialog=page.getByRole('dialog',{name:'Export OP-XY preset',exact:true});await dialog.getByLabel('Instrument name',{exact:true}).fill('Audited export');await dialog.getByText('File naming and format',{exact:true}).click();await expect(dialog.getByRole('combobox',{name:'Audio format',exact:true})).toBeVisible();
2026-10-02T22:27:42.4079964Z       40 |  const option=dialog.getByRole('checkbox',{name:/Include 1 unassigned sample/});await expect(option).not.toBeChecked();
2026-10-02T22:27:42.4080577Z       41 |  for(const include of [false,true]){
2026-10-02T22:27:42.4081127Z         at /home/runner/work/op-patchstudio/op-patchstudio/tests/e2e/file-entry-audit.spec.ts:38:138
2026-10-02T22:27:42.4081507Z 
2026-10-02T22:27:42.4082012Z     Error Context: test-results/file-entry-audit-export-pr-fc1db-d-sound-only-when-requested-firefox-retry1/error-context.md
2026-10-02T22:27:42.4082548Z 
2026-10-02T22:27:42.4082969Z     attachment #2: trace (application/zip) ─────────────────────────────────────────────────────────
2026-10-02T22:27:42.4083722Z     test-results/file-entry-audit-export-pr-fc1db-d-sound-only-when-requested-firefox-retry1/trace.zip
2026-10-02T22:27:42.4084257Z     Usage:
2026-10-02T22:27:42.4084363Z 
2026-10-02T22:27:42.4084880Z         npx playwright show-trace test-results/file-entry-audit-export-pr-fc1db-d-sound-only-when-requested-firefox-retry1/trace.zip
2026-10-02T22:27:42.4085425Z 
2026-10-02T22:27:42.4085763Z     ────────────────────────────────────────────────────────────────────────────────────────────────
2026-10-02T22:27:42.4086272Z 
2026-10-02T22:27:42.4086647Z     Retry #2 ───────────────────────────────────────────────────────────────────────────────────────
2026-10-02T22:27:42.4086935Z 
2026-10-02T22:27:42.4087064Z     Test timeout of 30000ms exceeded.
2026-10-02T22:27:42.4087238Z 
2026-10-02T22:27:42.4087451Z     Error: locator.selectOption: Test timeout of 30000ms exceeded.
2026-10-02T22:27:42.4087793Z     Call log:
2026-10-02T22:27:42.4088337Z       - waiting for getByRole('dialog', { name: 'Import audio', exact: true }).getByLabel('Destination for kick.wav', { exact: true })
2026-10-02T22:27:42.4088839Z 
2026-10-02T22:27:42.4088856Z 
2026-10-02T22:27:42.4089274Z       36 |  await context.route(/^https:\/\//,route=>route.fulfill({status:200,contentType:'text/html',body:'Isolated guide'}));
2026-10-02T22:27:42.4090547Z       37 |  await gotoWorkspace(page,'drum');const choosing=page.waitForEvent('filechooser');await page.getByRole('button',{name:'Add sounds',exact:true}).click();await(await choosing).setFiles([tone('kick.wav'),tone('spare.wav',2)]);
2026-10-02T22:27:42.4092414Z     > 38 |  const review=page.getByRole('dialog',{name:'Import audio',exact:true});await review.getByLabel('Destination for kick.wav',{exact:true}).selectOption('pad:0');await review.getByLabel('Destination for spare.wav',{exact:true}).selectOption('unassigned');await applyAudioImport(page);
2026-10-02T22:27:42.4093686Z          |                                                                                                                                          ^
2026-10-02T22:27:42.4095439Z       39 |  await page.getByRole('button',{name:'Export OP-XY',exact:true}).click();const dialog=page.getByRole('dialog',{name:'Export OP-XY preset',exact:true});await dialog.getByLabel('Instrument name',{exact:true}).fill('Audited export');await dialog.getByText('File naming and format',{exact:true}).click();await expect(dialog.getByRole('combobox',{name:'Audio format',exact:true})).toBeVisible();
2026-10-02T22:27:42.4097560Z       40 |  const option=dialog.getByRole('checkbox',{name:/Include 1 unassigned sample/});await expect(option).not.toBeChecked();
2026-10-02T22:27:42.4098185Z       41 |  for(const include of [false,true]){
2026-10-02T22:27:42.4098726Z         at /home/runner/work/op-patchstudio/op-patchstudio/tests/e2e/file-entry-audit.spec.ts:38:138
2026-10-02T22:27:42.4099107Z 
2026-10-02T22:27:42.4099604Z     Error Context: test-results/file-entry-audit-export-pr-fc1db-d-sound-only-when-requested-firefox-retry2/error-context.md
2026-10-02T22:27:42.4100141Z 
2026-10-02T22:27:42.4100662Z   9) [firefox] › tests/e2e/file-entry-audit.spec.ts:47:1 › multisample zone selection and note naming do not change roots 
2026-10-02T22:27:42.4101220Z 
2026-10-02T22:27:42.4101371Z     Error: expect(locator).toBeEnabled() failed
2026-10-02T22:27:42.4101579Z 
2026-10-02T22:27:42.4101914Z     Locator: getByRole('dialog', { name: 'Import audio' }).getByRole('button', { name: 'Apply import' })
2026-10-02T22:27:42.4102383Z     Expected: enabled
2026-10-02T22:27:42.4102604Z     Timeout: 5000ms
2026-10-02T22:27:42.4102848Z     Error: element(s) not found
2026-10-02T22:27:42.4103012Z 
2026-10-02T22:27:42.4103096Z     Call log:
2026-10-02T22:27:42.4103662Z       - Expect "toBeEnabled" getByRole('dialog', { name: 'Import audio' }).getByRole('button', { name: 'Apply import' }) with timeout 5000ms
2026-10-02T22:27:42.4104498Z       - waiting for getByRole('dialog', { name: 'Import audio' }).getByRole('button', { name: 'Apply import' })
2026-10-02T22:27:42.4104887Z 
2026-10-02T22:27:42.4104893Z 
2026-10-02T22:27:42.4105001Z        at import-helpers.ts:7
2026-10-02T22:27:42.4105172Z 
2026-10-02T22:27:42.4105395Z        5 |   const dialog=page.getByRole('dialog',{name:'Import audio'});
2026-10-02T22:27:42.4105803Z        6 |   await expect(dialog).toBeVisible();
2026-10-02T22:27:42.4106583Z     >  7 |   await expect(dialog.getByRole('button',{name:'Apply import'})).toBeEnabled();
2026-10-02T22:27:42.4107076Z          |                                                                  ^
2026-10-02T22:27:42.4107531Z        8 |   await dialog.getByRole('button',{name:'Apply import'}).click();
2026-10-02T22:27:42.4107965Z        9 |   await expect(dialog).not.toBeVisible();
2026-10-02T22:27:42.4108254Z       10 | }
2026-10-02T22:27:42.4108753Z         at applyAudioImport (/home/runner/work/op-patchstudio/op-patchstudio/tests/e2e/import-helpers.ts:7:66)
2026-10-02T22:27:42.4109509Z         at /home/runner/work/op-patchstudio/op-patchstudio/tests/e2e/file-entry-audit.spec.ts:48:240
2026-10-02T22:27:42.4109893Z 
2026-10-02T22:27:42.4110358Z     Error Context: test-results/file-entry-audit-multisamp-3fe62--naming-do-not-change-roots-firefox/error-context.md
2026-10-02T22:27:42.4110863Z 
2026-10-02T22:27:42.4111245Z     Retry #1 ───────────────────────────────────────────────────────────────────────────────────────
2026-10-02T22:27:42.4111545Z 
2026-10-02T22:27:42.4111692Z     Error: expect(locator).toBeEnabled() failed
2026-10-02T22:27:42.4111903Z 
2026-10-02T22:27:42.4112236Z     Locator: getByRole('dialog', { name: 'Import audio' }).getByRole('button', { name: 'Apply import' })
2026-10-02T22:27:42.4112707Z     Expected: enabled
2026-10-02T22:27:42.4112923Z     Timeout: 5000ms
2026-10-02T22:27:42.4113158Z     Error: element(s) not found
2026-10-02T22:27:42.4113323Z 
2026-10-02T22:27:42.4113408Z     Call log:
2026-10-02T22:27:42.4113973Z       - Expect "toBeEnabled" getByRole('dialog', { name: 'Import audio' }).getByRole('button', { name: 'Apply import' }) with timeout 5000ms
2026-10-02T22:27:42.4114804Z       - waiting for getByRole('dialog', { name: 'Import audio' }).getByRole('button', { name: 'Apply import' })
2026-10-02T22:27:42.4115200Z 
2026-10-02T22:27:42.4115206Z 
2026-10-02T22:27:42.4115308Z        at import-helpers.ts:7
2026-10-02T22:27:42.4115472Z 
2026-10-02T22:27:42.4115685Z        5 |   const dialog=page.getByRole('dialog',{name:'Import audio'});
2026-10-02T22:27:42.4116349Z        6 |   await expect(dialog).toBeVisible();
2026-10-02T22:27:42.4116839Z     >  7 |   await expect(dialog.getByRole('button',{name:'Apply import'})).toBeEnabled();
2026-10-02T22:27:42.4117471Z          |                                                                  ^
2026-10-02T22:27:42.4117914Z        8 |   await dialog.getByRole('button',{name:'Apply import'}).click();
2026-10-02T22:27:42.4118332Z        9 |   await expect(dialog).not.toBeVisible();
2026-10-02T22:27:42.4118619Z       10 | }
2026-10-02T22:27:42.4119117Z         at applyAudioImport (/home/runner/work/op-patchstudio/op-patchstudio/tests/e2e/import-helpers.ts:7:66)
2026-10-02T22:27:42.4119873Z         at /home/runner/work/op-patchstudio/op-patchstudio/tests/e2e/file-entry-audit.spec.ts:48:240
2026-10-02T22:27:42.4120365Z 
2026-10-02T22:27:42.4120866Z     Error Context: test-results/file-entry-audit-multisamp-3fe62--naming-do-not-change-roots-firefox-retry1/error-context.md
2026-10-02T22:27:42.4121400Z 
2026-10-02T22:27:42.4121813Z     attachment #2: trace (application/zip) ─────────────────────────────────────────────────────────
2026-10-02T22:27:42.4122566Z     test-results/file-entry-audit-multisamp-3fe62--naming-do-not-change-roots-firefox-retry1/trace.zip
2026-10-02T22:27:42.4123088Z     Usage:
2026-10-02T22:27:42.4123193Z 
2026-10-02T22:27:42.4123708Z         npx playwright show-trace test-results/file-entry-audit-multisamp-3fe62--naming-do-not-change-roots-firefox-retry1/trace.zip
2026-10-02T22:27:42.4124256Z 
2026-10-02T22:27:42.4124599Z     ────────────────────────────────────────────────────────────────────────────────────────────────
2026-10-02T22:27:42.4124879Z 
2026-10-02T22:27:42.4125229Z     Retry #2 ───────────────────────────────────────────────────────────────────────────────────────
2026-10-02T22:27:42.4125523Z 
2026-10-02T22:27:42.4125673Z     Error: expect(locator).toBeEnabled() failed
2026-10-02T22:27:42.4126138Z 
2026-10-02T22:27:42.4126489Z     Locator: getByRole('dialog', { name: 'Import audio' }).getByRole('button', { name: 'Apply import' })
2026-10-02T22:27:42.4126969Z     Expected: enabled
2026-10-02T22:27:42.4127192Z     Timeout: 5000ms
2026-10-02T22:27:42.4127429Z     Error: element(s) not found
2026-10-02T22:27:42.4127599Z 
2026-10-02T22:27:42.4127682Z     Call log:
2026-10-02T22:27:42.4128250Z       - Expect "toBeEnabled" getByRole('dialog', { name: 'Import audio' }).getByRole('button', { name: 'Apply import' }) with timeout 5000ms
2026-10-02T22:27:42.4129085Z       - waiting for getByRole('dialog', { name: 'Import audio' }).getByRole('button', { name: 'Apply import' })
2026-10-02T22:27:42.4129487Z 
2026-10-02T22:27:42.4129492Z 
2026-10-02T22:27:42.4129597Z        at import-helpers.ts:7
2026-10-02T22:27:42.4129759Z 
2026-10-02T22:27:42.4130004Z        5 |   const dialog=page.getByRole('dialog',{name:'Import audio'});
2026-10-02T22:27:42.4130414Z        6 |   await expect(dialog).toBeVisible();
2026-10-02T22:27:42.4130891Z     >  7 |   await expect(dialog.getByRole('button',{name:'Apply import'})).toBeEnabled();
2026-10-02T22:27:42.4131386Z          |                                                                  ^
2026-10-02T22:27:42.4131975Z        8 |   await dialog.getByRole('button',{name:'Apply import'}).click();
2026-10-02T22:27:42.4132403Z        9 |   await expect(dialog).not.toBeVisible();
2026-10-02T22:27:42.4132692Z       10 | }
2026-10-02T22:27:42.4133188Z         at applyAudioImport (/home/runner/work/op-patchstudio/op-patchstudio/tests/e2e/import-helpers.ts:7:66)
2026-10-02T22:27:42.4133954Z         at /home/runner/work/op-patchstudio/op-patchstudio/tests/e2e/file-entry-audit.spec.ts:48:240
2026-10-02T22:27:42.4134330Z 
2026-10-02T22:27:42.4134832Z     Error Context: test-results/file-entry-audit-multisamp-3fe62--naming-do-not-change-roots-firefox-retry2/error-context.md
2026-10-02T22:27:42.4135488Z 
2026-10-02T22:27:42.4136298Z   10) [firefox] › tests/e2e/file-entry-audit.spec.ts:52:31 › multisample empty table 1440px browse and waveform draft cancellation 
2026-10-02T22:27:42.4136798Z 
2026-10-02T22:27:42.4136951Z     Error: expect(locator).toBeEnabled() failed
2026-10-02T22:27:42.4137165Z 
2026-10-02T22:27:42.4137512Z     Locator: getByRole('dialog', { name: 'Import audio' }).getByRole('button', { name: 'Apply import' })
2026-10-02T22:27:42.4137975Z     Expected: enabled
2026-10-02T22:27:42.4138191Z     Timeout: 5000ms
2026-10-02T22:27:42.4138427Z     Error: element(s) not found
2026-10-02T22:27:42.4138588Z 
2026-10-02T22:27:42.4138665Z     Call log:
2026-10-02T22:27:42.4139242Z       - Expect "toBeEnabled" getByRole('dialog', { name: 'Import audio' }).getByRole('button', { name: 'Apply import' }) with timeout 5000ms
2026-10-02T22:27:42.4140075Z       - waiting for getByRole('dialog', { name: 'Import audio' }).getByRole('button', { name: 'Apply import' })
2026-10-02T22:27:42.4140476Z 
2026-10-02T22:27:42.4140481Z 
2026-10-02T22:27:42.4140580Z        at import-helpers.ts:7
2026-10-02T22:27:42.4140743Z 
2026-10-02T22:27:42.4140960Z        5 |   const dialog=page.getByRole('dialog',{name:'Import audio'});
2026-10-02T22:27:42.4141365Z        6 |   await expect(dialog).toBeVisible();
2026-10-02T22:27:42.4141839Z     >  7 |   await expect(dialog.getByRole('button',{name:'Apply import'})).toBeEnabled();
2026-10-02T22:27:42.4142333Z          |                                                                  ^
2026-10-02T22:27:42.4142770Z        8 |   await dialog.getByRole('button',{name:'Apply import'}).click();
2026-10-02T22:27:42.4143194Z        9 |   await expect(dialog).not.toBeVisible();
2026-10-02T22:27:42.4143485Z       10 | }
2026-10-02T22:27:42.4143974Z         at applyAudioImport (/home/runner/work/op-patchstudio/op-patchstudio/tests/e2e/import-helpers.ts:7:66)
2026-10-02T22:27:42.4144726Z         at /home/runner/work/op-patchstudio/op-patchstudio/tests/e2e/file-entry-audit.spec.ts:53:319
2026-10-02T22:27:42.4145114Z 
2026-10-02T22:27:42.4145571Z     Error Context: test-results/file-entry-audit-multisamp-9c10c-waveform-draft-cancellation-firefox/error-context.md
2026-10-02T22:27:42.4146352Z 
2026-10-02T22:27:42.4146734Z     Retry #1 ───────────────────────────────────────────────────────────────────────────────────────
2026-10-02T22:27:42.4147031Z 
2026-10-02T22:27:42.4147193Z     Error: expect(locator).toBeEnabled() failed
2026-10-02T22:27:42.4147404Z 
2026-10-02T22:27:42.4147734Z     Locator: getByRole('dialog', { name: 'Import audio' }).getByRole('button', { name: 'Apply import' })
2026-10-02T22:27:42.4148190Z     Expected: enabled
2026-10-02T22:27:42.4148409Z     Timeout: 5000ms
2026-10-02T22:27:42.4148642Z     Error: element(s) not found
2026-10-02T22:27:42.4148799Z 
2026-10-02T22:27:42.4148883Z     Call log:
2026-10-02T22:27:42.4149449Z       - Expect "toBeEnabled" getByRole('dialog', { name: 'Import audio' }).getByRole('button', { name: 'Apply import' }) with timeout 5000ms
2026-10-02T22:27:42.4150285Z       - waiting for getByRole('dialog', { name: 'Import audio' }).getByRole('button', { name: 'Apply import' })
2026-10-02T22:27:42.4150683Z 
2026-10-02T22:27:42.4150689Z 
2026-10-02T22:27:42.4150795Z        at import-helpers.ts:7
2026-10-02T22:27:42.4150954Z 
2026-10-02T22:27:42.4151173Z        5 |   const dialog=page.getByRole('dialog',{name:'Import audio'});
2026-10-02T22:27:42.4151715Z        6 |   await expect(dialog).toBeVisible();
2026-10-02T22:27:42.4152192Z     >  7 |   await expect(dialog.getByRole('button',{name:'Apply import'})).toBeEnabled();
2026-10-02T22:27:42.4152686Z          |                                                                  ^
2026-10-02T22:27:42.4153123Z        8 |   await dialog.getByRole('button',{name:'Apply import'}).click();
2026-10-02T22:27:42.4153547Z        9 |   await expect(dialog).not.toBeVisible();
2026-10-02T22:27:42.4153832Z       10 | }
2026-10-02T22:27:42.4154322Z         at applyAudioImport (/home/runner/work/op-patchstudio/op-patchstudio/tests/e2e/import-helpers.ts:7:66)
2026-10-02T22:27:42.4155188Z         at /home/runner/work/op-patchstudio/op-patchstudio/tests/e2e/file-entry-audit.spec.ts:53:319
2026-10-02T22:27:42.4155564Z 
2026-10-02T22:27:42.4156323Z     Error Context: test-results/file-entry-audit-multisamp-9c10c-waveform-draft-cancellation-firefox-retry1/error-context.md
2026-10-02T22:27:42.4156875Z 
2026-10-02T22:27:42.4157298Z     attachment #2: trace (application/zip) ─────────────────────────────────────────────────────────
2026-10-02T22:27:42.4158052Z     test-results/file-entry-audit-multisamp-9c10c-waveform-draft-cancellation-firefox-retry1/trace.zip
2026-10-02T22:27:42.4158581Z     Usage:
2026-10-02T22:27:42.4158687Z 
2026-10-02T22:27:42.4159204Z         npx playwright show-trace test-results/file-entry-audit-multisamp-9c10c-waveform-draft-cancellation-firefox-retry1/trace.zip
2026-10-02T22:27:42.4159753Z 
2026-10-02T22:27:42.4160088Z     ────────────────────────────────────────────────────────────────────────────────────────────────
2026-10-02T22:27:42.4160376Z 
2026-10-02T22:27:42.4160724Z     Retry #2 ───────────────────────────────────────────────────────────────────────────────────────
2026-10-02T22:27:42.4161012Z 
2026-10-02T22:27:42.4161159Z     Error: expect(locator).toBeEnabled() failed
2026-10-02T22:27:42.4161365Z 
2026-10-02T22:27:42.4161707Z     Locator: getByRole('dialog', { name: 'Import audio' }).getByRole('button', { name: 'Apply import' })
2026-10-02T22:27:42.4162169Z     Expected: enabled
2026-10-02T22:27:42.4162382Z     Timeout: 5000ms
2026-10-02T22:27:42.4162619Z     Error: element(s) not found
2026-10-02T22:27:42.4162776Z 
2026-10-02T22:27:42.4162859Z     Call log:
2026-10-02T22:27:42.4163423Z       - Expect "toBeEnabled" getByRole('dialog', { name: 'Import audio' }).getByRole('button', { name: 'Apply import' }) with timeout 5000ms
2026-10-02T22:27:42.4164253Z       - waiting for getByRole('dialog', { name: 'Import audio' }).getByRole('button', { name: 'Apply import' })
2026-10-02T22:27:42.4164659Z 
2026-10-02T22:27:42.4164664Z 
2026-10-02T22:27:42.4164766Z        at import-helpers.ts:7
2026-10-02T22:27:42.4164926Z 
2026-10-02T22:27:42.4165144Z        5 |   const dialog=page.getByRole('dialog',{name:'Import audio'});
2026-10-02T22:27:42.4165550Z        6 |   await expect(dialog).toBeVisible();
2026-10-02T22:27:42.4166244Z     >  7 |   await expect(dialog.getByRole('button',{name:'Apply import'})).toBeEnabled();
2026-10-02T22:27:42.4166745Z          |                                                                  ^
2026-10-02T22:27:42.4167185Z        8 |   await dialog.getByRole('button',{name:'Apply import'}).click();
2026-10-02T22:27:42.4167612Z        9 |   await expect(dialog).not.toBeVisible();
2026-10-02T22:27:42.4167897Z       10 | }
2026-10-02T22:27:42.4168388Z         at applyAudioImport (/home/runner/work/op-patchstudio/op-patchstudio/tests/e2e/import-helpers.ts:7:66)
2026-10-02T22:27:42.4169147Z         at /home/runner/work/op-patchstudio/op-patchstudio/tests/e2e/file-entry-audit.spec.ts:53:319
2026-10-02T22:27:42.4169524Z 
2026-10-02T22:27:42.4170026Z     Error Context: test-results/file-entry-audit-multisamp-9c10c-waveform-draft-cancellation-firefox-retry2/error-context.md
2026-10-02T22:27:42.4170558Z 
2026-10-02T22:27:42.4171108Z   11) [firefox] › tests/e2e/file-entry-audit.spec.ts:52:31 › multisample empty table 390px browse and waveform draft cancellation 
2026-10-02T22:27:42.4171579Z 
2026-10-02T22:27:42.4171901Z     Error: expect(locator).toBeEnabled() failed
2026-10-02T22:27:42.4172120Z 
2026-10-02T22:27:42.4172456Z     Locator: getByRole('dialog', { name: 'Import audio' }).getByRole('button', { name: 'Apply import' })
2026-10-02T22:27:42.4172911Z     Expected: enabled
2026-10-02T22:27:42.4173126Z     Timeout: 5000ms
2026-10-02T22:27:42.4173354Z     Error: element(s) not found
2026-10-02T22:27:42.4173514Z 
2026-10-02T22:27:42.4173590Z     Call log:
2026-10-02T22:27:42.4174155Z       - Expect "toBeEnabled" getByRole('dialog', { name: 'Import audio' }).getByRole('button', { name: 'Apply import' }) with timeout 5000ms
2026-10-02T22:27:42.4175091Z       - waiting for getByRole('dialog', { name: 'Import audio' }).getByRole('button', { name: 'Apply import' })
2026-10-02T22:27:42.4175483Z 
2026-10-02T22:27:42.4175488Z 
2026-10-02T22:27:42.4175586Z        at import-helpers.ts:7
2026-10-02T22:27:42.4175748Z 
2026-10-02T22:27:42.4176178Z        5 |   const dialog=page.getByRole('dialog',{name:'Import audio'});
2026-10-02T22:27:42.4176606Z        6 |   await expect(dialog).toBeVisible();
2026-10-02T22:27:42.4177076Z     >  7 |   await expect(dialog.getByRole('button',{name:'Apply import'})).toBeEnabled();
2026-10-02T22:27:42.4177573Z          |                                                                  ^
2026-10-02T22:27:42.4178008Z        8 |   await dialog.getByRole('button',{name:'Apply import'}).click();
2026-10-02T22:27:42.4178426Z        9 |   await expect(dialog).not.toBeVisible();
2026-10-02T22:27:42.4178716Z       10 | }
2026-10-02T22:27:42.4179208Z         at applyAudioImport (/home/runner/work/op-patchstudio/op-patchstudio/tests/e2e/import-helpers.ts:7:66)
2026-10-02T22:27:42.4179958Z         at /home/runner/work/op-patchstudio/op-patchstudio/tests/e2e/file-entry-audit.spec.ts:53:319
2026-10-02T22:27:42.4180337Z 
2026-10-02T22:27:42.4180796Z     Error Context: test-results/file-entry-audit-multisamp-d8ada-waveform-draft-cancellation-firefox/error-context.md
2026-10-02T22:27:42.4181297Z 
2026-10-02T22:27:42.4181672Z     Retry #1 ───────────────────────────────────────────────────────────────────────────────────────
2026-10-02T22:27:42.4181962Z 
2026-10-02T22:27:42.4182109Z     Error: expect(locator).toBeEnabled() failed
2026-10-02T22:27:42.4182316Z 
2026-10-02T22:27:42.4182639Z     Locator: getByRole('dialog', { name: 'Import audio' }).getByRole('button', { name: 'Apply import' })
2026-10-02T22:27:42.4183092Z     Expected: enabled
2026-10-02T22:27:42.4183311Z     Timeout: 5000ms
2026-10-02T22:27:42.4183541Z     Error: element(s) not found
2026-10-02T22:27:42.4183706Z 
2026-10-02T22:27:42.4183788Z     Call log:
2026-10-02T22:27:42.4184356Z       - Expect "toBeEnabled" getByRole('dialog', { name: 'Import audio' }).getByRole('button', { name: 'Apply import' }) with timeout 5000ms
2026-10-02T22:27:42.4185193Z       - waiting for getByRole('dialog', { name: 'Import audio' }).getByRole('button', { name: 'Apply import' })
2026-10-02T22:27:42.4185584Z 
2026-10-02T22:27:42.4185590Z 
2026-10-02T22:27:42.4186104Z        at import-helpers.ts:7
2026-10-02T22:27:42.4186320Z 
2026-10-02T22:27:42.4186559Z        5 |   const dialog=page.getByRole('dialog',{name:'Import audio'});
2026-10-02T22:27:42.4186983Z        6 |   await expect(dialog).toBeVisible();
2026-10-02T22:27:42.4187467Z     >  7 |   await expect(dialog.getByRole('button',{name:'Apply import'})).toBeEnabled();
2026-10-02T22:27:42.4187968Z          |                                                                  ^
2026-10-02T22:27:42.4188416Z        8 |   await dialog.getByRole('button',{name:'Apply import'}).click();
2026-10-02T22:27:42.4188882Z        9 |   await expect(dialog).not.toBeVisible();
2026-10-02T22:27:42.4189171Z       10 | }
2026-10-02T22:27:42.4189669Z         at applyAudioImport (/home/runner/work/op-patchstudio/op-patchstudio/tests/e2e/import-helpers.ts:7:66)
2026-10-02T22:27:42.4190430Z         at /home/runner/work/op-patchstudio/op-patchstudio/tests/e2e/file-entry-audit.spec.ts:53:319
2026-10-02T22:27:42.4190806Z 
2026-10-02T22:27:42.4191317Z     Error Context: test-results/file-entry-audit-multisamp-d8ada-waveform-draft-cancellation-firefox-retry1/error-context.md
2026-10-02T22:27:42.4191854Z 
2026-10-02T22:27:42.4192268Z     attachment #2: trace (application/zip) ─────────────────────────────────────────────────────────
2026-10-02T22:27:42.4193038Z     test-results/file-entry-audit-multisamp-d8ada-waveform-draft-cancellation-firefox-retry1/trace.zip
2026-10-02T22:27:42.4193571Z     Usage:
2026-10-02T22:27:42.4193677Z 
2026-10-02T22:27:42.4194199Z         npx playwright show-trace test-results/file-entry-audit-multisamp-d8ada-waveform-draft-cancellation-firefox-retry1/trace.zip
2026-10-02T22:27:42.4194896Z 
2026-10-02T22:27:42.4195239Z     ────────────────────────────────────────────────────────────────────────────────────────────────
2026-10-02T22:27:42.4195522Z 
2026-10-02T22:27:42.4196148Z     Retry #2 ───────────────────────────────────────────────────────────────────────────────────────
2026-10-02T22:27:42.4196479Z 
2026-10-02T22:27:42.4196651Z     Error: expect(locator).toBeEnabled() failed
2026-10-02T22:27:42.4196863Z 
2026-10-02T22:27:42.4197198Z     Locator: getByRole('dialog', { name: 'Import audio' }).getByRole('button', { name: 'Apply import' })
2026-10-02T22:27:42.4197658Z     Expected: enabled
2026-10-02T22:27:42.4197878Z     Timeout: 5000ms
2026-10-02T22:27:42.4198116Z     Error: element(s) not found
2026-10-02T22:27:42.4198271Z 
2026-10-02T22:27:42.4198354Z     Call log:
2026-10-02T22:27:42.4198918Z       - Expect "toBeEnabled" getByRole('dialog', { name: 'Import audio' }).getByRole('button', { name: 'Apply import' }) with timeout 5000ms
2026-10-02T22:27:42.4199759Z       - waiting for getByRole('dialog', { name: 'Import audio' }).getByRole('button', { name: 'Apply import' })
2026-10-02T22:27:42.4200152Z 
2026-10-02T22:27:42.4200158Z 
2026-10-02T22:27:42.4200262Z        at import-helpers.ts:7
2026-10-02T22:27:42.4200421Z 
2026-10-02T22:27:42.4200654Z        5 |   const dialog=page.getByRole('dialog',{name:'Import audio'});
2026-10-02T22:27:42.4201075Z        6 |   await expect(dialog).toBeVisible();
2026-10-02T22:27:42.4201553Z     >  7 |   await expect(dialog.getByRole('button',{name:'Apply import'})).toBeEnabled();
2026-10-02T22:27:42.4202041Z          |                                                                  ^
2026-10-02T22:27:42.4202484Z        8 |   await dialog.getByRole('button',{name:'Apply import'}).click();
2026-10-02T22:27:42.4202901Z        9 |   await expect(dialog).not.toBeVisible();
2026-10-02T22:27:42.4203186Z       10 | }
2026-10-02T22:27:42.4203684Z         at applyAudioImport (/home/runner/work/op-patchstudio/op-patchstudio/tests/e2e/import-helpers.ts:7:66)
2026-10-02T22:27:42.4204431Z         at /home/runner/work/op-patchstudio/op-patchstudio/tests/e2e/file-entry-audit.spec.ts:53:319
2026-10-02T22:27:42.4204809Z 
2026-10-02T22:27:42.4205317Z     Error Context: test-results/file-entry-audit-multisamp-d8ada-waveform-draft-cancellation-firefox-retry2/error-context.md
2026-10-02T22:27:42.4206072Z 
2026-10-02T22:27:42.4206701Z   12) [firefox] › tests/e2e/file-entry-audit.spec.ts:56:1 › organize row drops choose the intended empty pads 
2026-10-02T22:27:42.4207121Z 
2026-10-02T22:27:42.4207271Z     Error: expect(locator).toBeEnabled() failed
2026-10-02T22:27:42.4207486Z 
2026-10-02T22:27:42.4207826Z     Locator: getByRole('dialog', { name: 'Import audio' }).getByRole('button', { name: 'Apply import' })
2026-10-02T22:27:42.4208286Z     Expected: enabled
2026-10-02T22:27:42.4208500Z     Timeout: 5000ms
2026-10-02T22:27:42.4208735Z     Error: element(s) not found
2026-10-02T22:27:42.4209010Z 
2026-10-02T22:27:42.4209088Z     Call log:
2026-10-02T22:27:42.4209650Z       - Expect "toBeEnabled" getByRole('dialog', { name: 'Import audio' }).getByRole('button', { name: 'Apply import' }) with timeout 5000ms
2026-10-02T22:27:42.4210481Z       - waiting for getByRole('dialog', { name: 'Import audio' }).getByRole('button', { name: 'Apply import' })
2026-10-02T22:27:42.4210864Z 
2026-10-02T22:27:42.4210870Z 
2026-10-02T22:27:42.4210978Z        at import-helpers.ts:7
2026-10-02T22:27:42.4211144Z 
2026-10-02T22:27:42.4211359Z        5 |   const dialog=page.getByRole('dialog',{name:'Import audio'});
2026-10-02T22:27:42.4211771Z        6 |   await expect(dialog).toBeVisible();
2026-10-02T22:27:42.4212246Z     >  7 |   await expect(dialog.getByRole('button',{name:'Apply import'})).toBeEnabled();
2026-10-02T22:27:42.4212741Z          |                                                                  ^
2026-10-02T22:27:42.4213187Z        8 |   await dialog.getByRole('button',{name:'Apply import'}).click();
2026-10-02T22:27:42.4213617Z        9 |   await expect(dialog).not.toBeVisible();
2026-10-02T22:27:42.4213911Z       10 | }
2026-10-02T22:27:42.4214404Z         at applyAudioImport (/home/runner/work/op-patchstudio/op-patchstudio/tests/e2e/import-helpers.ts:7:66)
2026-10-02T22:27:42.4215155Z         at /home/runner/work/op-patchstudio/op-patchstudio/tests/e2e/file-entry-audit.spec.ts:58:599
2026-10-02T22:27:42.4215538Z 
2026-10-02T22:27:42.4216145Z     Error Context: test-results/file-entry-audit-organize--6d3ea-ose-the-intended-empty-pads-firefox/error-context.md
2026-10-02T22:27:42.4216652Z 
2026-10-02T22:27:42.4217020Z     Retry #1 ───────────────────────────────────────────────────────────────────────────────────────
2026-10-02T22:27:42.4217312Z 
2026-10-02T22:27:42.4217464Z     Error: expect(locator).toBeEnabled() failed
2026-10-02T22:27:42.4217668Z 
2026-10-02T22:27:42.4218002Z     Locator: getByRole('dialog', { name: 'Import audio' }).getByRole('button', { name: 'Apply import' })
2026-10-02T22:27:42.4218465Z     Expected: enabled
2026-10-02T22:27:42.4218679Z     Timeout: 5000ms
2026-10-02T22:27:42.4218914Z     Error: element(s) not found
2026-10-02T22:27:42.4219069Z 
2026-10-02T22:27:42.4219151Z     Call log:
2026-10-02T22:27:42.4219710Z       - Expect "toBeEnabled" getByRole('dialog', { name: 'Import audio' }).getByRole('button', { name: 'Apply import' }) with timeout 5000ms
2026-10-02T22:27:42.4220541Z       - waiting for getByRole('dialog', { name: 'Import audio' }).getByRole('button', { name: 'Apply import' })
2026-10-02T22:27:42.4220932Z 
2026-10-02T22:27:42.4220937Z 
2026-10-02T22:27:42.4221038Z        at import-helpers.ts:7
2026-10-02T22:27:42.4221198Z 
2026-10-02T22:27:42.4221415Z        5 |   const dialog=page.getByRole('dialog',{name:'Import audio'});
2026-10-02T22:27:42.4221819Z        6 |   await expect(dialog).toBeVisible();
2026-10-02T22:27:42.4222293Z     >  7 |   await expect(dialog.getByRole('button',{name:'Apply import'})).toBeEnabled();
2026-10-02T22:27:42.4222786Z          |                                                                  ^
2026-10-02T22:27:42.4223227Z        8 |   await dialog.getByRole('button',{name:'Apply import'}).click();
2026-10-02T22:27:42.4223649Z        9 |   await expect(dialog).not.toBeVisible();
2026-10-02T22:27:42.4223935Z       10 | }
2026-10-02T22:27:42.4224426Z         at applyAudioImport (/home/runner/work/op-patchstudio/op-patchstudio/tests/e2e/import-helpers.ts:7:66)
2026-10-02T22:27:42.4225322Z         at /home/runner/work/op-patchstudio/op-patchstudio/tests/e2e/file-entry-audit.spec.ts:58:599
2026-10-02T22:27:42.4225712Z 
2026-10-02T22:27:42.4226547Z     Error Context: test-results/file-entry-audit-organize--6d3ea-ose-the-intended-empty-pads-firefox-retry1/error-context.md
2026-10-02T22:27:42.4227096Z 
2026-10-02T22:27:42.4227525Z     attachment #2: trace (application/zip) ─────────────────────────────────────────────────────────
2026-10-02T22:27:42.4228277Z     test-results/file-entry-audit-organize--6d3ea-ose-the-intended-empty-pads-firefox-retry1/trace.zip
2026-10-02T22:27:42.4228972Z     Usage:
2026-10-02T22:27:42.4229080Z 
2026-10-02T22:27:42.4229597Z         npx playwright show-trace test-results/file-entry-audit-organize--6d3ea-ose-the-intended-empty-pads-firefox-retry1/trace.zip
2026-10-02T22:27:42.4230142Z 
2026-10-02T22:27:42.4230502Z     ────────────────────────────────────────────────────────────────────────────────────────────────
2026-10-02T22:27:42.4230784Z 
2026-10-02T22:27:42.4231141Z     Retry #2 ───────────────────────────────────────────────────────────────────────────────────────
2026-10-02T22:27:42.4231435Z 
2026-10-02T22:27:42.4231587Z     Error: expect(locator).toBeEnabled() failed
2026-10-02T22:27:42.4231794Z 
2026-10-02T22:27:42.4232130Z     Locator: getByRole('dialog', { name: 'Import audio' }).getByRole('button', { name: 'Apply import' })
2026-10-02T22:27:42.4232589Z     Expected: enabled
2026-10-02T22:27:42.4232810Z     Timeout: 5000ms
2026-10-02T22:27:42.4233046Z     Error: element(s) not found
2026-10-02T22:27:42.4233223Z 
2026-10-02T22:27:42.4233307Z     Call log:
2026-10-02T22:27:42.4233870Z       - Expect "toBeEnabled" getByRole('dialog', { name: 'Import audio' }).getByRole('button', { name: 'Apply import' }) with timeout 5000ms
2026-10-02T22:27:42.4234705Z       - waiting for getByRole('dialog', { name: 'Import audio' }).getByRole('button', { name: 'Apply import' })
2026-10-02T22:27:42.4235098Z 
2026-10-02T22:27:42.4235104Z 
2026-10-02T22:27:42.4235214Z        at import-helpers.ts:7
2026-10-02T22:27:42.4235381Z 
2026-10-02T22:27:42.4235600Z        5 |   const dialog=page.getByRole('dialog',{name:'Import audio'});
2026-10-02T22:27:42.4236307Z        6 |   await expect(dialog).toBeVisible();
2026-10-02T22:27:42.4236814Z     >  7 |   await expect(dialog.getByRole('button',{name:'Apply import'})).toBeEnabled();
2026-10-02T22:27:42.4237308Z          |                                                                  ^
2026-10-02T22:27:42.4237745Z        8 |   await dialog.getByRole('button',{name:'Apply import'}).click();
2026-10-02T22:27:42.4238173Z        9 |   await expect(dialog).not.toBeVisible();
2026-10-02T22:27:42.4238459Z       10 | }
2026-10-02T22:27:42.4238956Z         at applyAudioImport (/home/runner/work/op-patchstudio/op-patchstudio/tests/e2e/import-helpers.ts:7:66)
2026-10-02T22:27:42.4239717Z         at /home/runner/work/op-patchstudio/op-patchstudio/tests/e2e/file-entry-audit.spec.ts:58:599
2026-10-02T22:27:42.4240103Z 
2026-10-02T22:27:42.4240741Z     Error Context: test-results/file-entry-audit-organize--6d3ea-ose-the-intended-empty-pads-firefox-retry2/error-context.md
2026-10-02T22:27:42.4241281Z 
2026-10-02T22:27:42.4241856Z   13) [firefox] › tests/e2e/file-entry-audit.spec.ts:66:1 › an empty multisample key selects the root for the nearby Add sounds chooser 
2026-10-02T22:27:42.4242350Z 
2026-10-02T22:27:42.4242495Z     Error: expect(locator).toBeEnabled() failed
2026-10-02T22:27:42.4242706Z 
2026-10-02T22:27:42.4243037Z     Locator: getByRole('dialog', { name: 'Import audio' }).getByRole('button', { name: 'Apply import' })
2026-10-02T22:27:42.4243623Z     Expected: enabled
2026-10-02T22:27:42.4243838Z     Timeout: 5000ms
2026-10-02T22:27:42.4244076Z     Error: element(s) not found
2026-10-02T22:27:42.4244239Z 
2026-10-02T22:27:42.4244317Z     Call log:
2026-10-02T22:27:42.4244884Z       - Expect "toBeEnabled" getByRole('dialog', { name: 'Import audio' }).getByRole('button', { name: 'Apply import' }) with timeout 5000ms
2026-10-02T22:27:42.4245731Z       - waiting for getByRole('dialog', { name: 'Import audio' }).getByRole('button', { name: 'Apply import' })
2026-10-02T22:27:42.4246291Z 
2026-10-02T22:27:42.4246296Z 
2026-10-02T22:27:42.4246404Z        at import-helpers.ts:7
2026-10-02T22:27:42.4246568Z 
2026-10-02T22:27:42.4246784Z        5 |   const dialog=page.getByRole('dialog',{name:'Import audio'});
2026-10-02T22:27:42.4247193Z        6 |   await expect(dialog).toBeVisible();
2026-10-02T22:27:42.4247673Z     >  7 |   await expect(dialog.getByRole('button',{name:'Apply import'})).toBeEnabled();
2026-10-02T22:27:42.4248172Z          |                                                                  ^
2026-10-02T22:27:42.4248614Z        8 |   await dialog.getByRole('button',{name:'Apply import'}).click();
2026-10-02T22:27:42.4249036Z        9 |   await expect(dialog).not.toBeVisible();
2026-10-02T22:27:42.4249325Z       10 | }
2026-10-02T22:27:42.4249826Z         at applyAudioImport (/home/runner/work/op-patchstudio/op-patchstudio/tests/e2e/import-helpers.ts:7:66)
2026-10-02T22:27:42.4250580Z         at /home/runner/work/op-patchstudio/op-patchstudio/tests/e2e/file-entry-audit.spec.ts:67:373
2026-10-02T22:27:42.4250962Z 
2026-10-02T22:27:42.4251418Z     Error Context: test-results/file-entry-audit-an-empty--1f1e2-e-nearby-Add-sounds-chooser-firefox/error-context.md
2026-10-02T22:27:42.4251911Z 
2026-10-02T22:27:42.4252270Z     Retry #1 ───────────────────────────────────────────────────────────────────────────────────────
2026-10-02T22:27:42.4252566Z 
2026-10-02T22:27:42.4252715Z     Error: expect(locator).toBeEnabled() failed
2026-10-02T22:27:42.4252927Z 
2026-10-02T22:27:42.4253261Z     Locator: getByRole('dialog', { name: 'Import audio' }).getByRole('button', { name: 'Apply import' })
2026-10-02T22:27:42.4253716Z     Expected: enabled
2026-10-02T22:27:42.4253932Z     Timeout: 5000ms
2026-10-02T22:27:42.4254164Z     Error: element(s) not found
2026-10-02T22:27:42.4254327Z 
2026-10-02T22:27:42.4254411Z     Call log:
2026-10-02T22:27:42.4254981Z       - Expect "toBeEnabled" getByRole('dialog', { name: 'Import audio' }).getByRole('button', { name: 'Apply import' }) with timeout 5000ms
2026-10-02T22:27:42.4255812Z       - waiting for getByRole('dialog', { name: 'Import audio' }).getByRole('button', { name: 'Apply import' })
2026-10-02T22:27:42.4256337Z 
2026-10-02T22:27:42.4256343Z 
2026-10-02T22:27:42.4256444Z        at import-helpers.ts:7
2026-10-02T22:27:42.4256609Z 
2026-10-02T22:27:42.4256833Z        5 |   const dialog=page.getByRole('dialog',{name:'Import audio'});
2026-10-02T22:27:42.4257244Z        6 |   await expect(dialog).toBeVisible();
2026-10-02T22:27:42.4257717Z     >  7 |   await expect(dialog.getByRole('button',{name:'Apply import'})).toBeEnabled();
2026-10-02T22:27:42.4258202Z          |                                                                  ^
2026-10-02T22:27:42.4258644Z        8 |   await dialog.getByRole('button',{name:'Apply import'}).click();
2026-10-02T22:27:42.4259070Z        9 |   await expect(dialog).not.toBeVisible();
2026-10-02T22:27:42.4259481Z       10 | }
2026-10-02T22:27:42.4259977Z         at applyAudioImport (/home/runner/work/op-patchstudio/op-patchstudio/tests/e2e/import-helpers.ts:7:66)
2026-10-02T22:27:42.4260727Z         at /home/runner/work/op-patchstudio/op-patchstudio/tests/e2e/file-entry-audit.spec.ts:67:373
2026-10-02T22:27:42.4261107Z 
2026-10-02T22:27:42.4261608Z     Error Context: test-results/file-entry-audit-an-empty--1f1e2-e-nearby-Add-sounds-chooser-firefox-retry1/error-context.md
2026-10-02T22:27:42.4262136Z 
2026-10-02T22:27:42.4262651Z     attachment #2: trace (application/zip) ─────────────────────────────────────────────────────────
2026-10-02T22:27:42.4263388Z     test-results/file-entry-audit-an-empty--1f1e2-e-nearby-Add-sounds-chooser-firefox-retry1/trace.zip
2026-10-02T22:27:42.4263906Z     Usage:
2026-10-02T22:27:42.4264015Z 
2026-10-02T22:27:42.4264526Z         npx playwright show-trace test-results/file-entry-audit-an-empty--1f1e2-e-nearby-Add-sounds-chooser-firefox-retry1/trace.zip
2026-10-02T22:27:42.4265075Z 
2026-10-02T22:27:42.4265419Z     ────────────────────────────────────────────────────────────────────────────────────────────────
2026-10-02T22:27:42.4265698Z 
2026-10-02T22:27:42.4266357Z     Retry #2 ───────────────────────────────────────────────────────────────────────────────────────
2026-10-02T22:27:42.4266666Z 
2026-10-02T22:27:42.4266821Z     Error: expect(locator).toBeEnabled() failed
2026-10-02T22:27:42.4267031Z 
2026-10-02T22:27:42.4267369Z     Locator: getByRole('dialog', { name: 'Import audio' }).getByRole('button', { name: 'Apply import' })
2026-10-02T22:27:42.4267846Z     Expected: enabled
2026-10-02T22:27:42.4268062Z     Timeout: 5000ms
2026-10-02T22:27:42.4268294Z     Error: element(s) not found
2026-10-02T22:27:42.4268454Z 
2026-10-02T22:27:42.4268539Z     Call log:
2026-10-02T22:27:42.4269104Z       - Expect "toBeEnabled" getByRole('dialog', { name: 'Import audio' }).getByRole('button', { name: 'Apply import' }) with timeout 5000ms
2026-10-02T22:27:42.4269947Z       - waiting for getByRole('dialog', { name: 'Import audio' }).getByRole('button', { name: 'Apply import' })
2026-10-02T22:27:42.4270342Z 
2026-10-02T22:27:42.4270347Z 
2026-10-02T22:27:42.4270448Z        at import-helpers.ts:7
2026-10-02T22:27:42.4270611Z 
2026-10-02T22:27:42.4270833Z        5 |   const dialog=page.getByRole('dialog',{name:'Import audio'});
2026-10-02T22:27:42.4271242Z        6 |   await expect(dialog).toBeVisible();
2026-10-02T22:27:42.4271712Z     >  7 |   await expect(dialog.getByRole('button',{name:'Apply import'})).toBeEnabled();
2026-10-02T22:27:42.4272205Z          |                                                                  ^
2026-10-02T22:27:42.4272639Z        8 |   await dialog.getByRole('button',{name:'Apply import'}).click();
2026-10-02T22:27:42.4273058Z        9 |   await expect(dialog).not.toBeVisible();
2026-10-02T22:27:42.4273342Z       10 | }
2026-10-02T22:27:42.4273831Z         at applyAudioImport (/home/runner/work/op-patchstudio/op-patchstudio/tests/e2e/import-helpers.ts:7:66)
2026-10-02T22:27:42.4274586Z         at /home/runner/work/op-patchstudio/op-patchstudio/tests/e2e/file-entry-audit.spec.ts:67:373
2026-10-02T22:27:42.4274967Z 
2026-10-02T22:27:42.4275460Z     Error Context: test-results/file-entry-audit-an-empty--1f1e2-e-nearby-Add-sounds-chooser-firefox-retry2/error-context.md
2026-10-02T22:27:42.4276256Z 
2026-10-02T22:27:42.4276841Z   14) [firefox] › tests/e2e/focus-entry-audit.spec.ts:5:56 › drum focus import record and clear entry points preserve reviewed audio 
2026-10-02T22:27:42.4277349Z 
2026-10-02T22:27:42.4277501Z     Error: expect(locator).toBeVisible() failed
2026-10-02T22:27:42.4277715Z 
2026-10-02T22:27:42.4278016Z     Locator: getByRole('region', { name: 'Drum pad instrument, 1 of 24 loaded', exact: true })
2026-10-02T22:27:42.4278466Z     Expected: visible
2026-10-02T22:27:42.4278682Z     Timeout: 5000ms
2026-10-02T22:27:42.4278926Z     Error: element(s) not found
2026-10-02T22:27:42.4279087Z 
2026-10-02T22:27:42.4279172Z     Call log:
2026-10-02T22:27:42.4279856Z       - Expect "toBeVisible" getByRole('region', { name: 'Drum pad instrument, 1 of 24 loaded', exact: true }) with timeout 5000ms
2026-10-02T22:27:42.4280642Z       - waiting for getByRole('region', { name: 'Drum pad instrument, 1 of 24 loaded', exact: true })
2026-10-02T22:27:42.4280998Z 
2026-10-02T22:27:42.4281004Z 
2026-10-02T22:27:42.4282026Z        7 |  if(workspace==='drum'){await page.getByRole('button',{name:'Record here',exact:true}).click();const recorder=page.getByRole('dialog',{name:'Record takes',exact:true});await expect(recorder).toBeVisible();await recorder.getByRole('button',{name:'Close',exact:true}).click();}
2026-10-02T22:27:42.4283501Z        8 |  const importButton=page.getByRole('button',{name:workspace==='drum'?'Add sample':'Add samples',exact:true});
2026-10-02T22:27:42.4285023Z     >  9 |  const choosing=page.waitForEvent('filechooser');await importButton.click();await(await choosing).setFiles(tone());if(workspace==='multisample')await applyAudioImport(page);else await expect(page.getByRole('region',{name:'Drum pad instrument, 1 of 24 loaded',exact:true})).toBeVisible();
2026-10-02T22:27:42.4286851Z          |                                                                                                                                                                                                                                                                                  ^
2026-10-02T22:27:42.4287708Z       10 |  const record=page.getByRole('button',{name:workspace==='drum'?'Record here':'Record at root',exact:true});
2026-10-02T22:27:42.4289155Z       11 |  if(workspace==='multisample'){await record.click();const recorder=page.getByRole('dialog',{name:'Record takes',exact:true});await expect(recorder).toBeVisible();await recorder.getByRole('button',{name:'Close',exact:true}).click();await expect(recorder).toBeHidden();}
2026-10-02T22:27:42.4290220Z       12 |  if(workspace==='drum'){
2026-10-02T22:27:42.4290734Z         at /home/runner/work/op-patchstudio/op-patchstudio/tests/e2e/focus-entry-audit.spec.ts:9:274
2026-10-02T22:27:42.4291126Z 
2026-10-02T22:27:42.4291589Z     Error Context: test-results/focus-entry-audit-drum-foc-d4f8d-nts-preserve-reviewed-audio-firefox/error-context.md
2026-10-02T22:27:42.4292082Z 
2026-10-02T22:27:42.4292463Z     Retry #1 ───────────────────────────────────────────────────────────────────────────────────────
2026-10-02T22:27:42.4292752Z 
2026-10-02T22:27:42.4292902Z     Error: expect(locator).toBeVisible() failed
2026-10-02T22:27:42.4293112Z 
2026-10-02T22:27:42.4293411Z     Locator: getByRole('region', { name: 'Drum pad instrument, 1 of 24 loaded', exact: true })
2026-10-02T22:27:42.4293937Z     Expected: visible
2026-10-02T22:27:42.4294292Z     Timeout: 5000ms
2026-10-02T22:27:42.4294812Z     Error: element(s) not found
2026-10-02T22:27:42.4295004Z 
2026-10-02T22:27:42.4295154Z     Call log:
2026-10-02T22:27:42.4296032Z       - Expect "toBeVisible" getByRole('region', { name: 'Drum pad instrument, 1 of 24 loaded', exact: true }) with timeout 5000ms
2026-10-02T22:27:42.4296962Z       - waiting for getByRole('region', { name: 'Drum pad instrument, 1 of 24 loaded', exact: true })
2026-10-02T22:27:42.4297425Z 
2026-10-02T22:27:42.4297431Z 
2026-10-02T22:27:42.4298494Z        7 |  if(workspace==='drum'){await page.getByRole('button',{name:'Record here',exact:true}).click();const recorder=page.getByRole('dialog',{name:'Record takes',exact:true});await expect(recorder).toBeVisible();await recorder.getByRole('button',{name:'Close',exact:true}).click();}
2026-10-02T22:27:42.4300019Z        8 |  const importButton=page.getByRole('button',{name:workspace==='drum'?'Add sample':'Add samples',exact:true});
2026-10-02T22:27:42.4301666Z     >  9 |  const choosing=page.waitForEvent('filechooser');await importButton.click();await(await choosing).setFiles(tone());if(workspace==='multisample')await applyAudioImport(page);else await expect(page.getByRole('region',{name:'Drum pad instrument, 1 of 24 loaded',exact:true})).toBeVisible();
2026-10-02T22:27:42.4303491Z          |                                                                                                                                                                                                                                                                                  ^
2026-10-02T22:27:42.4304501Z       10 |  const record=page.getByRole('button',{name:workspace==='drum'?'Record here':'Record at root',exact:true});
2026-10-02T22:27:42.4306229Z       11 |  if(workspace==='multisample'){await record.click();const recorder=page.getByRole('dialog',{name:'Record takes',exact:true});await expect(recorder).toBeVisible();await recorder.getByRole('button',{name:'Close',exact:true}).click();await expect(recorder).toBeHidden();}
2026-10-02T22:27:42.4307561Z       12 |  if(workspace==='drum'){
2026-10-02T22:27:42.4308171Z         at /home/runner/work/op-patchstudio/op-patchstudio/tests/e2e/focus-entry-audit.spec.ts:9:274
2026-10-02T22:27:42.4308657Z 
2026-10-02T22:27:42.4309249Z     Error Context: test-results/focus-entry-audit-drum-foc-d4f8d-nts-preserve-reviewed-audio-firefox-retry1/error-context.md
2026-10-02T22:27:42.4309858Z 
2026-10-02T22:27:42.4310349Z     attachment #2: trace (application/zip) ─────────────────────────────────────────────────────────
2026-10-02T22:27:42.4321726Z     test-results/focus-entry-audit-drum-foc-d4f8d-nts-preserve-reviewed-audio-firefox-retry1/trace.zip
2026-10-02T22:27:42.4322356Z     Usage:
2026-10-02T22:27:42.4322476Z 
2026-10-02T22:27:42.4323029Z         npx playwright show-trace test-results/focus-entry-audit-drum-foc-d4f8d-nts-preserve-reviewed-audio-firefox-retry1/trace.zip
2026-10-02T22:27:42.4323625Z 
2026-10-02T22:27:42.4324028Z     ────────────────────────────────────────────────────────────────────────────────────────────────
2026-10-02T22:27:42.4324328Z 
2026-10-02T22:27:42.4324687Z     Retry #2 ───────────────────────────────────────────────────────────────────────────────────────
2026-10-02T22:27:42.4324989Z 
2026-10-02T22:27:42.4325166Z     Error: expect(locator).toBeVisible() failed
2026-10-02T22:27:42.4325382Z 
2026-10-02T22:27:42.4325688Z     Locator: getByRole('region', { name: 'Drum pad instrument, 1 of 24 loaded', exact: true })
2026-10-02T22:27:42.4326304Z     Expected: visible
2026-10-02T22:27:42.4326529Z     Timeout: 5000ms
2026-10-02T22:27:42.4326772Z     Error: element(s) not found
2026-10-02T22:27:42.4326931Z 
2026-10-02T22:27:42.4327015Z     Call log:
2026-10-02T22:27:42.4327567Z       - Expect "toBeVisible" getByRole('region', { name: 'Drum pad instrument, 1 of 24 loaded', exact: true }) with timeout 5000ms
2026-10-02T22:27:42.4328357Z       - waiting for getByRole('region', { name: 'Drum pad instrument, 1 of 24 loaded', exact: true })
2026-10-02T22:27:42.4328719Z 
2026-10-02T22:27:42.4328724Z 
2026-10-02T22:27:42.4329917Z        7 |  if(workspace==='drum'){await page.getByRole('button',{name:'Record here',exact:true}).click();const recorder=page.getByRole('dialog',{name:'Record takes',exact:true});await expect(recorder).toBeVisible();await recorder.getByRole('button',{name:'Close',exact:true}).click();}
2026-10-02T22:27:42.4331283Z        8 |  const importButton=page.getByRole('button',{name:workspace==='drum'?'Add sample':'Add samples',exact:true});
2026-10-02T22:27:42.4332789Z     >  9 |  const choosing=page.waitForEvent('filechooser');await importButton.click();await(await choosing).setFiles(tone());if(workspace==='multisample')await applyAudioImport(page);else await expect(page.getByRole('region',{name:'Drum pad instrument, 1 of 24 loaded',exact:true})).toBeVisible();
2026-10-02T22:27:42.4334431Z          |                                                                                                                                                                                                                                                                                  ^
2026-10-02T22:27:42.4335274Z       10 |  const record=page.getByRole('button',{name:workspace==='drum'?'Record here':'Record at root',exact:true});
2026-10-02T22:27:42.4336856Z       11 |  if(workspace==='multisample'){await record.click();const recorder=page.getByRole('dialog',{name:'Record takes',exact:true});await expect(recorder).toBeVisible();await recorder.getByRole('button',{name:'Close',exact:true}).click();await expect(recorder).toBeHidden();}
2026-10-02T22:27:42.4337919Z       12 |  if(workspace==='drum'){
2026-10-02T22:27:42.4338430Z         at /home/runner/work/op-patchstudio/op-patchstudio/tests/e2e/focus-entry-audit.spec.ts:9:274
2026-10-02T22:27:42.4338817Z 
2026-10-02T22:27:42.4339324Z     Error Context: test-results/focus-entry-audit-drum-foc-d4f8d-nts-preserve-reviewed-audio-firefox-retry2/error-context.md
2026-10-02T22:27:42.4339864Z 
2026-10-02T22:27:42.4340460Z   15) [firefox] › tests/e2e/focus-entry-audit.spec.ts:5:56 › multisample focus import record and clear entry points preserve reviewed audio 
2026-10-02T22:27:42.4340975Z 
2026-10-02T22:27:42.4341128Z     Error: expect(locator).toBeEnabled() failed
2026-10-02T22:27:42.4341333Z 
2026-10-02T22:27:42.4341677Z     Locator: getByRole('dialog', { name: 'Import audio' }).getByRole('button', { name: 'Apply import' })
2026-10-02T22:27:42.4342140Z     Expected: enabled
2026-10-02T22:27:42.4342356Z     Timeout: 5000ms
2026-10-02T22:27:42.4342593Z     Error: element(s) not found
2026-10-02T22:27:42.4342750Z 
2026-10-02T22:27:42.4342832Z     Call log:
2026-10-02T22:27:42.4343395Z       - Expect "toBeEnabled" getByRole('dialog', { name: 'Import audio' }).getByRole('button', { name: 'Apply import' }) with timeout 5000ms
2026-10-02T22:27:42.4344229Z       - waiting for getByRole('dialog', { name: 'Import audio' }).getByRole('button', { name: 'Apply import' })
2026-10-02T22:27:42.4344623Z 
2026-10-02T22:27:42.4344628Z 
2026-10-02T22:27:42.4344733Z        at import-helpers.ts:7
2026-10-02T22:27:42.4344892Z 
2026-10-02T22:27:42.4345118Z        5 |   const dialog=page.getByRole('dialog',{name:'Import audio'});
2026-10-02T22:27:42.4345531Z        6 |   await expect(dialog).toBeVisible();
2026-10-02T22:27:42.4346144Z     >  7 |   await expect(dialog.getByRole('button',{name:'Apply import'})).toBeEnabled();
2026-10-02T22:27:42.4346641Z          |                                                                  ^
2026-10-02T22:27:42.4347086Z        8 |   await dialog.getByRole('button',{name:'Apply import'}).click();
2026-10-02T22:27:42.4347506Z        9 |   await expect(dialog).not.toBeVisible();
2026-10-02T22:27:42.4347792Z       10 | }
2026-10-02T22:27:42.4348284Z         at applyAudioImport (/home/runner/work/op-patchstudio/op-patchstudio/tests/e2e/import-helpers.ts:7:66)
2026-10-02T22:27:42.4349038Z         at /home/runner/work/op-patchstudio/op-patchstudio/tests/e2e/focus-entry-audit.spec.ts:9:145
2026-10-02T22:27:42.4349417Z 
2026-10-02T22:27:42.4349877Z     Error Context: test-results/focus-entry-audit-multisam-10099-nts-preserve-reviewed-audio-firefox/error-context.md
2026-10-02T22:27:42.4350377Z 
2026-10-02T22:27:42.4350738Z     Retry #1 ───────────────────────────────────────────────────────────────────────────────────────
2026-10-02T22:27:42.4351172Z 
2026-10-02T22:27:42.4351324Z     Error: expect(locator).toBeEnabled() failed
2026-10-02T22:27:42.4351537Z 
2026-10-02T22:27:42.4351869Z     Locator: getByRole('dialog', { name: 'Import audio' }).getByRole('button', { name: 'Apply import' })
2026-10-02T22:27:42.4352330Z     Expected: enabled
2026-10-02T22:27:42.4352546Z     Timeout: 5000ms
2026-10-02T22:27:42.4352777Z     Error: element(s) not found
2026-10-02T22:27:42.4352938Z 
2026-10-02T22:27:42.4353014Z     Call log:
2026-10-02T22:27:42.4353585Z       - Expect "toBeEnabled" getByRole('dialog', { name: 'Import audio' }).getByRole('button', { name: 'Apply import' }) with timeout 5000ms
2026-10-02T22:27:42.4354530Z       - waiting for getByRole('dialog', { name: 'Import audio' }).getByRole('button', { name: 'Apply import' })
2026-10-02T22:27:42.4354915Z 
2026-10-02T22:27:42.4354920Z 
2026-10-02T22:27:42.4355025Z        at import-helpers.ts:7
2026-10-02T22:27:42.4355191Z 
2026-10-02T22:27:42.4355407Z        5 |   const dialog=page.getByRole('dialog',{name:'Import audio'});
2026-10-02T22:27:42.4355945Z        6 |   await expect(dialog).toBeVisible();
2026-10-02T22:27:42.4356440Z     >  7 |   await expect(dialog.getByRole('button',{name:'Apply import'})).toBeEnabled();
2026-10-02T22:27:42.4356929Z          |                                                                  ^
2026-10-02T22:27:42.4357367Z        8 |   await dialog.getByRole('button',{name:'Apply import'}).click();
2026-10-02T22:27:42.4357795Z        9 |   await expect(dialog).not.toBeVisible();
2026-10-02T22:27:42.4358093Z       10 | }
2026-10-02T22:27:42.4358585Z         at applyAudioImport (/home/runner/work/op-patchstudio/op-patchstudio/tests/e2e/import-helpers.ts:7:66)
2026-10-02T22:27:42.4359339Z         at /home/runner/work/op-patchstudio/op-patchstudio/tests/e2e/focus-entry-audit.spec.ts:9:145
2026-10-02T22:27:42.4359718Z 
2026-10-02T22:27:42.4360220Z     Error Context: test-results/focus-entry-audit-multisam-10099-nts-preserve-reviewed-audio-firefox-retry1/error-context.md
2026-10-02T22:27:42.4360755Z 
2026-10-02T22:27:42.4361171Z     attachment #2: trace (application/zip) ─────────────────────────────────────────────────────────
2026-10-02T22:27:42.4361917Z     test-results/focus-entry-audit-multisam-10099-nts-preserve-reviewed-audio-firefox-retry1/trace.zip
2026-10-02T22:27:42.4362437Z     Usage:
2026-10-02T22:27:42.4362548Z 
2026-10-02T22:27:42.4363055Z         npx playwright show-trace test-results/focus-entry-audit-multisam-10099-nts-preserve-reviewed-audio-firefox-retry1/trace.zip
2026-10-02T22:27:42.4363613Z 
2026-10-02T22:27:42.4363956Z     ────────────────────────────────────────────────────────────────────────────────────────────────
2026-10-02T22:27:42.4364229Z 
2026-10-02T22:27:42.4364579Z     Retry #2 ───────────────────────────────────────────────────────────────────────────────────────
2026-10-02T22:27:42.4364862Z 
2026-10-02T22:27:42.4365008Z     Error: expect(locator).toBeEnabled() failed
2026-10-02T22:27:42.4365217Z 
2026-10-02T22:27:42.4365677Z     Locator: getByRole('dialog', { name: 'Import audio' }).getByRole('button', { name: 'Apply import' })
2026-10-02T22:27:42.4366279Z     Expected: enabled
2026-10-02T22:27:42.4366497Z     Timeout: 5000ms
2026-10-02T22:27:42.4366733Z     Error: element(s) not found
2026-10-02T22:27:42.4366894Z 
2026-10-02T22:27:42.4366971Z     Call log:
2026-10-02T22:27:42.4367536Z       - Expect "toBeEnabled" getByRole('dialog', { name: 'Import audio' }).getByRole('button', { name: 'Apply import' }) with timeout 5000ms
2026-10-02T22:27:42.4368369Z       - waiting for getByRole('dialog', { name: 'Import audio' }).getByRole('button', { name: 'Apply import' })
2026-10-02T22:27:42.4368767Z 
2026-10-02T22:27:42.4368773Z 
2026-10-02T22:27:42.4368881Z        at import-helpers.ts:7
2026-10-02T22:27:42.4369044Z 
2026-10-02T22:27:42.4369257Z        5 |   const dialog=page.getByRole('dialog',{name:'Import audio'});
2026-10-02T22:27:42.4369659Z        6 |   await expect(dialog).toBeVisible();
2026-10-02T22:27:42.4370138Z     >  7 |   await expect(dialog.getByRole('button',{name:'Apply import'})).toBeEnabled();
2026-10-02T22:27:42.4370626Z          |                                                                  ^
2026-10-02T22:27:42.4371061Z        8 |   await dialog.getByRole('button',{name:'Apply import'}).click();
2026-10-02T22:27:42.4371475Z        9 |   await expect(dialog).not.toBeVisible();
2026-10-02T22:27:42.4371758Z       10 | }
2026-10-02T22:27:42.4372254Z         at applyAudioImport (/home/runner/work/op-patchstudio/op-patchstudio/tests/e2e/import-helpers.ts:7:66)
2026-10-02T22:27:42.4373122Z         at /home/runner/work/op-patchstudio/op-patchstudio/tests/e2e/focus-entry-audit.spec.ts:9:145
2026-10-02T22:27:42.4373493Z 
2026-10-02T22:27:42.4373993Z     Error Context: test-results/focus-entry-audit-multisam-10099-nts-preserve-reviewed-audio-firefox-retry2/error-context.md
2026-10-02T22:27:42.4374521Z 
2026-10-02T22:27:42.4375157Z   16) [firefox] › tests/e2e/instrument-utility-audit.spec.ts:7:56 › multisample clear reset defaults and pin controls preserve Undo and persistence 
2026-10-02T22:27:42.4375705Z 
2026-10-02T22:27:42.4376036Z     Error: expect(locator).toBeEnabled() failed
2026-10-02T22:27:42.4376255Z 
2026-10-02T22:27:42.4376594Z     Locator: getByRole('dialog', { name: 'Import audio' }).getByRole('button', { name: 'Apply import' })
2026-10-02T22:27:42.4377056Z     Expected: enabled
2026-10-02T22:27:42.4377273Z     Timeout: 5000ms
2026-10-02T22:27:42.4377505Z     Error: element(s) not found
2026-10-02T22:27:42.4377666Z 
2026-10-02T22:27:42.4377756Z     Call log:
2026-10-02T22:27:42.4378323Z       - Expect "toBeEnabled" getByRole('dialog', { name: 'Import audio' }).getByRole('button', { name: 'Apply import' }) with timeout 5000ms
2026-10-02T22:27:42.4379151Z       - waiting for getByRole('dialog', { name: 'Import audio' }).getByRole('button', { name: 'Apply import' })
2026-10-02T22:27:42.4379540Z 
2026-10-02T22:27:42.4379545Z 
2026-10-02T22:27:42.4379644Z        at import-helpers.ts:7
2026-10-02T22:27:42.4379805Z 
2026-10-02T22:27:42.4380025Z        5 |   const dialog=page.getByRole('dialog',{name:'Import audio'});
2026-10-02T22:27:42.4380427Z        6 |   await expect(dialog).toBeVisible();
2026-10-02T22:27:42.4380893Z     >  7 |   await expect(dialog.getByRole('button',{name:'Apply import'})).toBeEnabled();
2026-10-02T22:27:42.4381374Z          |                                                                  ^
2026-10-02T22:27:42.4381815Z        8 |   await dialog.getByRole('button',{name:'Apply import'}).click();
2026-10-02T22:27:42.4382234Z        9 |   await expect(dialog).not.toBeVisible();
2026-10-02T22:27:42.4382522Z       10 | }
2026-10-02T22:27:42.4383012Z         at applyAudioImport (/home/runner/work/op-patchstudio/op-patchstudio/tests/e2e/import-helpers.ts:7:66)
2026-10-02T22:27:42.4383802Z         at /home/runner/work/op-patchstudio/op-patchstudio/tests/e2e/instrument-utility-audit.spec.ts:10:85
2026-10-02T22:27:42.4384215Z 
2026-10-02T22:27:42.4384805Z     Error Context: test-results/instrument-utility-audit-m-ed87b-eserve-Undo-and-persistence-firefox/error-context.md
2026-10-02T22:27:42.4385306Z 
2026-10-02T22:27:42.4385673Z     Retry #1 ───────────────────────────────────────────────────────────────────────────────────────
2026-10-02T22:27:42.4386133Z 
2026-10-02T22:27:42.4386281Z     Error: expect(locator).toBeEnabled() failed
2026-10-02T22:27:42.4386488Z 
2026-10-02T22:27:42.4386819Z     Locator: getByRole('dialog', { name: 'Import audio' }).getByRole('button', { name: 'Apply import' })
2026-10-02T22:27:42.4387282Z     Expected: enabled
2026-10-02T22:27:42.4387625Z     Timeout: 5000ms
2026-10-02T22:27:42.4387857Z     Error: element(s) not found
2026-10-02T22:27:42.4388014Z 
2026-10-02T22:27:42.4388095Z     Call log:
2026-10-02T22:27:42.4388703Z       - Expect "toBeEnabled" getByRole('dialog', { name: 'Import audio' }).getByRole('button', { name: 'Apply import' }) with timeout 5000ms
2026-10-02T22:27:42.4389539Z       - waiting for getByRole('dialog', { name: 'Import audio' }).getByRole('button', { name: 'Apply import' })
2026-10-02T22:27:42.4389965Z 
2026-10-02T22:27:42.4389969Z 
2026-10-02T22:27:42.4390074Z        at import-helpers.ts:7
2026-10-02T22:27:42.4390236Z 
2026-10-02T22:27:42.4390447Z        5 |   const dialog=page.getByRole('dialog',{name:'Import audio'});
2026-10-02T22:27:42.4390849Z        6 |   await expect(dialog).toBeVisible();
2026-10-02T22:27:42.4391324Z     >  7 |   await expect(dialog.getByRole('button',{name:'Apply import'})).toBeEnabled();
2026-10-02T22:27:42.4391803Z          |                                                                  ^
2026-10-02T22:27:42.4392235Z        8 |   await dialog.getByRole('button',{name:'Apply import'}).click();
2026-10-02T22:27:42.4392652Z        9 |   await expect(dialog).not.toBeVisible();
2026-10-02T22:27:42.4392930Z       10 | }
2026-10-02T22:27:42.4393414Z         at applyAudioImport (/home/runner/work/op-patchstudio/op-patchstudio/tests/e2e/import-helpers.ts:7:66)
2026-10-02T22:27:42.4394196Z         at /home/runner/work/op-patchstudio/op-patchstudio/tests/e2e/instrument-utility-audit.spec.ts:10:85
2026-10-02T22:27:42.4394603Z 
2026-10-02T22:27:42.4395103Z     Error Context: test-results/instrument-utility-audit-m-ed87b-eserve-Undo-and-persistence-firefox-retry1/error-context.md
2026-10-02T22:27:42.4395634Z 
2026-10-02T22:27:42.4396176Z     attachment #2: trace (application/zip) ─────────────────────────────────────────────────────────
2026-10-02T22:27:42.4396929Z     test-results/instrument-utility-audit-m-ed87b-eserve-Undo-and-persistence-firefox-retry1/trace.zip
2026-10-02T22:27:42.4397462Z     Usage:
2026-10-02T22:27:42.4397570Z 
2026-10-02T22:27:42.4398079Z         npx playwright show-trace test-results/instrument-utility-audit-m-ed87b-eserve-Undo-and-persistence-firefox-retry1/trace.zip
2026-10-02T22:27:42.4398630Z 
2026-10-02T22:27:42.4398975Z     ────────────────────────────────────────────────────────────────────────────────────────────────
2026-10-02T22:27:42.4399247Z 
2026-10-02T22:27:42.4399606Z     Retry #2 ───────────────────────────────────────────────────────────────────────────────────────
2026-10-02T22:27:42.4399895Z 
2026-10-02T22:27:42.4400040Z     Error: expect(locator).toBeEnabled() failed
2026-10-02T22:27:42.4400251Z 
2026-10-02T22:27:42.4400583Z     Locator: getByRole('dialog', { name: 'Import audio' }).getByRole('button', { name: 'Apply import' })
2026-10-02T22:27:42.4401040Z     Expected: enabled
2026-10-02T22:27:42.4401249Z     Timeout: 5000ms
2026-10-02T22:27:42.4401479Z     Error: element(s) not found
2026-10-02T22:27:42.4401640Z 
2026-10-02T22:27:42.4401728Z     Call log:
2026-10-02T22:27:42.4402295Z       - Expect "toBeEnabled" getByRole('dialog', { name: 'Import audio' }).getByRole('button', { name: 'Apply import' }) with timeout 5000ms
2026-10-02T22:27:42.4403114Z       - waiting for getByRole('dialog', { name: 'Import audio' }).getByRole('button', { name: 'Apply import' })
2026-10-02T22:27:42.4403501Z 
2026-10-02T22:27:42.4403506Z 
2026-10-02T22:27:42.4403610Z        at import-helpers.ts:7
2026-10-02T22:27:42.4403770Z 
2026-10-02T22:27:42.4404112Z        5 |   const dialog=page.getByRole('dialog',{name:'Import audio'});
2026-10-02T22:27:42.4404522Z        6 |   await expect(dialog).toBeVisible();
2026-10-02T22:27:42.4404991Z     >  7 |   await expect(dialog.getByRole('button',{name:'Apply import'})).toBeEnabled();
2026-10-02T22:27:42.4405479Z          |                                                                  ^
2026-10-02T22:27:42.4406203Z        8 |   await dialog.getByRole('button',{name:'Apply import'}).click();
2026-10-02T22:27:42.4406655Z        9 |   await expect(dialog).not.toBeVisible();
2026-10-02T22:27:42.4407122Z       10 | }
2026-10-02T22:27:42.4407619Z         at applyAudioImport (/home/runner/work/op-patchstudio/op-patchstudio/tests/e2e/import-helpers.ts:7:66)
2026-10-02T22:27:42.4408413Z         at /home/runner/work/op-patchstudio/op-patchstudio/tests/e2e/instrument-utility-audit.spec.ts:10:85
2026-10-02T22:27:42.4408827Z 
2026-10-02T22:27:42.4409330Z     Error Context: test-results/instrument-utility-audit-m-ed87b-eserve-Undo-and-persistence-firefox-retry2/error-context.md
2026-10-02T22:27:42.4409863Z 
2026-10-02T22:27:42.4410591Z   17) [firefox] › tests/e2e/marker-actions-audit.spec.ts:5:56 › drum zero-crossing action changes markers atomically and Undo restores them 
2026-10-02T22:27:42.4411106Z 
2026-10-02T22:27:42.4411257Z     Error: expect(locator).toBeVisible() failed
2026-10-02T22:27:42.4411467Z 
2026-10-02T22:27:42.4411759Z     Locator: getByRole('region', { name: 'Drum pad instrument, 1 of 24 loaded', exact: true })
2026-10-02T22:27:42.4412194Z     Expected: visible
2026-10-02T22:27:42.4412420Z     Timeout: 5000ms
2026-10-02T22:27:42.4412656Z     Error: element(s) not found
2026-10-02T22:27:42.4412814Z 
2026-10-02T22:27:42.4412896Z     Call log:
2026-10-02T22:27:42.4413442Z       - Expect "toBeVisible" getByRole('region', { name: 'Drum pad instrument, 1 of 24 loaded', exact: true }) with timeout 5000ms
2026-10-02T22:27:42.4414218Z       - waiting for getByRole('region', { name: 'Drum pad instrument, 1 of 24 loaded', exact: true })
2026-10-02T22:27:42.4414578Z 
2026-10-02T22:27:42.4414583Z 
2026-10-02T22:27:42.4415185Z        5 | for(const workspace of ['drum','multisample'] as const)test(`${workspace} zero-crossing action changes markers atomically and Undo restores them`,async({page})=>{
2026-10-02T22:27:42.4416282Z        6 |  await gotoWorkspace(page,workspace);
2026-10-02T22:27:42.4417584Z     >  7 |  if(workspace==='drum'){const chooser=page.waitForEvent('filechooser');await page.getByRole('button',{name:'Add sample',exact:true}).click();await(await chooser).setFiles(tone());await expect(page.getByRole('region',{name:'Drum pad instrument, 1 of 24 loaded',exact:true})).toBeVisible();}
2026-10-02T22:27:42.4419124Z          |                                                                                                                                                                                                                                                                                   ^
2026-10-02T22:27:42.4420024Z        8 |  else{await page.getByLabel('choose multisample audio files').setInputFiles(tone());await applyAudioImport(page);}
2026-10-02T22:27:42.4421940Z        9 |  const editor=page.getByRole('region',{name:workspace==='drum'?'Focused sample editor':'Focused multisample editor',exact:true});const start=editor.getByRole('spinbutton',{name:/^In point/i});const end=editor.getByRole('spinbutton',{name:/^Out point/i});await start.fill('0.002');await start.blur();await end.fill('0.09');await end.blur();const before=[await start.inputValue(),await end.inputValue()];
2026-10-02T22:27:42.4424617Z       10 |  if(workspace==='multisample'){await editor.getByRole('button',{name:'Analyze sound',exact:true}).click();await editor.getByRole('button',{name:'Discard suggestion',exact:true}).click();await expect(editor.getByRole('button',{name:'Discard suggestion',exact:true})).toHaveCount(0);expect([await start.inputValue(),await end.inputValue()]).toEqual(before);}
2026-10-02T22:27:42.4426499Z         at /home/runner/work/op-patchstudio/op-patchstudio/tests/e2e/marker-actions-audit.spec.ts:7:275
2026-10-02T22:27:42.4426916Z 
2026-10-02T22:27:42.4427379Z     Error Context: test-results/marker-actions-audit-drum--75605-ally-and-Undo-restores-them-firefox/error-context.md
2026-10-02T22:27:42.4427865Z 
2026-10-02T22:27:42.4428248Z     Retry #1 ───────────────────────────────────────────────────────────────────────────────────────
2026-10-02T22:27:42.4428541Z 
2026-10-02T22:27:42.4428689Z     Error: expect(locator).toBeVisible() failed
2026-10-02T22:27:42.4429017Z 
2026-10-02T22:27:42.4429309Z     Locator: getByRole('region', { name: 'Drum pad instrument, 1 of 24 loaded', exact: true })
2026-10-02T22:27:42.4429741Z     Expected: visible
2026-10-02T22:27:42.4429956Z     Timeout: 5000ms
2026-10-02T22:27:42.4430191Z     Error: element(s) not found
2026-10-02T22:27:42.4430352Z 
2026-10-02T22:27:42.4430430Z     Call log:
2026-10-02T22:27:42.4430972Z       - Expect "toBeVisible" getByRole('region', { name: 'Drum pad instrument, 1 of 24 loaded', exact: true }) with timeout 5000ms
2026-10-02T22:27:42.4431743Z       - waiting for getByRole('region', { name: 'Drum pad instrument, 1 of 24 loaded', exact: true })
2026-10-02T22:27:42.4432099Z 
2026-10-02T22:27:42.4432104Z 
2026-10-02T22:27:42.4432701Z        5 | for(const workspace of ['drum','multisample'] as const)test(`${workspace} zero-crossing action changes markers atomically and Undo restores them`,async({page})=>{
2026-10-02T22:27:42.4433451Z        6 |  await gotoWorkspace(page,workspace);
2026-10-02T22:27:42.4434728Z     >  7 |  if(workspace==='drum'){const chooser=page.waitForEvent('filechooser');await page.getByRole('button',{name:'Add sample',exact:true}).click();await(await chooser).setFiles(tone());await expect(page.getByRole('region',{name:'Drum pad instrument, 1 of 24 loaded',exact:true})).toBeVisible();}
2026-10-02T22:27:42.4436402Z          |                                                                                                                                                                                                                                                                                   ^
2026-10-02T22:27:42.4437293Z        8 |  else{await page.getByLabel('choose multisample audio files').setInputFiles(tone());await applyAudioImport(page);}
2026-10-02T22:27:42.4439205Z        9 |  const editor=page.getByRole('region',{name:workspace==='drum'?'Focused sample editor':'Focused multisample editor',exact:true});const start=editor.getByRole('spinbutton',{name:/^In point/i});const end=editor.getByRole('spinbutton',{name:/^Out point/i});await start.fill('0.002');await start.blur();await end.fill('0.09');await end.blur();const before=[await start.inputValue(),await end.inputValue()];
2026-10-02T22:27:42.4441870Z       10 |  if(workspace==='multisample'){await editor.getByRole('button',{name:'Analyze sound',exact:true}).click();await editor.getByRole('button',{name:'Discard suggestion',exact:true}).click();await expect(editor.getByRole('button',{name:'Discard suggestion',exact:true})).toHaveCount(0);expect([await start.inputValue(),await end.inputValue()]).toEqual(before);}
2026-10-02T22:27:42.4443463Z         at /home/runner/work/op-patchstudio/op-patchstudio/tests/e2e/marker-actions-audit.spec.ts:7:275
2026-10-02T22:27:42.4443857Z 
2026-10-02T22:27:42.4444349Z     Error Context: test-results/marker-actions-audit-drum--75605-ally-and-Undo-restores-them-firefox-retry1/error-context.md
2026-10-02T22:27:42.4444873Z 
2026-10-02T22:27:42.4445278Z     attachment #2: trace (application/zip) ─────────────────────────────────────────────────────────
2026-10-02T22:27:42.4446145Z     test-results/marker-actions-audit-drum--75605-ally-and-Undo-restores-them-firefox-retry1/trace.zip
2026-10-02T22:27:42.4446664Z     Usage:
2026-10-02T22:27:42.4446771Z 
2026-10-02T22:27:42.4447280Z         npx playwright show-trace test-results/marker-actions-audit-drum--75605-ally-and-Undo-restores-them-firefox-retry1/trace.zip
2026-10-02T22:27:42.4447822Z 
2026-10-02T22:27:42.4448299Z     ────────────────────────────────────────────────────────────────────────────────────────────────
2026-10-02T22:27:42.4448588Z 
2026-10-02T22:27:42.4448943Z     Retry #2 ───────────────────────────────────────────────────────────────────────────────────────
2026-10-02T22:27:42.4449229Z 
2026-10-02T22:27:42.4449376Z     Error: expect(locator).toBeVisible() failed
2026-10-02T22:27:42.4449579Z 
2026-10-02T22:27:42.4449878Z     Locator: getByRole('region', { name: 'Drum pad instrument, 1 of 24 loaded', exact: true })
2026-10-02T22:27:42.4450426Z     Expected: visible
2026-10-02T22:27:42.4450644Z     Timeout: 5000ms
2026-10-02T22:27:42.4450879Z     Error: element(s) not found
2026-10-02T22:27:42.4451036Z 
2026-10-02T22:27:42.4451118Z     Call log:
2026-10-02T22:27:42.4451652Z       - Expect "toBeVisible" getByRole('region', { name: 'Drum pad instrument, 1 of 24 loaded', exact: true }) with timeout 5000ms
2026-10-02T22:27:42.4452431Z       - waiting for getByRole('region', { name: 'Drum pad instrument, 1 of 24 loaded', exact: true })
2026-10-02T22:27:42.4452793Z 
2026-10-02T22:27:42.4452798Z 
2026-10-02T22:27:42.4453397Z        5 | for(const workspace of ['drum','multisample'] as const)test(`${workspace} zero-crossing action changes markers atomically and Undo restores them`,async({page})=>{
2026-10-02T22:27:42.4454146Z        6 |  await gotoWorkspace(page,workspace);
2026-10-02T22:27:42.4455420Z     >  7 |  if(workspace==='drum'){const chooser=page.waitForEvent('filechooser');await page.getByRole('button',{name:'Add sample',exact:true}).click();await(await chooser).setFiles(tone());await expect(page.getByRole('region',{name:'Drum pad instrument, 1 of 24 loaded',exact:true})).toBeVisible();}
2026-10-02T22:27:42.4457093Z          |                                                                                                                                                                                                                                                                                   ^
2026-10-02T22:27:42.4457990Z        8 |  else{await page.getByLabel('choose multisample audio files').setInputFiles(tone());await applyAudioImport(page);}
2026-10-02T22:27:42.4459904Z        9 |  const editor=page.getByRole('region',{name:workspace==='drum'?'Focused sample editor':'Focused multisample editor',exact:true});const start=editor.getByRole('spinbutton',{name:/^In point/i});const end=editor.getByRole('spinbutton',{name:/^Out point/i});await start.fill('0.002');await start.blur();await end.fill('0.09');await end.blur();const before=[await start.inputValue(),await end.inputValue()];
2026-10-02T22:27:42.4462568Z       10 |  if(workspace==='multisample'){await editor.getByRole('button',{name:'Analyze sound',exact:true}).click();await editor.getByRole('button',{name:'Discard suggestion',exact:true}).click();await expect(editor.getByRole('button',{name:'Discard suggestion',exact:true})).toHaveCount(0);expect([await start.inputValue(),await end.inputValue()]).toEqual(before);}
2026-10-02T22:27:42.4464266Z         at /home/runner/work/op-patchstudio/op-patchstudio/tests/e2e/marker-actions-audit.spec.ts:7:275
2026-10-02T22:27:42.4464671Z 
2026-10-02T22:27:42.4465161Z     Error Context: test-results/marker-actions-audit-drum--75605-ally-and-Undo-restores-them-firefox-retry2/error-context.md
2026-10-02T22:27:42.4465681Z 
2026-10-02T22:27:42.4466460Z   18) [firefox] › tests/e2e/marker-actions-audit.spec.ts:5:56 › multisample zero-crossing action changes markers atomically and Undo restores them 
2026-10-02T22:27:42.4467006Z 
2026-10-02T22:27:42.4467276Z     Error: expect(locator).toBeEnabled() failed
2026-10-02T22:27:42.4467488Z 
2026-10-02T22:27:42.4467820Z     Locator: getByRole('dialog', { name: 'Import audio' }).getByRole('button', { name: 'Apply import' })
2026-10-02T22:27:42.4468286Z     Expected: enabled
2026-10-02T22:27:42.4468502Z     Timeout: 5000ms
2026-10-02T22:27:42.4468734Z     Error: element(s) not found
2026-10-02T22:27:42.4468894Z 
2026-10-02T22:27:42.4468972Z     Call log:
2026-10-02T22:27:42.4469540Z       - Expect "toBeEnabled" getByRole('dialog', { name: 'Import audio' }).getByRole('button', { name: 'Apply import' }) with timeout 5000ms
2026-10-02T22:27:42.4470377Z       - waiting for getByRole('dialog', { name: 'Import audio' }).getByRole('button', { name: 'Apply import' })
2026-10-02T22:27:42.4470767Z 
2026-10-02T22:27:42.4470772Z 
2026-10-02T22:27:42.4470876Z        at import-helpers.ts:7
2026-10-02T22:27:42.4471038Z 
2026-10-02T22:27:42.4471252Z        5 |   const dialog=page.getByRole('dialog',{name:'Import audio'});
2026-10-02T22:27:42.4471660Z        6 |   await expect(dialog).toBeVisible();
2026-10-02T22:27:42.4472134Z     >  7 |   await expect(dialog.getByRole('button',{name:'Apply import'})).toBeEnabled();
2026-10-02T22:27:42.4472622Z          |                                                                  ^
2026-10-02T22:27:42.4473065Z        8 |   await dialog.getByRole('button',{name:'Apply import'}).click();
2026-10-02T22:27:42.4473482Z        9 |   await expect(dialog).not.toBeVisible();
2026-10-02T22:27:42.4473774Z       10 | }
2026-10-02T22:27:42.4474274Z         at applyAudioImport (/home/runner/work/op-patchstudio/op-patchstudio/tests/e2e/import-helpers.ts:7:66)
2026-10-02T22:27:42.4475052Z         at /home/runner/work/op-patchstudio/op-patchstudio/tests/e2e/marker-actions-audit.spec.ts:8:85
2026-10-02T22:27:42.4475439Z 
2026-10-02T22:27:42.4476020Z     Error Context: test-results/marker-actions-audit-multi-d0800-ally-and-Undo-restores-them-firefox/error-context.md
2026-10-02T22:27:42.4476518Z 
2026-10-02T22:27:42.4476888Z     Retry #1 ───────────────────────────────────────────────────────────────────────────────────────
2026-10-02T22:27:42.4477183Z 
2026-10-02T22:27:42.4477332Z     Error: expect(locator).toBeEnabled() failed
2026-10-02T22:27:42.4477536Z 
2026-10-02T22:27:42.4477867Z     Locator: getByRole('dialog', { name: 'Import audio' }).getByRole('button', { name: 'Apply import' })
2026-10-02T22:27:42.4478323Z     Expected: enabled
2026-10-02T22:27:42.4478535Z     Timeout: 5000ms
2026-10-02T22:27:42.4478776Z     Error: element(s) not found
2026-10-02T22:27:42.4478938Z 
2026-10-02T22:27:42.4479020Z     Call log:
2026-10-02T22:27:42.4479581Z       - Expect "toBeEnabled" getByRole('dialog', { name: 'Import audio' }).getByRole('button', { name: 'Apply import' }) with timeout 5000ms
2026-10-02T22:27:42.4480411Z       - waiting for getByRole('dialog', { name: 'Import audio' }).getByRole('button', { name: 'Apply import' })
2026-10-02T22:27:42.4480800Z 
2026-10-02T22:27:42.4480805Z 
2026-10-02T22:27:42.4480903Z        at import-helpers.ts:7
2026-10-02T22:27:42.4481070Z 
2026-10-02T22:27:42.4481286Z        5 |   const dialog=page.getByRole('dialog',{name:'Import audio'});
2026-10-02T22:27:42.4481690Z        6 |   await expect(dialog).toBeVisible();
2026-10-02T22:27:42.4482158Z     >  7 |   await expect(dialog.getByRole('button',{name:'Apply import'})).toBeEnabled();
2026-10-02T22:27:42.4482325Z          |                                                                  ^
2026-10-02T22:27:42.4482667Z        8 |   await dialog.getByRole('button',{name:'Apply import'}).click();
2026-10-02T22:27:42.4482825Z        9 |   await expect(dialog).not.toBeVisible();
2026-10-02T22:27:42.4482912Z       10 | }
2026-10-02T22:27:42.4483297Z         at applyAudioImport (/home/runner/work/op-patchstudio/op-patchstudio/tests/e2e/import-helpers.ts:7:66)
2026-10-02T22:27:42.4483646Z         at /home/runner/work/op-patchstudio/op-patchstudio/tests/e2e/marker-actions-audit.spec.ts:8:85
2026-10-02T22:27:42.4483654Z 
2026-10-02T22:27:42.4484147Z     Error Context: test-results/marker-actions-audit-multi-d0800-ally-and-Undo-restores-them-firefox-retry1/error-context.md
2026-10-02T22:27:42.4484254Z 
2026-10-02T22:27:42.4484660Z     attachment #2: trace (application/zip) ─────────────────────────────────────────────────────────
2026-10-02T22:27:42.4485056Z     test-results/marker-actions-audit-multi-d0800-ally-and-Undo-restores-them-firefox-retry1/trace.zip
2026-10-02T22:27:42.4485139Z     Usage:
2026-10-02T22:27:42.4485146Z 
2026-10-02T22:27:42.4485674Z         npx playwright show-trace test-results/marker-actions-audit-multi-d0800-ally-and-Undo-restores-them-firefox-retry1/trace.zip
2026-10-02T22:27:42.4485681Z 
2026-10-02T22:27:42.4486228Z     ────────────────────────────────────────────────────────────────────────────────────────────────
2026-10-02T22:27:42.4486241Z 
2026-10-02T22:27:42.4486589Z     Retry #2 ───────────────────────────────────────────────────────────────────────────────────────
2026-10-02T22:27:42.4486596Z 
2026-10-02T22:27:42.4486762Z     Error: expect(locator).toBeEnabled() failed
2026-10-02T22:27:42.4486768Z 
2026-10-02T22:27:42.4487098Z     Locator: getByRole('dialog', { name: 'Import audio' }).getByRole('button', { name: 'Apply import' })
2026-10-02T22:27:42.4487188Z     Expected: enabled
2026-10-02T22:27:42.4487279Z     Timeout: 5000ms
2026-10-02T22:27:42.4487393Z     Error: element(s) not found
2026-10-02T22:27:42.4487400Z 
2026-10-02T22:27:42.4487477Z     Call log:
2026-10-02T22:27:42.4487946Z       - Expect "toBeEnabled" getByRole('dialog', { name: 'Import audio' }).getByRole('button', { name: 'Apply import' }) with timeout 5000ms
2026-10-02T22:27:42.4488297Z       - waiting for getByRole('dialog', { name: 'Import audio' }).getByRole('button', { name: 'Apply import' })
2026-10-02T22:27:42.4488304Z 
2026-10-02T22:27:42.4488309Z 
2026-10-02T22:27:42.4488407Z        at import-helpers.ts:7
2026-10-02T22:27:42.4488414Z 
2026-10-02T22:27:42.4488666Z        5 |   const dialog=page.getByRole('dialog',{name:'Import audio'});
2026-10-02T22:27:42.4488815Z        6 |   await expect(dialog).toBeVisible();
2026-10-02T22:27:42.4489087Z     >  7 |   await expect(dialog.getByRole('button',{name:'Apply import'})).toBeEnabled();
2026-10-02T22:27:42.4489252Z          |                                                                  ^
2026-10-02T22:27:42.4489474Z        8 |   await dialog.getByRole('button',{name:'Apply import'}).click();
2026-10-02T22:27:42.4489623Z        9 |   await expect(dialog).not.toBeVisible();
2026-10-02T22:27:42.4489837Z       10 | }
2026-10-02T22:27:42.4490231Z         at applyAudioImport (/home/runner/work/op-patchstudio/op-patchstudio/tests/e2e/import-helpers.ts:7:66)
2026-10-02T22:27:42.4490571Z         at /home/runner/work/op-patchstudio/op-patchstudio/tests/e2e/marker-actions-audit.spec.ts:8:85
2026-10-02T22:27:42.4490578Z 
2026-10-02T22:27:42.4491071Z     Error Context: test-results/marker-actions-audit-multi-d0800-ally-and-Undo-restores-them-firefox-retry2/error-context.md
2026-10-02T22:27:42.4491078Z 
2026-10-02T22:27:42.4491732Z   19) [firefox] › tests/e2e/mobile-row-drop-audit.spec.ts:5:1 › dropping onto an occupied mobile multisample row requires review and Cancel preserves it 
2026-10-02T22:27:42.4491739Z 
2026-10-02T22:27:42.4491886Z     Error: expect(locator).toBeEnabled() failed
2026-10-02T22:27:42.4491893Z 
2026-10-02T22:27:42.4492213Z     Locator: getByRole('dialog', { name: 'Import audio' }).getByRole('button', { name: 'Apply import' })
2026-10-02T22:27:42.4492308Z     Expected: enabled
2026-10-02T22:27:42.4492408Z     Timeout: 5000ms
2026-10-02T22:27:42.4492521Z     Error: element(s) not found
2026-10-02T22:27:42.4492527Z 
2026-10-02T22:27:42.4492608Z     Call log:
2026-10-02T22:27:42.4493064Z       - Expect "toBeEnabled" getByRole('dialog', { name: 'Import audio' }).getByRole('button', { name: 'Apply import' }) with timeout 5000ms
2026-10-02T22:27:42.4493413Z       - waiting for getByRole('dialog', { name: 'Import audio' }).getByRole('button', { name: 'Apply import' })
2026-10-02T22:27:42.4493421Z 
2026-10-02T22:27:42.4493543Z 
2026-10-02T22:27:42.4493641Z        at import-helpers.ts:7
2026-10-02T22:27:42.4493648Z 
2026-10-02T22:27:42.4493861Z        5 |   const dialog=page.getByRole('dialog',{name:'Import audio'});
2026-10-02T22:27:42.4493997Z        6 |   await expect(dialog).toBeVisible();
2026-10-02T22:27:42.4494276Z     >  7 |   await expect(dialog.getByRole('button',{name:'Apply import'})).toBeEnabled();
2026-10-02T22:27:42.4494442Z          |                                                                  ^
2026-10-02T22:27:42.4494659Z        8 |   await dialog.getByRole('button',{name:'Apply import'}).click();
2026-10-02T22:27:42.4494812Z        9 |   await expect(dialog).not.toBeVisible();
2026-10-02T22:27:42.4494895Z       10 | }
2026-10-02T22:27:42.4495274Z         at applyAudioImport (/home/runner/work/op-patchstudio/op-patchstudio/tests/e2e/import-helpers.ts:7:66)
2026-10-02T22:27:42.4495625Z         at /home/runner/work/op-patchstudio/op-patchstudio/tests/e2e/mobile-row-drop-audit.spec.ts:6:193
2026-10-02T22:27:42.4495635Z 
2026-10-02T22:27:42.4496234Z     Error Context: test-results/mobile-row-drop-audit-drop-41552-iew-and-Cancel-preserves-it-firefox/error-context.md
2026-10-02T22:27:42.4496243Z 
2026-10-02T22:27:42.4496604Z     Retry #1 ───────────────────────────────────────────────────────────────────────────────────────
2026-10-02T22:27:42.4496611Z 
2026-10-02T22:27:42.4496750Z     Error: expect(locator).toBeEnabled() failed
2026-10-02T22:27:42.4496755Z 
2026-10-02T22:27:42.4497086Z     Locator: getByRole('dialog', { name: 'Import audio' }).getByRole('button', { name: 'Apply import' })
2026-10-02T22:27:42.4497182Z     Expected: enabled
2026-10-02T22:27:42.4497266Z     Timeout: 5000ms
2026-10-02T22:27:42.4497380Z     Error: element(s) not found
2026-10-02T22:27:42.4497386Z 
2026-10-02T22:27:42.4497466Z     Call log:
2026-10-02T22:27:42.4497917Z       - Expect "toBeEnabled" getByRole('dialog', { name: 'Import audio' }).getByRole('button', { name: 'Apply import' }) with timeout 5000ms
2026-10-02T22:27:42.4498279Z       - waiting for getByRole('dialog', { name: 'Import audio' }).getByRole('button', { name: 'Apply import' })
2026-10-02T22:27:42.4498286Z 
2026-10-02T22:27:42.4498291Z 
2026-10-02T22:27:42.4498390Z        at import-helpers.ts:7
2026-10-02T22:27:42.4498396Z 
2026-10-02T22:27:42.4498607Z        5 |   const dialog=page.getByRole('dialog',{name:'Import audio'});
2026-10-02T22:27:42.4498743Z        6 |   await expect(dialog).toBeVisible();
2026-10-02T22:27:42.4499138Z     >  7 |   await expect(dialog.getByRole('button',{name:'Apply import'})).toBeEnabled();
2026-10-02T22:27:42.4499307Z          |                                                                  ^
2026-10-02T22:27:42.4499523Z        8 |   await dialog.getByRole('button',{name:'Apply import'}).click();
2026-10-02T22:27:42.4499675Z        9 |   await expect(dialog).not.toBeVisible();
2026-10-02T22:27:42.4499754Z       10 | }
2026-10-02T22:27:42.4500135Z         at applyAudioImport (/home/runner/work/op-patchstudio/op-patchstudio/tests/e2e/import-helpers.ts:7:66)
2026-10-02T22:27:42.4500591Z         at /home/runner/work/op-patchstudio/op-patchstudio/tests/e2e/mobile-row-drop-audit.spec.ts:6:193
2026-10-02T22:27:42.4500598Z 
2026-10-02T22:27:42.4501089Z     Error Context: test-results/mobile-row-drop-audit-drop-41552-iew-and-Cancel-preserves-it-firefox-retry1/error-context.md
2026-10-02T22:27:42.4501096Z 
2026-10-02T22:27:42.4501489Z     attachment #2: trace (application/zip) ─────────────────────────────────────────────────────────
2026-10-02T22:27:42.4501890Z     test-results/mobile-row-drop-audit-drop-41552-iew-and-Cancel-preserves-it-firefox-retry1/trace.zip
2026-10-02T22:27:42.4501972Z     Usage:
2026-10-02T22:27:42.4501979Z 
2026-10-02T22:27:42.4502490Z         npx playwright show-trace test-results/mobile-row-drop-audit-drop-41552-iew-and-Cancel-preserves-it-firefox-retry1/trace.zip
2026-10-02T22:27:42.4502505Z 
2026-10-02T22:27:42.4502840Z     ────────────────────────────────────────────────────────────────────────────────────────────────
2026-10-02T22:27:42.4502857Z 
2026-10-02T22:27:42.4503200Z     Retry #2 ───────────────────────────────────────────────────────────────────────────────────────
2026-10-02T22:27:42.4503207Z 
2026-10-02T22:27:42.4503350Z     Error: expect(locator).toBeEnabled() failed
2026-10-02T22:27:42.4503356Z 
2026-10-02T22:27:42.4503675Z     Locator: getByRole('dialog', { name: 'Import audio' }).getByRole('button', { name: 'Apply import' })
2026-10-02T22:27:42.4503768Z     Expected: enabled
2026-10-02T22:27:42.4503867Z     Timeout: 5000ms
2026-10-02T22:27:42.4503976Z     Error: element(s) not found
2026-10-02T22:27:42.4503982Z 
2026-10-02T22:27:42.4504064Z     Call log:
2026-10-02T22:27:42.4504522Z       - Expect "toBeEnabled" getByRole('dialog', { name: 'Import audio' }).getByRole('button', { name: 'Apply import' }) with timeout 5000ms
2026-10-02T22:27:42.4504868Z       - waiting for getByRole('dialog', { name: 'Import audio' }).getByRole('button', { name: 'Apply import' })
2026-10-02T22:27:42.4504875Z 
2026-10-02T22:27:42.4504892Z 
2026-10-02T22:27:42.4504988Z        at import-helpers.ts:7
2026-10-02T22:27:42.4504994Z 
2026-10-02T22:27:42.4505205Z        5 |   const dialog=page.getByRole('dialog',{name:'Import audio'});
2026-10-02T22:27:42.4505343Z        6 |   await expect(dialog).toBeVisible();
2026-10-02T22:27:42.4505617Z     >  7 |   await expect(dialog.getByRole('button',{name:'Apply import'})).toBeEnabled();
2026-10-02T22:27:42.4505784Z          |                                                                  ^
2026-10-02T22:27:42.4506136Z        8 |   await dialog.getByRole('button',{name:'Apply import'}).click();
2026-10-02T22:27:42.4506290Z        9 |   await expect(dialog).not.toBeVisible();
2026-10-02T22:27:42.4506375Z       10 | }
2026-10-02T22:27:42.4506753Z         at applyAudioImport (/home/runner/work/op-patchstudio/op-patchstudio/tests/e2e/import-helpers.ts:7:66)
2026-10-02T22:27:42.4507106Z         at /home/runner/work/op-patchstudio/op-patchstudio/tests/e2e/mobile-row-drop-audit.spec.ts:6:193
2026-10-02T22:27:42.4507117Z 
2026-10-02T22:27:42.4507608Z     Error Context: test-results/mobile-row-drop-audit-drop-41552-iew-and-Cancel-preserves-it-firefox-retry2/error-context.md
2026-10-02T22:27:42.4507615Z 
2026-10-02T22:27:42.4508151Z   20) [firefox] › tests/e2e/multisample-table-audit.spec.ts:7:31 › multisample table 1440px root editing replace clear and Undo 
2026-10-02T22:27:42.4508157Z 
2026-10-02T22:27:42.4508297Z     Error: expect(locator).toBeEnabled() failed
2026-10-02T22:27:42.4508432Z 
2026-10-02T22:27:42.4508761Z     Locator: getByRole('dialog', { name: 'Import audio' }).getByRole('button', { name: 'Apply import' })
2026-10-02T22:27:42.4508855Z     Expected: enabled
2026-10-02T22:27:42.4508938Z     Timeout: 5000ms
2026-10-02T22:27:42.4509052Z     Error: element(s) not found
2026-10-02T22:27:42.4509058Z 
2026-10-02T22:27:42.4509138Z     Call log:
2026-10-02T22:27:42.4509590Z       - Expect "toBeEnabled" getByRole('dialog', { name: 'Import audio' }).getByRole('button', { name: 'Apply import' }) with timeout 5000ms
2026-10-02T22:27:42.4510056Z       - waiting for getByRole('dialog', { name: 'Import audio' }).getByRole('button', { name: 'Apply import' })
2026-10-02T22:27:42.4510062Z 
2026-10-02T22:27:42.4510069Z 
2026-10-02T22:27:42.4510170Z        at import-helpers.ts:7
2026-10-02T22:27:42.4510176Z 
2026-10-02T22:27:42.4510390Z        5 |   const dialog=page.getByRole('dialog',{name:'Import audio'});
2026-10-02T22:27:42.4510526Z        6 |   await expect(dialog).toBeVisible();
2026-10-02T22:27:42.4510809Z     >  7 |   await expect(dialog.getByRole('button',{name:'Apply import'})).toBeEnabled();
2026-10-02T22:27:42.4510970Z          |                                                                  ^
2026-10-02T22:27:42.4511184Z        8 |   await dialog.getByRole('button',{name:'Apply import'}).click();
2026-10-02T22:27:42.4511337Z        9 |   await expect(dialog).not.toBeVisible();
2026-10-02T22:27:42.4511421Z       10 | }
2026-10-02T22:27:42.4511805Z         at applyAudioImport (/home/runner/work/op-patchstudio/op-patchstudio/tests/e2e/import-helpers.ts:7:66)
2026-10-02T22:27:42.4512172Z         at /home/runner/work/op-patchstudio/op-patchstudio/tests/e2e/multisample-table-audit.spec.ts:9:80
2026-10-02T22:27:42.4512179Z 
2026-10-02T22:27:42.4512635Z     Error Context: test-results/multisample-table-audit-mu-83c79-ting-replace-clear-and-Undo-firefox/error-context.md
2026-10-02T22:27:42.4512642Z 
2026-10-02T22:27:42.4512996Z     Retry #1 ───────────────────────────────────────────────────────────────────────────────────────
2026-10-02T22:27:42.4513004Z 
2026-10-02T22:27:42.4513147Z     Error: expect(locator).toBeEnabled() failed
2026-10-02T22:27:42.4513153Z 
2026-10-02T22:27:42.4513480Z     Locator: getByRole('dialog', { name: 'Import audio' }).getByRole('button', { name: 'Apply import' })
2026-10-02T22:27:42.4513568Z     Expected: enabled
2026-10-02T22:27:42.4513657Z     Timeout: 5000ms
2026-10-02T22:27:42.4513772Z     Error: element(s) not found
2026-10-02T22:27:42.4513778Z 
2026-10-02T22:27:42.4513862Z     Call log:
2026-10-02T22:27:42.4514322Z       - Expect "toBeEnabled" getByRole('dialog', { name: 'Import audio' }).getByRole('button', { name: 'Apply import' }) with timeout 5000ms
2026-10-02T22:27:42.4514672Z       - waiting for getByRole('dialog', { name: 'Import audio' }).getByRole('button', { name: 'Apply import' })
2026-10-02T22:27:42.4514679Z 
2026-10-02T22:27:42.4514684Z 
2026-10-02T22:27:42.4514783Z        at import-helpers.ts:7
2026-10-02T22:27:42.4514790Z 
2026-10-02T22:27:42.4515002Z        5 |   const dialog=page.getByRole('dialog',{name:'Import audio'});
2026-10-02T22:27:42.4515145Z        6 |   await expect(dialog).toBeVisible();
2026-10-02T22:27:42.4515420Z     >  7 |   await expect(dialog.getByRole('button',{name:'Apply import'})).toBeEnabled();
2026-10-02T22:27:42.4515576Z          |                                                                  ^
2026-10-02T22:27:42.4515796Z        8 |   await dialog.getByRole('button',{name:'Apply import'}).click();
2026-10-02T22:27:42.4516087Z        9 |   await expect(dialog).not.toBeVisible();
2026-10-02T22:27:42.4516173Z       10 | }
2026-10-02T22:27:42.4516559Z         at applyAudioImport (/home/runner/work/op-patchstudio/op-patchstudio/tests/e2e/import-helpers.ts:7:66)
2026-10-02T22:27:42.4516927Z         at /home/runner/work/op-patchstudio/op-patchstudio/tests/e2e/multisample-table-audit.spec.ts:9:80
2026-10-02T22:27:42.4516934Z 
2026-10-02T22:27:42.4517544Z     Error Context: test-results/multisample-table-audit-mu-83c79-ting-replace-clear-and-Undo-firefox-retry1/error-context.md
2026-10-02T22:27:42.4517553Z 
2026-10-02T22:27:42.4517963Z     attachment #2: trace (application/zip) ─────────────────────────────────────────────────────────
2026-10-02T22:27:42.4518367Z     test-results/multisample-table-audit-mu-83c79-ting-replace-clear-and-Undo-firefox-retry1/trace.zip
2026-10-02T22:27:42.4518447Z     Usage:
2026-10-02T22:27:42.4518458Z 
2026-10-02T22:27:42.4518975Z         npx playwright show-trace test-results/multisample-table-audit-mu-83c79-ting-replace-clear-and-Undo-firefox-retry1/trace.zip
2026-10-02T22:27:42.4519126Z 
2026-10-02T22:27:42.4519475Z     ────────────────────────────────────────────────────────────────────────────────────────────────
2026-10-02T22:27:42.4519482Z 
2026-10-02T22:27:42.4519829Z     Retry #2 ───────────────────────────────────────────────────────────────────────────────────────
2026-10-02T22:27:42.4519836Z 
2026-10-02T22:27:42.4519977Z     Error: expect(locator).toBeEnabled() failed
2026-10-02T22:27:42.4519996Z 
2026-10-02T22:27:42.4520322Z     Locator: getByRole('dialog', { name: 'Import audio' }).getByRole('button', { name: 'Apply import' })
2026-10-02T22:27:42.4520414Z     Expected: enabled
2026-10-02T22:27:42.4520499Z     Timeout: 5000ms
2026-10-02T22:27:42.4520617Z     Error: element(s) not found
2026-10-02T22:27:42.4520623Z 
2026-10-02T22:27:42.4520705Z     Call log:
2026-10-02T22:27:42.4521157Z       - Expect "toBeEnabled" getByRole('dialog', { name: 'Import audio' }).getByRole('button', { name: 'Apply import' }) with timeout 5000ms
2026-10-02T22:27:42.4521521Z       - waiting for getByRole('dialog', { name: 'Import audio' }).getByRole('button', { name: 'Apply import' })
2026-10-02T22:27:42.4521527Z 
2026-10-02T22:27:42.4521532Z 
2026-10-02T22:27:42.4521633Z        at import-helpers.ts:7
2026-10-02T22:27:42.4521639Z 
2026-10-02T22:27:42.4521851Z        5 |   const dialog=page.getByRole('dialog',{name:'Import audio'});
2026-10-02T22:27:42.4521990Z        6 |   await expect(dialog).toBeVisible();
2026-10-02T22:27:42.4522266Z     >  7 |   await expect(dialog.getByRole('button',{name:'Apply import'})).toBeEnabled();
2026-10-02T22:27:42.4522427Z          |                                                                  ^
2026-10-02T22:27:42.4522642Z        8 |   await dialog.getByRole('button',{name:'Apply import'}).click();
2026-10-02T22:27:42.4522793Z        9 |   await expect(dialog).not.toBeVisible();
2026-10-02T22:27:42.4522878Z       10 | }
2026-10-02T22:27:42.4523259Z         at applyAudioImport (/home/runner/work/op-patchstudio/op-patchstudio/tests/e2e/import-helpers.ts:7:66)
2026-10-02T22:27:42.4523624Z         at /home/runner/work/op-patchstudio/op-patchstudio/tests/e2e/multisample-table-audit.spec.ts:9:80
2026-10-02T22:27:42.4523631Z 
2026-10-02T22:27:42.4524124Z     Error Context: test-results/multisample-table-audit-mu-83c79-ting-replace-clear-and-Undo-firefox-retry2/error-context.md
2026-10-02T22:27:42.4524131Z 
2026-10-02T22:27:42.4524745Z   21) [firefox] › tests/e2e/multisample-table-audit.spec.ts:7:31 › multisample table 390px root editing replace clear and Undo 
2026-10-02T22:27:42.4524753Z 
2026-10-02T22:27:42.4524899Z     Error: expect(locator).toBeEnabled() failed
2026-10-02T22:27:42.4524905Z 
2026-10-02T22:27:42.4525231Z     Locator: getByRole('dialog', { name: 'Import audio' }).getByRole('button', { name: 'Apply import' })
2026-10-02T22:27:42.4525318Z     Expected: enabled
2026-10-02T22:27:42.4525409Z     Timeout: 5000ms
2026-10-02T22:27:42.4525524Z     Error: element(s) not found
2026-10-02T22:27:42.4525609Z 
2026-10-02T22:27:42.4525688Z     Call log:
2026-10-02T22:27:42.4526285Z       - Expect "toBeEnabled" getByRole('dialog', { name: 'Import audio' }).getByRole('button', { name: 'Apply import' }) with timeout 5000ms
2026-10-02T22:27:42.4526636Z       - waiting for getByRole('dialog', { name: 'Import audio' }).getByRole('button', { name: 'Apply import' })
2026-10-02T22:27:42.4526643Z 
2026-10-02T22:27:42.4526648Z 
2026-10-02T22:27:42.4526750Z        at import-helpers.ts:7
2026-10-02T22:27:42.4526763Z 
2026-10-02T22:27:42.4526972Z        5 |   const dialog=page.getByRole('dialog',{name:'Import audio'});
2026-10-02T22:27:42.4527112Z        6 |   await expect(dialog).toBeVisible();
2026-10-02T22:27:42.4527389Z     >  7 |   await expect(dialog.getByRole('button',{name:'Apply import'})).toBeEnabled();
2026-10-02T22:27:42.4527546Z          |                                                                  ^
2026-10-02T22:27:42.4527766Z        8 |   await dialog.getByRole('button',{name:'Apply import'}).click();
2026-10-02T22:27:42.4527922Z        9 |   await expect(dialog).not.toBeVisible();
2026-10-02T22:27:42.4528002Z       10 | }
2026-10-02T22:27:42.4528384Z         at applyAudioImport (/home/runner/work/op-patchstudio/op-patchstudio/tests/e2e/import-helpers.ts:7:66)
2026-10-02T22:27:42.4528742Z         at /home/runner/work/op-patchstudio/op-patchstudio/tests/e2e/multisample-table-audit.spec.ts:9:80
2026-10-02T22:27:42.4528749Z 
2026-10-02T22:27:42.4529205Z     Error Context: test-results/multisample-table-audit-mu-df81b-ting-replace-clear-and-Undo-firefox/error-context.md
2026-10-02T22:27:42.4529212Z 
2026-10-02T22:27:42.4529571Z     Retry #1 ───────────────────────────────────────────────────────────────────────────────────────
2026-10-02T22:27:42.4529578Z 
2026-10-02T22:27:42.4529722Z     Error: expect(locator).toBeEnabled() failed
2026-10-02T22:27:42.4529729Z 
2026-10-02T22:27:42.4530051Z     Locator: getByRole('dialog', { name: 'Import audio' }).getByRole('button', { name: 'Apply import' })
2026-10-02T22:27:42.4530147Z     Expected: enabled
2026-10-02T22:27:42.4530235Z     Timeout: 5000ms
2026-10-02T22:27:42.4530346Z     Error: element(s) not found
2026-10-02T22:27:42.4530357Z 
2026-10-02T22:27:42.4530434Z     Call log:
2026-10-02T22:27:42.4530888Z       - Expect "toBeEnabled" getByRole('dialog', { name: 'Import audio' }).getByRole('button', { name: 'Apply import' }) with timeout 5000ms
2026-10-02T22:27:42.4531242Z       - waiting for getByRole('dialog', { name: 'Import audio' }).getByRole('button', { name: 'Apply import' })
2026-10-02T22:27:42.4531249Z 
2026-10-02T22:27:42.4531253Z 
2026-10-02T22:27:42.4531347Z        at import-helpers.ts:7
2026-10-02T22:27:42.4531354Z 
2026-10-02T22:27:42.4531565Z        5 |   const dialog=page.getByRole('dialog',{name:'Import audio'});
2026-10-02T22:27:42.4531705Z        6 |   await expect(dialog).toBeVisible();
2026-10-02T22:27:42.4531972Z     >  7 |   await expect(dialog.getByRole('button',{name:'Apply import'})).toBeEnabled();
2026-10-02T22:27:42.4532134Z          |                                                                  ^
2026-10-02T22:27:42.4532355Z        8 |   await dialog.getByRole('button',{name:'Apply import'}).click();
2026-10-02T22:27:42.4532498Z        9 |   await expect(dialog).not.toBeVisible();
2026-10-02T22:27:42.4532582Z       10 | }
2026-10-02T22:27:42.4532963Z         at applyAudioImport (/home/runner/work/op-patchstudio/op-patchstudio/tests/e2e/import-helpers.ts:7:66)
2026-10-02T22:27:42.4533443Z         at /home/runner/work/op-patchstudio/op-patchstudio/tests/e2e/multisample-table-audit.spec.ts:9:80
2026-10-02T22:27:42.4533451Z 
2026-10-02T22:27:42.4533951Z     Error Context: test-results/multisample-table-audit-mu-df81b-ting-replace-clear-and-Undo-firefox-retry1/error-context.md
2026-10-02T22:27:42.4533959Z 
2026-10-02T22:27:42.4534356Z     attachment #2: trace (application/zip) ─────────────────────────────────────────────────────────
2026-10-02T22:27:42.4534764Z     test-results/multisample-table-audit-mu-df81b-ting-replace-clear-and-Undo-firefox-retry1/trace.zip
2026-10-02T22:27:42.4534951Z     Usage:
2026-10-02T22:27:42.4534957Z 
2026-10-02T22:27:42.4535486Z         npx playwright show-trace test-results/multisample-table-audit-mu-df81b-ting-replace-clear-and-Undo-firefox-retry1/trace.zip
2026-10-02T22:27:42.4535493Z 
2026-10-02T22:27:42.4535961Z     ────────────────────────────────────────────────────────────────────────────────────────────────
2026-10-02T22:27:42.4535970Z 
2026-10-02T22:27:42.4536334Z     Retry #2 ───────────────────────────────────────────────────────────────────────────────────────
2026-10-02T22:27:42.4536343Z 
2026-10-02T22:27:42.4536494Z     Error: expect(locator).toBeEnabled() failed
2026-10-02T22:27:42.4536501Z 
2026-10-02T22:27:42.4536831Z     Locator: getByRole('dialog', { name: 'Import audio' }).getByRole('button', { name: 'Apply import' })
2026-10-02T22:27:42.4536918Z     Expected: enabled
2026-10-02T22:27:42.4537007Z     Timeout: 5000ms
2026-10-02T22:27:42.4537121Z     Error: element(s) not found
2026-10-02T22:27:42.4537138Z 
2026-10-02T22:27:42.4537215Z     Call log:
2026-10-02T22:27:42.4537675Z       - Expect "toBeEnabled" getByRole('dialog', { name: 'Import audio' }).getByRole('button', { name: 'Apply import' }) with timeout 5000ms
2026-10-02T22:27:42.4538024Z       - waiting for getByRole('dialog', { name: 'Import audio' }).getByRole('button', { name: 'Apply import' })
2026-10-02T22:27:42.4538031Z 
2026-10-02T22:27:42.4538036Z 
2026-10-02T22:27:42.4538136Z        at import-helpers.ts:7
2026-10-02T22:27:42.4538149Z 
2026-10-02T22:27:42.4538357Z        5 |   const dialog=page.getByRole('dialog',{name:'Import audio'});
2026-10-02T22:27:42.4538498Z        6 |   await expect(dialog).toBeVisible();
2026-10-02T22:27:42.4538773Z     >  7 |   await expect(dialog.getByRole('button',{name:'Apply import'})).toBeEnabled();
2026-10-02T22:27:42.4538931Z          |                                                                  ^
2026-10-02T22:27:42.4539152Z        8 |   await dialog.getByRole('button',{name:'Apply import'}).click();
2026-10-02T22:27:42.4539304Z        9 |   await expect(dialog).not.toBeVisible();
2026-10-02T22:27:42.4539383Z       10 | }
2026-10-02T22:27:42.4539768Z         at applyAudioImport (/home/runner/work/op-patchstudio/op-patchstudio/tests/e2e/import-helpers.ts:7:66)
2026-10-02T22:27:42.4540126Z         at /home/runner/work/op-patchstudio/op-patchstudio/tests/e2e/multisample-table-audit.spec.ts:9:80
2026-10-02T22:27:42.4540133Z 
2026-10-02T22:27:42.4540628Z     Error Context: test-results/multisample-table-audit-mu-df81b-ting-replace-clear-and-Undo-firefox-retry2/error-context.md
2026-10-02T22:27:42.4540635Z 
2026-10-02T22:27:42.4541145Z   22) [firefox] › tests/e2e/multisample-table-audit.spec.ts:32:131 › multisample table 1440px supports keyboard audition 
2026-10-02T22:27:42.4541151Z 
2026-10-02T22:27:42.4541295Z     Error: expect(locator).toBeEnabled() failed
2026-10-02T22:27:42.4541301Z 
2026-10-02T22:27:42.4541627Z     Locator: getByRole('dialog', { name: 'Import audio' }).getByRole('button', { name: 'Apply import' })
2026-10-02T22:27:42.4541721Z     Expected: enabled
2026-10-02T22:27:42.4541812Z     Timeout: 5000ms
2026-10-02T22:27:42.4541921Z     Error: element(s) not found
2026-10-02T22:27:42.4541933Z 
2026-10-02T22:27:42.4542009Z     Call log:
2026-10-02T22:27:42.4542463Z       - Expect "toBeEnabled" getByRole('dialog', { name: 'Import audio' }).getByRole('button', { name: 'Apply import' }) with timeout 5000ms
2026-10-02T22:27:42.4542933Z       - waiting for getByRole('dialog', { name: 'Import audio' }).getByRole('button', { name: 'Apply import' })
2026-10-02T22:27:42.4542940Z 
2026-10-02T22:27:42.4542946Z 
2026-10-02T22:27:42.4543043Z        at import-helpers.ts:7
2026-10-02T22:27:42.4543050Z 
2026-10-02T22:27:42.4543263Z        5 |   const dialog=page.getByRole('dialog',{name:'Import audio'});
2026-10-02T22:27:42.4543403Z        6 |   await expect(dialog).toBeVisible();
2026-10-02T22:27:42.4543670Z     >  7 |   await expect(dialog.getByRole('button',{name:'Apply import'})).toBeEnabled();
2026-10-02T22:27:42.4543934Z          |                                                                  ^
2026-10-02T22:27:42.4544154Z        8 |   await dialog.getByRole('button',{name:'Apply import'}).click();
2026-10-02T22:27:42.4544299Z        9 |   await expect(dialog).not.toBeVisible();
2026-10-02T22:27:42.4544384Z       10 | }
2026-10-02T22:27:42.4544768Z         at applyAudioImport (/home/runner/work/op-patchstudio/op-patchstudio/tests/e2e/import-helpers.ts:7:66)
2026-10-02T22:27:42.4545133Z         at /home/runner/work/op-patchstudio/op-patchstudio/tests/e2e/multisample-table-audit.spec.ts:40:80
2026-10-02T22:27:42.4545141Z 
2026-10-02T22:27:42.4545598Z     Error Context: test-results/multisample-table-audit-mu-f5980--supports-keyboard-audition-firefox/error-context.md
2026-10-02T22:27:42.4545605Z 
2026-10-02T22:27:42.4546087Z     Retry #1 ───────────────────────────────────────────────────────────────────────────────────────
2026-10-02T22:27:42.4546098Z 
2026-10-02T22:27:42.4546243Z     Error: expect(locator).toBeEnabled() failed
2026-10-02T22:27:42.4546258Z 
2026-10-02T22:27:42.4546579Z     Locator: getByRole('dialog', { name: 'Import audio' }).getByRole('button', { name: 'Apply import' })
2026-10-02T22:27:42.4546672Z     Expected: enabled
2026-10-02T22:27:42.4546762Z     Timeout: 5000ms
2026-10-02T22:27:42.4546870Z     Error: element(s) not found
2026-10-02T22:27:42.4546877Z 
2026-10-02T22:27:42.4546958Z     Call log:
2026-10-02T22:27:42.4547418Z       - Expect "toBeEnabled" getByRole('dialog', { name: 'Import audio' }).getByRole('button', { name: 'Apply import' }) with timeout 5000ms
2026-10-02T22:27:42.4547763Z       - waiting for getByRole('dialog', { name: 'Import audio' }).getByRole('button', { name: 'Apply import' })
2026-10-02T22:27:42.4547770Z 
2026-10-02T22:27:42.4547774Z 
2026-10-02T22:27:42.4547873Z        at import-helpers.ts:7
2026-10-02T22:27:42.4547880Z 
2026-10-02T22:27:42.4548091Z        5 |   const dialog=page.getByRole('dialog',{name:'Import audio'});
2026-10-02T22:27:42.4548225Z        6 |   await expect(dialog).toBeVisible();
2026-10-02T22:27:42.4548501Z     >  7 |   await expect(dialog.getByRole('button',{name:'Apply import'})).toBeEnabled();
2026-10-02T22:27:42.4548661Z          |                                                                  ^
2026-10-02T22:27:42.4548874Z        8 |   await dialog.getByRole('button',{name:'Apply import'}).click();
2026-10-02T22:27:42.4549022Z        9 |   await expect(dialog).not.toBeVisible();
2026-10-02T22:27:42.4549106Z       10 | }
2026-10-02T22:27:42.4549607Z         at applyAudioImport (/home/runner/work/op-patchstudio/op-patchstudio/tests/e2e/import-helpers.ts:7:66)
2026-10-02T22:27:42.4549982Z         at /home/runner/work/op-patchstudio/op-patchstudio/tests/e2e/multisample-table-audit.spec.ts:40:80
2026-10-02T22:27:42.4549989Z 
2026-10-02T22:27:42.4550489Z     Error Context: test-results/multisample-table-audit-mu-f5980--supports-keyboard-audition-firefox-retry1/error-context.md
2026-10-02T22:27:42.4550496Z 
2026-10-02T22:27:42.4550901Z     attachment #2: trace (application/zip) ─────────────────────────────────────────────────────────
2026-10-02T22:27:42.4551405Z     test-results/multisample-table-audit-mu-f5980--supports-keyboard-audition-firefox-retry1/trace.zip
2026-10-02T22:27:42.4551494Z     Usage:
2026-10-02T22:27:42.4551500Z 
2026-10-02T22:27:42.4552022Z         npx playwright show-trace test-results/multisample-table-audit-mu-f5980--supports-keyboard-audition-firefox-retry1/trace.zip
2026-10-02T22:27:42.4552029Z 
2026-10-02T22:27:42.4552378Z     ────────────────────────────────────────────────────────────────────────────────────────────────
2026-10-02T22:27:42.4552385Z 
2026-10-02T22:27:42.4552734Z     Retry #2 ───────────────────────────────────────────────────────────────────────────────────────
2026-10-02T22:27:42.4552741Z 
2026-10-02T22:27:42.4552890Z     Error: expect(locator).toBeEnabled() failed
2026-10-02T22:27:42.4552896Z 
2026-10-02T22:27:42.4553222Z     Locator: getByRole('dialog', { name: 'Import audio' }).getByRole('button', { name: 'Apply import' })
2026-10-02T22:27:42.4553330Z     Expected: enabled
2026-10-02T22:27:42.4553422Z     Timeout: 5000ms
2026-10-02T22:27:42.4553532Z     Error: element(s) not found
2026-10-02T22:27:42.4553544Z 
2026-10-02T22:27:42.4553622Z     Call log:
2026-10-02T22:27:42.4554086Z       - Expect "toBeEnabled" getByRole('dialog', { name: 'Import audio' }).getByRole('button', { name: 'Apply import' }) with timeout 5000ms
2026-10-02T22:27:42.4554450Z       - waiting for getByRole('dialog', { name: 'Import audio' }).getByRole('button', { name: 'Apply import' })
2026-10-02T22:27:42.4554456Z 
2026-10-02T22:27:42.4554462Z 
2026-10-02T22:27:42.4554562Z        at import-helpers.ts:7
2026-10-02T22:27:42.4554568Z 
2026-10-02T22:27:42.4554786Z        5 |   const dialog=page.getByRole('dialog',{name:'Import audio'});
2026-10-02T22:27:42.4554930Z        6 |   await expect(dialog).toBeVisible();
2026-10-02T22:27:42.4555204Z     >  7 |   await expect(dialog.getByRole('button',{name:'Apply import'})).toBeEnabled();
2026-10-02T22:27:42.4555375Z          |                                                                  ^
2026-10-02T22:27:42.4555598Z        8 |   await dialog.getByRole('button',{name:'Apply import'}).click();
2026-10-02T22:27:42.4555747Z        9 |   await expect(dialog).not.toBeVisible();
2026-10-02T22:27:42.4555961Z       10 | }
2026-10-02T22:27:42.4556359Z         at applyAudioImport (/home/runner/work/op-patchstudio/op-patchstudio/tests/e2e/import-helpers.ts:7:66)
2026-10-02T22:27:42.4556726Z         at /home/runner/work/op-patchstudio/op-patchstudio/tests/e2e/multisample-table-audit.spec.ts:40:80
2026-10-02T22:27:42.4556734Z 
2026-10-02T22:27:42.4557232Z     Error Context: test-results/multisample-table-audit-mu-f5980--supports-keyboard-audition-firefox-retry2/error-context.md
2026-10-02T22:27:42.4557239Z 
2026-10-02T22:27:42.4557744Z   23) [firefox] › tests/e2e/multisample-table-audit.spec.ts:32:131 › multisample table 390px supports keyboard audition 
2026-10-02T22:27:42.4557750Z 
2026-10-02T22:27:42.4557900Z     Error: expect(locator).toBeEnabled() failed
2026-10-02T22:27:42.4557912Z 
2026-10-02T22:27:42.4558236Z     Locator: getByRole('dialog', { name: 'Import audio' }).getByRole('button', { name: 'Apply import' })
2026-10-02T22:27:42.4558332Z     Expected: enabled
2026-10-02T22:27:42.4558421Z     Timeout: 5000ms
2026-10-02T22:27:42.4558532Z     Error: element(s) not found
2026-10-02T22:27:42.4558539Z 
2026-10-02T22:27:42.4558621Z     Call log:
2026-10-02T22:27:42.4559205Z       - Expect "toBeEnabled" getByRole('dialog', { name: 'Import audio' }).getByRole('button', { name: 'Apply import' }) with timeout 5000ms
2026-10-02T22:27:42.4559558Z       - waiting for getByRole('dialog', { name: 'Import audio' }).getByRole('button', { name: 'Apply import' })
2026-10-02T22:27:42.4559565Z 
2026-10-02T22:27:42.4559570Z 
2026-10-02T22:27:42.4559672Z        at import-helpers.ts:7
2026-10-02T22:27:42.4559678Z 
2026-10-02T22:27:42.4559891Z        5 |   const dialog=page.getByRole('dialog',{name:'Import audio'});
2026-10-02T22:27:42.4560130Z        6 |   await expect(dialog).toBeVisible();
2026-10-02T22:27:42.4560408Z     >  7 |   await expect(dialog.getByRole('button',{name:'Apply import'})).toBeEnabled();
2026-10-02T22:27:42.4560573Z          |                                                                  ^
2026-10-02T22:27:42.4560787Z        8 |   await dialog.getByRole('button',{name:'Apply import'}).click();
2026-10-02T22:27:42.4560939Z        9 |   await expect(dialog).not.toBeVisible();
2026-10-02T22:27:42.4561027Z       10 | }
2026-10-02T22:27:42.4561407Z         at applyAudioImport (/home/runner/work/op-patchstudio/op-patchstudio/tests/e2e/import-helpers.ts:7:66)
2026-10-02T22:27:42.4561773Z         at /home/runner/work/op-patchstudio/op-patchstudio/tests/e2e/multisample-table-audit.spec.ts:40:80
2026-10-02T22:27:42.4561780Z 
2026-10-02T22:27:42.4562237Z     Error Context: test-results/multisample-table-audit-mu-f5c63--supports-keyboard-audition-firefox/error-context.md
2026-10-02T22:27:42.4562244Z 
2026-10-02T22:27:42.4562607Z     Retry #1 ───────────────────────────────────────────────────────────────────────────────────────
2026-10-02T22:27:42.4562614Z 
2026-10-02T22:27:42.4562752Z     Error: expect(locator).toBeEnabled() failed
2026-10-02T22:27:42.4562758Z 
2026-10-02T22:27:42.4563083Z     Locator: getByRole('dialog', { name: 'Import audio' }).getByRole('button', { name: 'Apply import' })
2026-10-02T22:27:42.4563181Z     Expected: enabled
2026-10-02T22:27:42.4563265Z     Timeout: 5000ms
2026-10-02T22:27:42.4563392Z     Error: element(s) not found
2026-10-02T22:27:42.4563398Z 
2026-10-02T22:27:42.4563480Z     Call log:
2026-10-02T22:27:42.4563933Z       - Expect "toBeEnabled" getByRole('dialog', { name: 'Import audio' }).getByRole('button', { name: 'Apply import' }) with timeout 5000ms
2026-10-02T22:27:42.4564282Z       - waiting for getByRole('dialog', { name: 'Import audio' }).getByRole('button', { name: 'Apply import' })
2026-10-02T22:27:42.4564288Z 
2026-10-02T22:27:42.4564293Z 
2026-10-02T22:27:42.4564393Z        at import-helpers.ts:7
2026-10-02T22:27:42.4564407Z 
2026-10-02T22:27:42.4564616Z        5 |   const dialog=page.getByRole('dialog',{name:'Import audio'});
2026-10-02T22:27:42.4564759Z        6 |   await expect(dialog).toBeVisible();
2026-10-02T22:27:42.4565036Z     >  7 |   await expect(dialog.getByRole('button',{name:'Apply import'})).toBeEnabled();
2026-10-02T22:27:42.4565194Z          |                                                                  ^
2026-10-02T22:27:42.4565417Z        8 |   await dialog.getByRole('button',{name:'Apply import'}).click();
2026-10-02T22:27:42.4565567Z        9 |   await expect(dialog).not.toBeVisible();
2026-10-02T22:27:42.4565647Z       10 | }
2026-10-02T22:27:42.4566229Z         at applyAudioImport (/home/runner/work/op-patchstudio/op-patchstudio/tests/e2e/import-helpers.ts:7:66)
2026-10-02T22:27:42.4566605Z         at /home/runner/work/op-patchstudio/op-patchstudio/tests/e2e/multisample-table-audit.spec.ts:40:80
2026-10-02T22:27:42.4566612Z 
2026-10-02T22:27:42.4567109Z     Error Context: test-results/multisample-table-audit-mu-f5c63--supports-keyboard-audition-firefox-retry1/error-context.md
2026-10-02T22:27:42.4567122Z 
2026-10-02T22:27:42.4567519Z     attachment #2: trace (application/zip) ─────────────────────────────────────────────────────────
2026-10-02T22:27:42.4567927Z     test-results/multisample-table-audit-mu-f5c63--supports-keyboard-audition-firefox-retry1/trace.zip
2026-10-02T22:27:42.4568012Z     Usage:
2026-10-02T22:27:42.4568018Z 
2026-10-02T22:27:42.4568667Z         npx playwright show-trace test-results/multisample-table-audit-mu-f5c63--supports-keyboard-audition-firefox-retry1/trace.zip
2026-10-02T22:27:42.4568676Z 
2026-10-02T22:27:42.4569024Z     ────────────────────────────────────────────────────────────────────────────────────────────────
2026-10-02T22:27:42.4569031Z 
2026-10-02T22:27:42.4569379Z     Retry #2 ───────────────────────────────────────────────────────────────────────────────────────
2026-10-02T22:27:42.4569385Z 
2026-10-02T22:27:42.4569650Z     Error: expect(locator).toBeEnabled() failed
2026-10-02T22:27:42.4569656Z 
2026-10-02T22:27:42.4569980Z     Locator: getByRole('dialog', { name: 'Import audio' }).getByRole('button', { name: 'Apply import' })
2026-10-02T22:27:42.4570073Z     Expected: enabled
2026-10-02T22:27:42.4570164Z     Timeout: 5000ms
2026-10-02T22:27:42.4570273Z     Error: element(s) not found
2026-10-02T22:27:42.4570280Z 
2026-10-02T22:27:42.4570362Z     Call log:
2026-10-02T22:27:42.4570829Z       - Expect "toBeEnabled" getByRole('dialog', { name: 'Import audio' }).getByRole('button', { name: 'Apply import' }) with timeout 5000ms
2026-10-02T22:27:42.4571181Z       - waiting for getByRole('dialog', { name: 'Import audio' }).getByRole('button', { name: 'Apply import' })
2026-10-02T22:27:42.4571187Z 
2026-10-02T22:27:42.4571192Z 
2026-10-02T22:27:42.4571419Z        at import-helpers.ts:7
2026-10-02T22:27:42.4571427Z 
2026-10-02T22:27:42.4571650Z        5 |   const dialog=page.getByRole('dialog',{name:'Import audio'});
2026-10-02T22:27:42.4571795Z        6 |   await expect(dialog).toBeVisible();
2026-10-02T22:27:42.4572074Z     >  7 |   await expect(dialog.getByRole('button',{name:'Apply import'})).toBeEnabled();
2026-10-02T22:27:42.4572237Z          |                                                                  ^
2026-10-02T22:27:42.4572453Z        8 |   await dialog.getByRole('button',{name:'Apply import'}).click();
2026-10-02T22:27:42.4572604Z        9 |   await expect(dialog).not.toBeVisible();
2026-10-02T22:27:42.4572691Z       10 | }
2026-10-02T22:27:42.4573072Z         at applyAudioImport (/home/runner/work/op-patchstudio/op-patchstudio/tests/e2e/import-helpers.ts:7:66)
2026-10-02T22:27:42.4573437Z         at /home/runner/work/op-patchstudio/op-patchstudio/tests/e2e/multisample-table-audit.spec.ts:40:80
2026-10-02T22:27:42.4573443Z 
2026-10-02T22:27:42.4573940Z     Error Context: test-results/multisample-table-audit-mu-f5c63--supports-keyboard-audition-firefox-retry2/error-context.md
2026-10-02T22:27:42.4573947Z 
2026-10-02T22:27:42.4574531Z   24) [firefox] › tests/e2e/slicing.spec.ts:124:1 › slice source, live clock mark, apply, export, undo, and portable provenance round trip 
2026-10-02T22:27:42.4574538Z 
2026-10-02T22:27:42.4574678Z     Error: expect(locator).toBeVisible() failed
2026-10-02T22:27:42.4574685Z 
2026-10-02T22:27:42.4574995Z     Locator: getByRole('dialog', { name: 'slice audio' }).getByText('Sound 1 of 3', { exact: true })
2026-10-02T22:27:42.4575090Z     Expected: visible
2026-10-02T22:27:42.4575262Z     Timeout: 5000ms
2026-10-02T22:27:42.4575388Z     Error: element(s) not found
2026-10-02T22:27:42.4575395Z 
2026-10-02T22:27:42.4575477Z     Call log:
2026-10-02T22:27:42.4576056Z       - Expect "toBeVisible" getByRole('dialog', { name: 'slice audio' }).getByText('Sound 1 of 3', { exact: true }) with timeout 5000ms
2026-10-02T22:27:42.4576398Z       - waiting for getByRole('dialog', { name: 'slice audio' }).getByText('Sound 1 of 3', { exact: true })
2026-10-02T22:27:42.4576405Z 
2026-10-02T22:27:42.4576410Z 
2026-10-02T22:27:42.4576752Z       24 |   const dialog=page.getByRole('dialog',{name:'slice audio'});
2026-10-02T22:27:42.4576893Z       25 |   await expect(dialog).toBeVisible();
2026-10-02T22:27:42.4577271Z     > 26 |   await expect(dialog.getByText('Sound 1 of 3',{exact:true})).toBeVisible();
2026-10-02T22:27:42.4577440Z          |                                                               ^
2026-10-02T22:27:42.4577531Z       27 |   return dialog;
2026-10-02T22:27:42.4577717Z       28 | }
2026-10-02T22:27:42.4577866Z       29 |
2026-10-02T22:27:42.4578372Z         at openExternalSlicer (/home/runner/work/op-patchstudio/op-patchstudio/tests/e2e/slicing.spec.ts:26:63)
2026-10-02T22:27:42.4578680Z         at /home/runner/work/op-patchstudio/op-patchstudio/tests/e2e/slicing.spec.ts:131:14
2026-10-02T22:27:42.4578687Z 
2026-10-02T22:27:42.4579156Z     Error Context: test-results/slicing-slice-source-live--9b036-table-provenance-round-trip-firefox/error-context.md
2026-10-02T22:27:42.4579163Z 
2026-10-02T22:27:42.4579557Z     Retry #1 ───────────────────────────────────────────────────────────────────────────────────────
2026-10-02T22:27:42.4579564Z 
2026-10-02T22:27:42.4579711Z     Error: expect(locator).toBeVisible() failed
2026-10-02T22:27:42.4579717Z 
2026-10-02T22:27:42.4580031Z     Locator: getByRole('dialog', { name: 'slice audio' }).getByText('Sound 1 of 3', { exact: true })
2026-10-02T22:27:42.4580125Z     Expected: visible
2026-10-02T22:27:42.4580214Z     Timeout: 5000ms
2026-10-02T22:27:42.4580341Z     Error: element(s) not found
2026-10-02T22:27:42.4580348Z 
2026-10-02T22:27:42.4580431Z     Call log:
2026-10-02T22:27:42.4580876Z       - Expect "toBeVisible" getByRole('dialog', { name: 'slice audio' }).getByText('Sound 1 of 3', { exact: true }) with timeout 5000ms
2026-10-02T22:27:42.4581215Z       - waiting for getByRole('dialog', { name: 'slice audio' }).getByText('Sound 1 of 3', { exact: true })
2026-10-02T22:27:42.4581221Z 
2026-10-02T22:27:42.4581226Z 
2026-10-02T22:27:42.4581443Z       24 |   const dialog=page.getByRole('dialog',{name:'slice audio'});
2026-10-02T22:27:42.4581590Z       25 |   await expect(dialog).toBeVisible();
2026-10-02T22:27:42.4581855Z     > 26 |   await expect(dialog.getByText('Sound 1 of 3',{exact:true})).toBeVisible();
2026-10-02T22:27:42.4582014Z          |                                                               ^
2026-10-02T22:27:42.4582104Z       27 |   return dialog;
2026-10-02T22:27:42.4582189Z       28 | }
2026-10-02T22:27:42.4582275Z       29 |
2026-10-02T22:27:42.4582664Z         at openExternalSlicer (/home/runner/work/op-patchstudio/op-patchstudio/tests/e2e/slicing.spec.ts:26:63)
2026-10-02T22:27:42.4582962Z         at /home/runner/work/op-patchstudio/op-patchstudio/tests/e2e/slicing.spec.ts:131:14
2026-10-02T22:27:42.4582968Z 
2026-10-02T22:27:42.4583467Z     Error Context: test-results/slicing-slice-source-live--9b036-table-provenance-round-trip-firefox-retry1/error-context.md
2026-10-02T22:27:42.4583473Z 
2026-10-02T22:27:42.4583863Z     attachment #2: trace (application/zip) ─────────────────────────────────────────────────────────
2026-10-02T22:27:42.4584274Z     test-results/slicing-slice-source-live--9b036-table-provenance-round-trip-firefox-retry1/trace.zip
2026-10-02T22:27:42.4584358Z     Usage:
2026-10-02T22:27:42.4584365Z 
2026-10-02T22:27:42.4584882Z         npx playwright show-trace test-results/slicing-slice-source-live--9b036-table-provenance-round-trip-firefox-retry1/trace.zip
2026-10-02T22:27:42.4584889Z 
2026-10-02T22:27:42.4585417Z     ────────────────────────────────────────────────────────────────────────────────────────────────
2026-10-02T22:27:42.4585426Z 
2026-10-02T22:27:42.4585783Z     Retry #2 ───────────────────────────────────────────────────────────────────────────────────────
2026-10-02T22:27:42.4585791Z 
2026-10-02T22:27:42.4586103Z     Error: expect(locator).toBeVisible() failed
2026-10-02T22:27:42.4586111Z 
2026-10-02T22:27:42.4586410Z     Locator: getByRole('dialog', { name: 'slice audio' }).getByText('Sound 1 of 3', { exact: true })
2026-10-02T22:27:42.4586635Z     Expected: visible
2026-10-02T22:27:42.4586725Z     Timeout: 5000ms
2026-10-02T22:27:42.4586835Z     Error: element(s) not found
2026-10-02T22:27:42.4586841Z 
2026-10-02T22:27:42.4586924Z     Call log:
2026-10-02T22:27:42.4587366Z       - Expect "toBeVisible" getByRole('dialog', { name: 'slice audio' }).getByText('Sound 1 of 3', { exact: true }) with timeout 5000ms
2026-10-02T22:27:42.4587701Z       - waiting for getByRole('dialog', { name: 'slice audio' }).getByText('Sound 1 of 3', { exact: true })
2026-10-02T22:27:42.4587713Z 
2026-10-02T22:27:42.4587718Z 
2026-10-02T22:27:42.4587925Z       24 |   const dialog=page.getByRole('dialog',{name:'slice audio'});
2026-10-02T22:27:42.4588068Z       25 |   await expect(dialog).toBeVisible();
2026-10-02T22:27:42.4588333Z     > 26 |   await expect(dialog.getByText('Sound 1 of 3',{exact:true})).toBeVisible();
2026-10-02T22:27:42.4588488Z          |                                                               ^
2026-10-02T22:27:42.4588587Z       27 |   return dialog;
2026-10-02T22:27:42.4588704Z       28 | }
2026-10-02T22:27:42.4588786Z       29 |
2026-10-02T22:27:42.4589179Z         at openExternalSlicer (/home/runner/work/op-patchstudio/op-patchstudio/tests/e2e/slicing.spec.ts:26:63)
2026-10-02T22:27:42.4589472Z         at /home/runner/work/op-patchstudio/op-patchstudio/tests/e2e/slicing.spec.ts:131:14
2026-10-02T22:27:42.4589484Z 
2026-10-02T22:27:42.4589983Z     Error Context: test-results/slicing-slice-source-live--9b036-table-provenance-round-trip-firefox-retry2/error-context.md
2026-10-02T22:27:42.4589989Z 
2026-10-02T22:27:42.4590505Z   25) [firefox] › tests/e2e/slicing.spec.ts:256:1 › edited slicing session survives browser Back until explicitly discarded 
2026-10-02T22:27:42.4590513Z 
2026-10-02T22:27:42.4590658Z     Error: expect(locator).toBeVisible() failed
2026-10-02T22:27:42.4590664Z 
2026-10-02T22:27:42.4590965Z     Locator: getByRole('dialog', { name: 'slice audio' }).getByText('Sound 1 of 3', { exact: true })
2026-10-02T22:27:42.4591067Z     Expected: visible
2026-10-02T22:27:42.4591158Z     Timeout: 5000ms
2026-10-02T22:27:42.4591268Z     Error: element(s) not found
2026-10-02T22:27:42.4591274Z 
2026-10-02T22:27:42.4591356Z     Call log:
2026-10-02T22:27:42.4591803Z       - Expect "toBeVisible" getByRole('dialog', { name: 'slice audio' }).getByText('Sound 1 of 3', { exact: true }) with timeout 5000ms
2026-10-02T22:27:42.4592143Z       - waiting for getByRole('dialog', { name: 'slice audio' }).getByText('Sound 1 of 3', { exact: true })
2026-10-02T22:27:42.4592154Z 
2026-10-02T22:27:42.4592159Z 
2026-10-02T22:27:42.4592371Z       24 |   const dialog=page.getByRole('dialog',{name:'slice audio'});
2026-10-02T22:27:42.4592519Z       25 |   await expect(dialog).toBeVisible();
2026-10-02T22:27:42.4592788Z     > 26 |   await expect(dialog.getByText('Sound 1 of 3',{exact:true})).toBeVisible();
2026-10-02T22:27:42.4592942Z          |                                                               ^
2026-10-02T22:27:42.4593039Z       27 |   return dialog;
2026-10-02T22:27:42.4593122Z       28 | }
2026-10-02T22:27:42.4593204Z       29 |
2026-10-02T22:27:42.4593598Z         at openExternalSlicer (/home/runner/work/op-patchstudio/op-patchstudio/tests/e2e/slicing.spec.ts:26:63)
2026-10-02T22:27:42.4593895Z         at /home/runner/work/op-patchstudio/op-patchstudio/tests/e2e/slicing.spec.ts:258:16
2026-10-02T22:27:42.4593907Z 
2026-10-02T22:27:42.4594489Z     Error Context: test-results/slicing-edited-slicing-ses-ab870--until-explicitly-discarded-firefox/error-context.md
2026-10-02T22:27:42.4594498Z 
2026-10-02T22:27:42.4594858Z     Retry #1 ───────────────────────────────────────────────────────────────────────────────────────
2026-10-02T22:27:42.4594865Z 
2026-10-02T22:27:42.4595012Z     Error: expect(locator).toBeVisible() failed
2026-10-02T22:27:42.4595018Z 
2026-10-02T22:27:42.4595319Z     Locator: getByRole('dialog', { name: 'slice audio' }).getByText('Sound 1 of 3', { exact: true })
2026-10-02T22:27:42.4595413Z     Expected: visible
2026-10-02T22:27:42.4595585Z     Timeout: 5000ms
2026-10-02T22:27:42.4595695Z     Error: element(s) not found
2026-10-02T22:27:42.4595701Z 
2026-10-02T22:27:42.4595785Z     Call log:
2026-10-02T22:27:42.4596373Z       - Expect "toBeVisible" getByRole('dialog', { name: 'slice audio' }).getByText('Sound 1 of 3', { exact: true }) with timeout 5000ms
2026-10-02T22:27:42.4596702Z       - waiting for getByRole('dialog', { name: 'slice audio' }).getByText('Sound 1 of 3', { exact: true })
2026-10-02T22:27:42.4596717Z 
2026-10-02T22:27:42.4596722Z 
2026-10-02T22:27:42.4596937Z       24 |   const dialog=page.getByRole('dialog',{name:'slice audio'});
2026-10-02T22:27:42.4597080Z       25 |   await expect(dialog).toBeVisible();
2026-10-02T22:27:42.4597335Z     > 26 |   await expect(dialog.getByText('Sound 1 of 3',{exact:true})).toBeVisible();
2026-10-02T22:27:42.4597493Z          |                                                               ^
2026-10-02T22:27:42.4597587Z       27 |   return dialog;
2026-10-02T22:27:42.4597671Z       28 | }
2026-10-02T22:27:42.4597753Z       29 |
2026-10-02T22:27:42.4598141Z         at openExternalSlicer (/home/runner/work/op-patchstudio/op-patchstudio/tests/e2e/slicing.spec.ts:26:63)
2026-10-02T22:27:42.4598429Z         at /home/runner/work/op-patchstudio/op-patchstudio/tests/e2e/slicing.spec.ts:258:16
2026-10-02T22:27:42.4598435Z 
2026-10-02T22:27:42.4598933Z     Error Context: test-results/slicing-edited-slicing-ses-ab870--until-explicitly-discarded-firefox-retry1/error-context.md
2026-10-02T22:27:42.4598940Z 
2026-10-02T22:27:42.4599339Z     attachment #2: trace (application/zip) ─────────────────────────────────────────────────────────
2026-10-02T22:27:42.4599743Z     test-results/slicing-edited-slicing-ses-ab870--until-explicitly-discarded-firefox-retry1/trace.zip
2026-10-02T22:27:42.4599821Z     Usage:
2026-10-02T22:27:42.4599828Z 
2026-10-02T22:27:42.4600345Z         npx playwright show-trace test-results/slicing-edited-slicing-ses-ab870--until-explicitly-discarded-firefox-retry1/trace.zip
2026-10-02T22:27:42.4600359Z 
2026-10-02T22:27:42.4600697Z     ────────────────────────────────────────────────────────────────────────────────────────────────
2026-10-02T22:27:42.4600704Z 
2026-10-02T22:27:42.4601043Z     Retry #2 ───────────────────────────────────────────────────────────────────────────────────────
2026-10-02T22:27:42.4601055Z 
2026-10-02T22:27:42.4601194Z     Error: expect(locator).toBeVisible() failed
2026-10-02T22:27:42.4601200Z 
2026-10-02T22:27:42.4601637Z     Locator: getByRole('dialog', { name: 'slice audio' }).getByText('Sound 1 of 3', { exact: true })
2026-10-02T22:27:42.4601734Z     Expected: visible
2026-10-02T22:27:42.4601819Z     Timeout: 5000ms
2026-10-02T22:27:42.4601935Z     Error: element(s) not found
2026-10-02T22:27:42.4601942Z 
2026-10-02T22:27:42.4602019Z     Call log:
2026-10-02T22:27:42.4602459Z       - Expect "toBeVisible" getByRole('dialog', { name: 'slice audio' }).getByText('Sound 1 of 3', { exact: true }) with timeout 5000ms
2026-10-02T22:27:42.4602787Z       - waiting for getByRole('dialog', { name: 'slice audio' }).getByText('Sound 1 of 3', { exact: true })
2026-10-02T22:27:42.4602906Z 
2026-10-02T22:27:42.4602911Z 
2026-10-02T22:27:42.4603123Z       24 |   const dialog=page.getByRole('dialog',{name:'slice audio'});
2026-10-02T22:27:42.4603260Z       25 |   await expect(dialog).toBeVisible();
2026-10-02T22:27:42.4603522Z     > 26 |   await expect(dialog.getByText('Sound 1 of 3',{exact:true})).toBeVisible();
2026-10-02T22:27:42.4603684Z          |                                                               ^
2026-10-02T22:27:42.4603772Z       27 |   return dialog;
2026-10-02T22:27:42.4603856Z       28 | }
2026-10-02T22:27:42.4603937Z       29 |
2026-10-02T22:27:42.4604321Z         at openExternalSlicer (/home/runner/work/op-patchstudio/op-patchstudio/tests/e2e/slicing.spec.ts:26:63)
2026-10-02T22:27:42.4604615Z         at /home/runner/work/op-patchstudio/op-patchstudio/tests/e2e/slicing.spec.ts:258:16
2026-10-02T22:27:42.4604622Z 
2026-10-02T22:27:42.4605113Z     Error Context: test-results/slicing-edited-slicing-ses-ab870--until-explicitly-discarded-firefox-retry2/error-context.md
2026-10-02T22:27:42.4605123Z 
2026-10-02T22:27:42.4605617Z   26) [firefox] › tests/e2e/slicing.spec.ts:273:3 › slicer groups, disclosure keyboard access and fixed footer at 1280x720 
2026-10-02T22:27:42.4605624Z 
2026-10-02T22:27:42.4605768Z     Error: expect(locator).toBeVisible() failed
2026-10-02T22:27:42.4605775Z 
2026-10-02T22:27:42.4606218Z     Locator: getByRole('dialog', { name: 'slice audio' }).getByText('Sound 1 of 3', { exact: true })
2026-10-02T22:27:42.4606309Z     Expected: visible
2026-10-02T22:27:42.4606401Z     Timeout: 5000ms
2026-10-02T22:27:42.4606516Z     Error: element(s) not found
2026-10-02T22:27:42.4606523Z 
2026-10-02T22:27:42.4606600Z     Call log:
2026-10-02T22:27:42.4607037Z       - Expect "toBeVisible" getByRole('dialog', { name: 'slice audio' }).getByText('Sound 1 of 3', { exact: true }) with timeout 5000ms
2026-10-02T22:27:42.4607365Z       - waiting for getByRole('dialog', { name: 'slice audio' }).getByText('Sound 1 of 3', { exact: true })
2026-10-02T22:27:42.4607377Z 
2026-10-02T22:27:42.4607381Z 
2026-10-02T22:27:42.4607588Z       24 |   const dialog=page.getByRole('dialog',{name:'slice audio'});
2026-10-02T22:27:42.4607725Z       25 |   await expect(dialog).toBeVisible();
2026-10-02T22:27:42.4607983Z     > 26 |   await expect(dialog.getByText('Sound 1 of 3',{exact:true})).toBeVisible();
2026-10-02T22:27:42.4608144Z          |                                                               ^
2026-10-02T22:27:42.4608233Z       27 |   return dialog;
2026-10-02T22:27:42.4608319Z       28 | }
2026-10-02T22:27:42.4608395Z       29 |
2026-10-02T22:27:42.4608778Z         at openExternalSlicer (/home/runner/work/op-patchstudio/op-patchstudio/tests/e2e/slicing.spec.ts:26:63)
2026-10-02T22:27:42.4609069Z         at /home/runner/work/op-patchstudio/op-patchstudio/tests/e2e/slicing.spec.ts:274:88
2026-10-02T22:27:42.4609075Z 
2026-10-02T22:27:42.4609525Z     Error Context: test-results/slicing-slicer-groups-disc-4d65f-nd-fixed-footer-at-1280x720-firefox/error-context.md
2026-10-02T22:27:42.4609536Z 
2026-10-02T22:27:42.4609885Z     Retry #1 ───────────────────────────────────────────────────────────────────────────────────────
2026-10-02T22:27:42.4609892Z 
2026-10-02T22:27:42.4610034Z     Error: expect(locator).toBeVisible() failed
2026-10-02T22:27:42.4610040Z 
2026-10-02T22:27:42.4610468Z     Locator: getByRole('dialog', { name: 'slice audio' }).getByText('Sound 1 of 3', { exact: true })
2026-10-02T22:27:42.4610560Z     Expected: visible
2026-10-02T22:27:42.4610651Z     Timeout: 5000ms
2026-10-02T22:27:42.4610765Z     Error: element(s) not found
2026-10-02T22:27:42.4610771Z 
2026-10-02T22:27:42.4610848Z     Call log:
2026-10-02T22:27:42.4611286Z       - Expect "toBeVisible" getByRole('dialog', { name: 'slice audio' }).getByText('Sound 1 of 3', { exact: true }) with timeout 5000ms
2026-10-02T22:27:42.4611615Z       - waiting for getByRole('dialog', { name: 'slice audio' }).getByText('Sound 1 of 3', { exact: true })
2026-10-02T22:27:42.4611728Z 
2026-10-02T22:27:42.4611733Z 
2026-10-02T22:27:42.4611943Z       24 |   const dialog=page.getByRole('dialog',{name:'slice audio'});
2026-10-02T22:27:42.4612083Z       25 |   await expect(dialog).toBeVisible();
2026-10-02T22:27:42.4612344Z     > 26 |   await expect(dialog.getByText('Sound 1 of 3',{exact:true})).toBeVisible();
2026-10-02T22:27:42.4612507Z          |                                                               ^
2026-10-02T22:27:42.4612595Z       27 |   return dialog;
2026-10-02T22:27:42.4612680Z       28 | }
2026-10-02T22:27:42.4612756Z       29 |
2026-10-02T22:27:42.4613141Z         at openExternalSlicer (/home/runner/work/op-patchstudio/op-patchstudio/tests/e2e/slicing.spec.ts:26:63)
2026-10-02T22:27:42.4613433Z         at /home/runner/work/op-patchstudio/op-patchstudio/tests/e2e/slicing.spec.ts:274:88
2026-10-02T22:27:42.4613440Z 
2026-10-02T22:27:42.4613922Z     Error Context: test-results/slicing-slicer-groups-disc-4d65f-nd-fixed-footer-at-1280x720-firefox-retry1/error-context.md
2026-10-02T22:27:42.4613938Z 
2026-10-02T22:27:42.4614327Z     attachment #2: trace (application/zip) ─────────────────────────────────────────────────────────
2026-10-02T22:27:42.4614722Z     test-results/slicing-slicer-groups-disc-4d65f-nd-fixed-footer-at-1280x720-firefox-retry1/trace.zip
2026-10-02T22:27:42.4614806Z     Usage:
2026-10-02T22:27:42.4614812Z 
2026-10-02T22:27:42.4615325Z         npx playwright show-trace test-results/slicing-slicer-groups-disc-4d65f-nd-fixed-footer-at-1280x720-firefox-retry1/trace.zip
2026-10-02T22:27:42.4615333Z 
2026-10-02T22:27:42.4615675Z     ────────────────────────────────────────────────────────────────────────────────────────────────
2026-10-02T22:27:42.4615681Z 
2026-10-02T22:27:42.4616161Z     Retry #2 ───────────────────────────────────────────────────────────────────────────────────────
2026-10-02T22:27:42.4616169Z 
2026-10-02T22:27:42.4616316Z     Error: expect(locator).toBeVisible() failed
2026-10-02T22:27:42.4616336Z 
2026-10-02T22:27:42.4616638Z     Locator: getByRole('dialog', { name: 'slice audio' }).getByText('Sound 1 of 3', { exact: true })
2026-10-02T22:27:42.4616733Z     Expected: visible
2026-10-02T22:27:42.4616827Z     Timeout: 5000ms
2026-10-02T22:27:42.4616938Z     Error: element(s) not found
2026-10-02T22:27:42.4616945Z 
2026-10-02T22:27:42.4617030Z     Call log:
2026-10-02T22:27:42.4617602Z       - Expect "toBeVisible" getByRole('dialog', { name: 'slice audio' }).getByText('Sound 1 of 3', { exact: true }) with timeout 5000ms
2026-10-02T22:27:42.4617934Z       - waiting for getByRole('dialog', { name: 'slice audio' }).getByText('Sound 1 of 3', { exact: true })
2026-10-02T22:27:42.4617942Z 
2026-10-02T22:27:42.4617948Z 
2026-10-02T22:27:42.4618160Z       24 |   const dialog=page.getByRole('dialog',{name:'slice audio'});
2026-10-02T22:27:42.4618301Z       25 |   await expect(dialog).toBeVisible();
2026-10-02T22:27:42.4618558Z     > 26 |   await expect(dialog.getByText('Sound 1 of 3',{exact:true})).toBeVisible();
2026-10-02T22:27:42.4618818Z          |                                                               ^
2026-10-02T22:27:42.4618912Z       27 |   return dialog;
2026-10-02T22:27:42.4618990Z       28 | }
2026-10-02T22:27:42.4619072Z       29 |
2026-10-02T22:27:42.4619459Z         at openExternalSlicer (/home/runner/work/op-patchstudio/op-patchstudio/tests/e2e/slicing.spec.ts:26:63)
2026-10-02T22:27:42.4619754Z         at /home/runner/work/op-patchstudio/op-patchstudio/tests/e2e/slicing.spec.ts:274:88
2026-10-02T22:27:42.4619761Z 
2026-10-02T22:27:42.4620251Z     Error Context: test-results/slicing-slicer-groups-disc-4d65f-nd-fixed-footer-at-1280x720-firefox-retry2/error-context.md
2026-10-02T22:27:42.4620257Z 
2026-10-02T22:27:42.4620759Z   27) [firefox] › tests/e2e/slicing.spec.ts:273:3 › slicer groups, disclosure keyboard access and fixed footer at 390x640 
2026-10-02T22:27:42.4620766Z 
2026-10-02T22:27:42.4620906Z     Error: expect(locator).toBeVisible() failed
2026-10-02T22:27:42.4620923Z 
2026-10-02T22:27:42.4621223Z     Locator: getByRole('dialog', { name: 'slice audio' }).getByText('Sound 1 of 3', { exact: true })
2026-10-02T22:27:42.4621316Z     Expected: visible
2026-10-02T22:27:42.4621400Z     Timeout: 5000ms
2026-10-02T22:27:42.4621514Z     Error: element(s) not found
2026-10-02T22:27:42.4621520Z 
2026-10-02T22:27:42.4621603Z     Call log:
2026-10-02T22:27:42.4622040Z       - Expect "toBeVisible" getByRole('dialog', { name: 'slice audio' }).getByText('Sound 1 of 3', { exact: true }) with timeout 5000ms
2026-10-02T22:27:42.4622370Z       - waiting for getByRole('dialog', { name: 'slice audio' }).getByText('Sound 1 of 3', { exact: true })
2026-10-02T22:27:42.4622376Z 
2026-10-02T22:27:42.4622381Z 
2026-10-02T22:27:42.4622590Z       24 |   const dialog=page.getByRole('dialog',{name:'slice audio'});
2026-10-02T22:27:42.4622732Z       25 |   await expect(dialog).toBeVisible();
2026-10-02T22:27:42.4622988Z     > 26 |   await expect(dialog.getByText('Sound 1 of 3',{exact:true})).toBeVisible();
2026-10-02T22:27:42.4623151Z          |                                                               ^
2026-10-02T22:27:42.4623243Z       27 |   return dialog;
2026-10-02T22:27:42.4623320Z       28 | }
2026-10-02T22:27:42.4623404Z       29 |
2026-10-02T22:27:42.4623788Z         at openExternalSlicer (/home/runner/work/op-patchstudio/op-patchstudio/tests/e2e/slicing.spec.ts:26:63)
2026-10-02T22:27:42.4624078Z         at /home/runner/work/op-patchstudio/op-patchstudio/tests/e2e/slicing.spec.ts:274:88
2026-10-02T22:27:42.4624084Z 
2026-10-02T22:27:42.4624536Z     Error Context: test-results/slicing-slicer-groups-disc-014e1-and-fixed-footer-at-390x640-firefox/error-context.md
2026-10-02T22:27:42.4624542Z 
2026-10-02T22:27:42.4624894Z     Retry #1 ───────────────────────────────────────────────────────────────────────────────────────
2026-10-02T22:27:42.4624902Z 
2026-10-02T22:27:42.4625039Z     Error: expect(locator).toBeVisible() failed
2026-10-02T22:27:42.4625050Z 
2026-10-02T22:27:42.4625347Z     Locator: getByRole('dialog', { name: 'slice audio' }).getByText('Sound 1 of 3', { exact: true })
2026-10-02T22:27:42.4625448Z     Expected: visible
2026-10-02T22:27:42.4625533Z     Timeout: 5000ms
2026-10-02T22:27:42.4625646Z     Error: element(s) not found
2026-10-02T22:27:42.4625652Z 
2026-10-02T22:27:42.4625733Z     Call log:
2026-10-02T22:27:42.4626297Z       - Expect "toBeVisible" getByRole('dialog', { name: 'slice audio' }).getByText('Sound 1 of 3', { exact: true }) with timeout 5000ms
2026-10-02T22:27:42.4626757Z       - waiting for getByRole('dialog', { name: 'slice audio' }).getByText('Sound 1 of 3', { exact: true })
2026-10-02T22:27:42.4626765Z 
2026-10-02T22:27:42.4626769Z 
2026-10-02T22:27:42.4626981Z       24 |   const dialog=page.getByRole('dialog',{name:'slice audio'});
2026-10-02T22:27:42.4627121Z       25 |   await expect(dialog).toBeVisible();
2026-10-02T22:27:42.4627377Z     > 26 |   await expect(dialog.getByText('Sound 1 of 3',{exact:true})).toBeVisible();
2026-10-02T22:27:42.4627535Z          |                                                               ^
2026-10-02T22:27:42.4627735Z       27 |   return dialog;
2026-10-02T22:27:42.4627813Z       28 | }
2026-10-02T22:27:42.4627896Z       29 |
2026-10-02T22:27:42.4628278Z         at openExternalSlicer (/home/runner/work/op-patchstudio/op-patchstudio/tests/e2e/slicing.spec.ts:26:63)
2026-10-02T22:27:42.4628574Z         at /home/runner/work/op-patchstudio/op-patchstudio/tests/e2e/slicing.spec.ts:274:88
2026-10-02T22:27:42.4628584Z 
2026-10-02T22:27:42.4629071Z     Error Context: test-results/slicing-slicer-groups-disc-014e1-and-fixed-footer-at-390x640-firefox-retry1/error-context.md
2026-10-02T22:27:42.4629078Z 
2026-10-02T22:27:42.4629481Z     attachment #2: trace (application/zip) ─────────────────────────────────────────────────────────
2026-10-02T22:27:42.4629881Z     test-results/slicing-slicer-groups-disc-014e1-and-fixed-footer-at-390x640-firefox-retry1/trace.zip
2026-10-02T22:27:42.4629965Z     Usage:
2026-10-02T22:27:42.4629972Z 
2026-10-02T22:27:42.4630489Z         npx playwright show-trace test-results/slicing-slicer-groups-disc-014e1-and-fixed-footer-at-390x640-firefox-retry1/trace.zip
2026-10-02T22:27:42.4630495Z 
2026-10-02T22:27:42.4630826Z     ────────────────────────────────────────────────────────────────────────────────────────────────
2026-10-02T22:27:42.4630839Z 
2026-10-02T22:27:42.4631176Z     Retry #2 ───────────────────────────────────────────────────────────────────────────────────────
2026-10-02T22:27:42.4631195Z 
2026-10-02T22:27:42.4631340Z     Error: expect(locator).toBeVisible() failed
2026-10-02T22:27:42.4631347Z 
2026-10-02T22:27:42.4631650Z     Locator: getByRole('dialog', { name: 'slice audio' }).getByText('Sound 1 of 3', { exact: true })
2026-10-02T22:27:42.4631739Z     Expected: visible
2026-10-02T22:27:42.4631829Z     Timeout: 5000ms
2026-10-02T22:27:42.4631943Z     Error: element(s) not found
2026-10-02T22:27:42.4631950Z 
2026-10-02T22:27:42.4632028Z     Call log:
2026-10-02T22:27:42.4632465Z       - Expect "toBeVisible" getByRole('dialog', { name: 'slice audio' }).getByText('Sound 1 of 3', { exact: true }) with timeout 5000ms
2026-10-02T22:27:42.4632802Z       - waiting for getByRole('dialog', { name: 'slice audio' }).getByText('Sound 1 of 3', { exact: true })
2026-10-02T22:27:42.4632809Z 
2026-10-02T22:27:42.4632814Z 
2026-10-02T22:27:42.4633019Z       24 |   const dialog=page.getByRole('dialog',{name:'slice audio'});
2026-10-02T22:27:42.4633160Z       25 |   await expect(dialog).toBeVisible();
2026-10-02T22:27:42.4633425Z     > 26 |   await expect(dialog.getByText('Sound 1 of 3',{exact:true})).toBeVisible();
2026-10-02T22:27:42.4633576Z          |                                                               ^
2026-10-02T22:27:42.4633669Z       27 |   return dialog;
2026-10-02T22:27:42.4633752Z       28 | }
2026-10-02T22:27:42.4633830Z       29 |
2026-10-02T22:27:42.4634214Z         at openExternalSlicer (/home/runner/work/op-patchstudio/op-patchstudio/tests/e2e/slicing.spec.ts:26:63)
2026-10-02T22:27:42.4634504Z         at /home/runner/work/op-patchstudio/op-patchstudio/tests/e2e/slicing.spec.ts:274:88
2026-10-02T22:27:42.4634514Z 
2026-10-02T22:27:42.4634995Z     Error Context: test-results/slicing-slicer-groups-disc-014e1-and-fixed-footer-at-390x640-firefox-retry2/error-context.md
2026-10-02T22:27:42.4635002Z 
2026-10-02T22:27:42.4635083Z   27 failed
2026-10-02T22:27:42.4635785Z     [firefox] › tests/e2e/drum-row-actions-audit.spec.ts:3:31 › drum 1440px row Play Record Slice and settings preview retain the instrument 
2026-10-02T22:27:42.4636499Z     [firefox] › tests/e2e/drum-row-actions-audit.spec.ts:3:31 › drum 390px row Play Record Slice and settings preview retain the instrument 
2026-10-02T22:27:42.4637023Z     [firefox] › tests/e2e/file-entry-audit.spec.ts:9:56 › drum Browse folder reviews files and Cancel keeps the empty instrument 
2026-10-02T22:27:42.4637573Z     [firefox] › tests/e2e/file-entry-audit.spec.ts:9:56 › multisample Browse folder reviews files and Cancel keeps the empty instrument 
2026-10-02T22:27:42.4638323Z     [firefox] › tests/e2e/file-entry-audit.spec.ts:19:1 › drum import rejects malformed OP-1 files, auditions unassigned audio, and opens setup help 
2026-10-02T22:27:42.4638756Z     [firefox] › tests/e2e/file-entry-audit.spec.ts:25:1 › mobile empty drum table browse loads the chosen pad 
2026-10-02T22:27:42.4639273Z     [firefox] › tests/e2e/file-entry-audit.spec.ts:29:1 › multisample import inclusion and root edits commit together and Undo 
2026-10-02T22:27:42.4639830Z     [firefox] › tests/e2e/file-entry-audit.spec.ts:35:1 › export preflight edits name and includes unassigned sound only when requested 
2026-10-02T22:27:42.4640319Z     [firefox] › tests/e2e/file-entry-audit.spec.ts:47:1 › multisample zone selection and note naming do not change roots 
2026-10-02T22:27:42.4640839Z     [firefox] › tests/e2e/file-entry-audit.spec.ts:52:31 › multisample empty table 1440px browse and waveform draft cancellation 
2026-10-02T22:27:42.4641349Z     [firefox] › tests/e2e/file-entry-audit.spec.ts:52:31 › multisample empty table 390px browse and waveform draft cancellation 
2026-10-02T22:27:42.4641788Z     [firefox] › tests/e2e/file-entry-audit.spec.ts:56:1 › organize row drops choose the intended empty pads 
2026-10-02T22:27:42.4642317Z     [firefox] › tests/e2e/file-entry-audit.spec.ts:66:1 › an empty multisample key selects the root for the nearby Add sounds chooser 
2026-10-02T22:27:42.4642860Z     [firefox] › tests/e2e/focus-entry-audit.spec.ts:5:56 › drum focus import record and clear entry points preserve reviewed audio 
2026-10-02T22:27:42.4643425Z     [firefox] › tests/e2e/focus-entry-audit.spec.ts:5:56 › multisample focus import record and clear entry points preserve reviewed audio 
2026-10-02T22:27:42.4644025Z     [firefox] › tests/e2e/instrument-utility-audit.spec.ts:7:56 › multisample clear reset defaults and pin controls preserve Undo and persistence 
2026-10-02T22:27:42.4644590Z     [firefox] › tests/e2e/marker-actions-audit.spec.ts:5:56 › drum zero-crossing action changes markers atomically and Undo restores them 
2026-10-02T22:27:42.4645196Z     [firefox] › tests/e2e/marker-actions-audit.spec.ts:5:56 › multisample zero-crossing action changes markers atomically and Undo restores them 
2026-10-02T22:27:42.4645945Z     [firefox] › tests/e2e/mobile-row-drop-audit.spec.ts:5:1 › dropping onto an occupied mobile multisample row requires review and Cancel preserves it 
2026-10-02T22:27:42.4646478Z     [firefox] › tests/e2e/multisample-table-audit.spec.ts:7:31 › multisample table 1440px root editing replace clear and Undo 
2026-10-02T22:27:42.4646993Z     [firefox] › tests/e2e/multisample-table-audit.spec.ts:7:31 › multisample table 390px root editing replace clear and Undo 
2026-10-02T22:27:42.4647475Z     [firefox] › tests/e2e/multisample-table-audit.spec.ts:32:131 › multisample table 1440px supports keyboard audition 
2026-10-02T22:27:42.4647945Z     [firefox] › tests/e2e/multisample-table-audit.spec.ts:32:131 › multisample table 390px supports keyboard audition 
2026-10-02T22:27:42.4648496Z     [firefox] › tests/e2e/slicing.spec.ts:124:1 › slice source, live clock mark, apply, export, undo, and portable provenance round trip 
2026-10-02T22:27:42.4648996Z     [firefox] › tests/e2e/slicing.spec.ts:256:1 › edited slicing session survives browser Back until explicitly discarded 
2026-10-02T22:27:42.4649473Z     [firefox] › tests/e2e/slicing.spec.ts:273:3 › slicer groups, disclosure keyboard access and fixed footer at 1280x720 
2026-10-02T22:27:42.4650065Z     [firefox] › tests/e2e/slicing.spec.ts:273:3 › slicer groups, disclosure keyboard access and fixed footer at 390x640 
2026-10-02T22:27:42.4650157Z   1 skipped
2026-10-02T22:27:42.4650256Z   52 passed (16.5m)
2026-10-02T22:27:42.4652859Z ##[error]Process completed with exit code 1.
2026-10-02T22:27:42.4742093Z ##[group]Run actions/upload-artifact@v4
2026-10-02T22:27:42.4742189Z with:
2026-10-02T22:27:42.4742325Z   name: browser-regression-failures-firefox
2026-10-02T22:27:42.4742410Z   path: test-results
2026-10-02T22:27:42.4742498Z   retention-days: 14
2026-10-02T22:27:42.4742764Z   if-no-files-found: warn
2026-10-02T22:27:42.4742850Z   compression-level: 6
2026-10-02T22:27:42.4742934Z   overwrite: false
2026-10-02T22:27:42.4743029Z   include-hidden-files: false
2026-10-02T22:27:42.4743115Z ##[endgroup]
2026-10-02T22:27:42.6358096Z (node:25519) [DEP0040] DeprecationWarning: The `punycode` module is deprecated. Please use a userland alternative instead.
2026-10-02T22:27:42.6359605Z (Use `node --trace-deprecation ...` to show where the warning was created)
2026-10-02T22:27:42.6968666Z With the provided path, there will be 108 files uploaded
2026-10-02T22:27:42.6969608Z Artifact name is valid!
2026-10-02T22:27:42.6970106Z Root directory input is valid!
2026-10-02T22:27:42.9196049Z Beginning upload of artifact content to blob storage
2026-10-02T22:27:43.2295040Z (node:25519) [DEP0169] DeprecationWarning: `url.parse()` behavior is not standardized and prone to errors that have security implications. Use the WHATWG URL API instead. CVEs are not issued for `url.parse()` vulnerabilities.
2026-10-02T22:27:43.4004435Z Uploaded bytes 8388608
2026-10-02T22:27:43.7172547Z Uploaded bytes 16777216
2026-10-02T22:27:44.0326471Z Uploaded bytes 25165824
2026-10-02T22:27:44.3758238Z Uploaded bytes 33554432
2026-10-02T22:27:44.4248821Z Uploaded bytes 34887755
2026-10-02T22:27:44.4442752Z Finished uploading artifact content to blob storage!
2026-10-02T22:27:44.4446311Z SHA256 digest of uploaded artifact zip is 05c92c88a11832412776d143676ff3c3a5eaf894ba15d8ac3b898cbd127f3ed5
2026-10-02T22:27:44.4448343Z Finalizing artifact upload
2026-10-02T22:27:44.6410141Z Artifact browser-regression-failures-firefox.zip successfully finalized. Artifact ID 11255590967
2026-10-02T22:27:44.6412074Z Artifact browser-regression-failures-firefox has been successfully uploaded! Final size is 34887755 bytes. Artifact ID is 11255590967
2026-10-02T22:27:44.6419049Z Artifact download URL: https://github.com/sscommander79/op-patchstudio/actions/runs/37070991176/artifacts/11255590967
2026-10-02T22:27:44.6629987Z Post job cleanup.
2026-10-02T22:27:44.7606671Z [command]/usr/bin/git version
2026-10-02T22:27:44.7628210Z git version 2.55.0
2026-10-02T22:27:44.7667123Z Temporarily overriding HOME='/home/runner/work/_temp/94615d20-fdd3-4f1f-b579-d4ebebae789b' before making global git config changes
2026-10-02T22:27:44.7669020Z Adding repository directory to the temporary git global config as a safe directory
2026-10-02T22:27:44.7673906Z [command]/usr/bin/git config --global --add safe.directory /home/runner/work/op-patchstudio/op-patchstudio
2026-10-02T22:27:44.7757272Z [command]/usr/bin/git config --local --name-only --get-regexp core\.sshCommand
2026-10-02T22:27:44.7772603Z [command]/usr/bin/git submodule foreach --recursive sh -c "git config --local --name-only --get-regexp 'core\.sshCommand' && git config --local --unset-all 'core.sshCommand' || :"
2026-10-02T22:27:44.8072386Z [command]/usr/bin/git config --local --name-only --get-regexp http\.https\:\/\/github\.com\/\.extraheader
2026-10-02T22:27:44.8107539Z http.https://github.com/.extraheader
2026-10-02T22:27:44.8123803Z [command]/usr/bin/git config --local --unset-all http.https://github.com/.extraheader
2026-10-02T22:27:44.8176214Z [command]/usr/bin/git submodule foreach --recursive sh -c "git config --local --name-only --get-regexp 'http\.https\:\/\/github\.com\/\.extraheader' && git config --local --unset-all 'http.https://github.com/.extraheader' || :"
2026-10-02T22:27:44.8543766Z [command]/usr/bin/git config --local --name-only --get-regexp ^includeIf\.gitdir:
2026-10-02T22:27:44.8627517Z [command]/usr/bin/git submodule foreach --recursive git config --local --show-origin --name-only --get-regexp remote.origin.url
2026-10-02T22:27:44.9105742Z Cleaning up orphan processes
2026-10-02T22:27:44.9489578Z ##[warning]Node.js 20 is deprecated. The following actions target Node.js 20 but are being forced to run on Node.js 24: actions/checkout@v4, actions/setup-node@v4, actions/upload-artifact@v4. For more information see: https://github.blog/changelog/2025-09-19-deprecation-of-node-20-on-github-actions-runners/
